2026-08-08 13:08:41.733 +05:30 [INF] HTTP GET /api/customers responded 401 in 236.0255 ms
2026-08-08 13:08:42.304 +05:30 [INF] HTTP POST /api/auth/refresh responded 422 in 545.2812 ms
2026-08-08 13:08:59.166 +05:30 [INF] HTTP POST /api/auth/login responded 422 in 667.7271 ms
2026-08-08 16:36:44.010 +05:30 [INF] HTTP GET /health responded 200 in 286.1223 ms
2026-08-08 16:39:42.897 +05:30 [INF] HTTP POST /api/auth/login responded 200 in 487.2551 ms
2026-08-08 16:39:42.980 +05:30 [INF] Handling GetDashboardQuery
2026-08-08 16:39:43.086 +05:30 [INF] Handled GetDashboardQuery in 106ms
2026-08-08 16:39:43.091 +05:30 [INF] HTTP GET /api/dashboard responded 200 in 122.8339 ms
2026-08-08 16:39:51.268 +05:30 [INF] Handling GetCustomersQuery
2026-08-08 16:39:51.300 +05:30 [INF] Handled GetCustomersQuery in 32ms
2026-08-08 16:39:51.302 +05:30 [INF] HTTP GET /api/customers responded 200 in 40.3497 ms
2026-08-08 16:39:52.504 +05:30 [INF] Handling GetCustomersQuery
2026-08-08 16:39:52.545 +05:30 [INF] Handled GetCustomersQuery in 41ms
2026-08-08 16:39:52.546 +05:30 [INF] HTTP GET /api/customers responded 200 in 42.7136 ms
2026-08-08 16:39:53.595 +05:30 [INF] Handling GetSuppliersQuery
2026-08-08 16:39:53.641 +05:30 [INF] Handled GetSuppliersQuery in 45ms
2026-08-08 16:39:53.644 +05:30 [INF] HTTP GET /api/suppliers responded 200 in 52.8062 ms
2026-08-08 16:39:54.823 +05:30 [INF] Handling GetSuppliersQuery
2026-08-08 16:39:54.825 +05:30 [INF] Handling GetPurchasesQuery
2026-08-08 16:39:54.842 +05:30 [INF] Handled GetSuppliersQuery in 19ms
2026-08-08 16:39:54.843 +05:30 [INF] HTTP GET /api/suppliers responded 200 in 20.9140 ms
2026-08-08 16:39:54.854 +05:30 [INF] Handled GetPurchasesQuery in 29ms
2026-08-08 16:39:54.857 +05:30 [INF] HTTP GET /api/purchases responded 200 in 36.0167 ms
2026-08-08 16:39:58.237 +05:30 [INF] Handling GetProfitLossReportQuery
2026-08-08 16:39:58.293 +05:30 [INF] Handled GetProfitLossReportQuery in 55ms
2026-08-08 16:39:58.294 +05:30 [INF] HTTP GET /api/reports/profit-loss responded 200 in 61.9827 ms
2026-08-08 16:40:03.410 +05:30 [INF] Handling GetSalesReportQuery
2026-08-08 16:40:03.446 +05:30 [INF] Handled GetSalesReportQuery in 35ms
2026-08-08 16:40:03.449 +05:30 [INF] HTTP GET /api/reports/sales responded 200 in 84.2499 ms
2026-08-08 16:40:33.076 +05:30 [INF] Handling GetSalesQuery
2026-08-08 16:40:33.106 +05:30 [INF] Handled GetSalesQuery in 29ms
2026-08-08 16:40:33.140 +05:30 [INF] HTTP GET /api/sales responded 200 in 67.2230 ms
2026-08-08 16:40:34.114 +05:30 [INF] Handling GetProductsQuery
2026-08-08 16:40:34.145 +05:30 [INF] Handled GetProductsQuery in 31ms
2026-08-08 16:40:34.146 +05:30 [INF] HTTP GET /api/products responded 200 in 34.4034 ms
2026-08-08 16:43:05.113 +05:30 [INF] Handling GetDashboardQuery
2026-08-08 16:43:05.381 +05:30 [INF] Handled GetDashboardQuery in 267ms
2026-08-08 16:43:05.382 +05:30 [INF] HTTP GET /api/dashboard responded 200 in 271.3394 ms
2026-08-08 16:48:40.547 +05:30 [INF] User profile is available. Using 'C:\Users\susha\AppData\Local\ASP.NET\DataProtection-Keys' as key repository and Windows DPAPI to encrypt keys at rest.
2026-08-08 16:48:40.784 +05:30 [INF] Now listening on: https://localhost:55788
2026-08-08 16:48:40.784 +05:30 [INF] Now listening on: http://localhost:55789
2026-08-08 16:48:40.786 +05:30 [INF] Application started. Press Ctrl+C to shut down.
2026-08-08 16:48:40.787 +05:30 [INF] Hosting environment: Development
2026-08-08 16:48:40.787 +05:30 [INF] Content root path: D:\Projects\ERP\NewShop\src\Billing.API
2026-08-08 16:48:53.751 +05:30 [INF] Request starting HTTP/1.1 GET http://localhost:55789/health - null null
2026-08-08 16:48:54.336 +05:30 [INF] Executing endpoint 'HTTP: GET /health'
2026-08-08 16:48:54.345 +05:30 [INF] Setting HTTP status code 200.
2026-08-08 16:48:54.362 +05:30 [INF] Writing value of type '<>f__AnonymousType0`2' as Json.
2026-08-08 16:48:54.374 +05:30 [INF] Executed endpoint 'HTTP: GET /health'
2026-08-08 16:48:54.376 +05:30 [INF] HTTP GET /health responded 200 in 606.2346 ms
2026-08-08 16:48:54.378 +05:30 [INF] Request finished HTTP/1.1 GET http://localhost:55789/health - 200 null application/json; charset=utf-8 628.1318ms
2026-08-08 16:49:17.427 +05:30 [INF] User profile is available. Using 'C:\Users\susha\AppData\Local\ASP.NET\DataProtection-Keys' as key repository and Windows DPAPI to encrypt keys at rest.
2026-08-08 16:49:17.534 +05:30 [INF] Now listening on: http://localhost:5000
2026-08-08 16:49:17.537 +05:30 [INF] Application started. Press Ctrl+C to shut down.
2026-08-08 16:49:17.537 +05:30 [INF] Hosting environment: Development
2026-08-08 16:49:17.537 +05:30 [INF] Content root path: D:\Projects\ERP\NewShop\src\Billing.API
2026-08-08 16:49:22.923 +05:30 [INF] Request starting HTTP/1.1 GET http://localhost:5000/health - null null
2026-08-08 16:49:23.087 +05:30 [INF] Executing endpoint 'HTTP: GET /health'
2026-08-08 16:49:23.100 +05:30 [INF] Setting HTTP status code 200.
2026-08-08 16:49:23.152 +05:30 [INF] Writing value of type '<>f__AnonymousType0`2' as Json.
2026-08-08 16:49:23.178 +05:30 [INF] Executed endpoint 'HTTP: GET /health'
2026-08-08 16:49:23.183 +05:30 [INF] HTTP GET /health responded 200 in 197.8763 ms
2026-08-08 16:49:23.187 +05:30 [INF] Request finished HTTP/1.1 GET http://localhost:5000/health - 200 null application/json; charset=utf-8 267.6771ms
2026-08-08 16:50:02.453 +05:30 [INF] Request starting HTTP/1.1 GET http://localhost:5000/api/dashboard?from=2026-07-09&to=2026-08-08 - null null
2026-08-08 16:50:02.674 +05:30 [INF] Executing endpoint 'Billing.API.Controllers.DashboardController.GetDashboard (Billing.API)'
2026-08-08 16:50:02.745 +05:30 [INF] Route matched with {action = "GetDashboard", controller = "Dashboard"}. Executing controller action with signature System.Threading.Tasks.Task`1[Microsoft.AspNetCore.Mvc.IActionResult] GetDashboard(System.Nullable`1[System.DateTime], System.Nullable`1[System.DateTime], System.Threading.CancellationToken) on controller Billing.API.Controllers.DashboardController (Billing.API).
2026-08-08 16:50:02.807 +05:30 [INF] Handling GetDashboardQuery
2026-08-08 16:50:11.161 +05:30 [WRN] Redis connection failed; falling back to in-memory cache.
StackExchange.Redis.RedisConnectionException: It was not possible to connect to the redis server(s). Error connecting right now. To allow this multiplexer to continue retrying until it's able to connect, use abortConnect=false in your connection string or AbortOnConnectFail=false; in your code.
   at StackExchange.Redis.ConnectionMultiplexer.ConnectImplAsync(ConfigurationOptions configuration, TextWriter writer, Nullable`1 serverType) in /_/src/StackExchange.Redis/ConnectionMultiplexer.cs:line 620
   at Billing.Infrastructure.Caching.RedisCacheService.GetDatabaseAsync() in D:\Projects\ERP\NewShop\src\Billing.Infrastructure\Caching\RedisCacheService.cs:line 44
2026-08-08 16:50:12.261 +05:30 [INF] Handled GetDashboardQuery in 9454ms
2026-08-08 16:50:12.280 +05:30 [INF] Executing OkObjectResult, writing value of type 'Billing.Shared.Results.Result`1[[Billing.Application.DTOs.DashboardDto, Billing.Application, Version=1.0.0.0, Culture=neutral, PublicKeyToken=null]]'.
2026-08-08 16:50:12.390 +05:30 [INF] Executed action Billing.API.Controllers.DashboardController.GetDashboard (Billing.API) in 9636.1244ms
2026-08-08 16:50:12.391 +05:30 [INF] Executed endpoint 'Billing.API.Controllers.DashboardController.GetDashboard (Billing.API)'
2026-08-08 16:50:12.398 +05:30 [INF] HTTP GET /api/dashboard responded 200 in 9941.5832 ms
2026-08-08 16:50:12.400 +05:30 [INF] Request finished HTTP/1.1 GET http://localhost:5000/api/dashboard?from=2026-07-09&to=2026-08-08 - 200 null application/json; charset=utf-8 9946.6462ms
2026-08-08 16:50:16.588 +05:30 [INF] Request starting HTTP/1.1 GET http://localhost:5000/api/customers?page=1&pageSize=50 - null null
2026-08-08 16:50:16.606 +05:30 [INF] Executing endpoint 'Billing.API.Controllers.CustomersController.GetCustomers (Billing.API)'
2026-08-08 16:50:16.622 +05:30 [INF] Route matched with {action = "GetCustomers", controller = "Customers"}. Executing controller action with signature System.Threading.Tasks.Task`1[Microsoft.AspNetCore.Mvc.IActionResult] GetCustomers(Int32, Int32, System.String, System.Threading.CancellationToken) on controller Billing.API.Controllers.CustomersController (Billing.API).
2026-08-08 16:50:16.631 +05:30 [INF] Handling GetCustomersQuery
2026-08-08 16:50:17.013 +05:30 [INF] Handled GetCustomersQuery in 382ms
2026-08-08 16:50:17.015 +05:30 [INF] Executing OkObjectResult, writing value of type 'Billing.Shared.Results.Result`1[[Billing.Application.Common.PagedResult`1[[Billing.Application.DTOs.CustomerDto, Billing.Application, Version=1.0.0.0, Culture=neutral, PublicKeyToken=null]], Billing.Application, Version=1.0.0.0, Culture=neutral, PublicKeyToken=null]]'.
2026-08-08 16:50:17.033 +05:30 [INF] Executed action Billing.API.Controllers.CustomersController.GetCustomers (Billing.API) in 411.1943ms
2026-08-08 16:50:17.033 +05:30 [INF] Executed endpoint 'Billing.API.Controllers.CustomersController.GetCustomers (Billing.API)'
2026-08-08 16:50:17.034 +05:30 [INF] HTTP GET /api/customers responded 200 in 443.0756 ms
2026-08-08 16:50:17.034 +05:30 [INF] Request finished HTTP/1.1 GET http://localhost:5000/api/customers?page=1&pageSize=50 - 200 null application/json; charset=utf-8 445.9124ms
2026-08-08 16:50:19.129 +05:30 [INF] Request starting HTTP/1.1 GET http://localhost:5000/api/sales?page=1&pageSize=10 - null null
2026-08-08 16:50:19.135 +05:30 [INF] Executing endpoint 'Billing.API.Controllers.SalesController.GetSales (Billing.API)'
2026-08-08 16:50:19.145 +05:30 [INF] Route matched with {action = "GetSales", controller = "Sales"}. Executing controller action with signature System.Threading.Tasks.Task`1[Microsoft.AspNetCore.Mvc.IActionResult] GetSales(System.Nullable`1[System.DateTime], System.Nullable`1[System.DateTime], Int32, Int32, System.Threading.CancellationToken) on controller Billing.API.Controllers.SalesController (Billing.API).
2026-08-08 16:50:19.151 +05:30 [INF] Handling GetSalesQuery
2026-08-08 16:50:19.223 +05:30 [INF] Handled GetSalesQuery in 71ms
2026-08-08 16:50:19.223 +05:30 [INF] Executing OkObjectResult, writing value of type 'Billing.Shared.Results.Result`1[[Billing.Application.Common.PagedResult`1[[Billing.Application.DTOs.Sales.SaleDto, Billing.Application, Version=1.0.0.0, Culture=neutral, PublicKeyToken=null]], Billing.Application, Version=1.0.0.0, Culture=neutral, PublicKeyToken=null]]'.
2026-08-08 16:50:19.300 +05:30 [INF] Executed action Billing.API.Controllers.SalesController.GetSales (Billing.API) in 153.8635ms
2026-08-08 16:50:19.300 +05:30 [INF] Executed endpoint 'Billing.API.Controllers.SalesController.GetSales (Billing.API)'
2026-08-08 16:50:19.300 +05:30 [INF] HTTP GET /api/sales responded 200 in 171.3449 ms
2026-08-08 16:50:19.301 +05:30 [INF] Request finished HTTP/1.1 GET http://localhost:5000/api/sales?page=1&pageSize=10 - 200 null application/json; charset=utf-8 171.9921ms
2026-08-08 16:50:22.711 +05:30 [INF] Request starting HTTP/1.1 GET http://localhost:5000/api/sales/8070c8f5-a81e-40d8-9e41-8e1c65d53461 - null null
2026-08-08 16:50:22.714 +05:30 [INF] Executing endpoint 'Billing.API.Controllers.SalesController.GetSale (Billing.API)'
2026-08-08 16:50:22.720 +05:30 [INF] Route matched with {action = "GetSale", controller = "Sales"}. Executing controller action with signature System.Threading.Tasks.Task`1[Microsoft.AspNetCore.Mvc.IActionResult] GetSale(System.Guid, System.Threading.CancellationToken) on controller Billing.API.Controllers.SalesController (Billing.API).
2026-08-08 16:50:22.725 +05:30 [INF] Handling GetSaleByIdQuery
2026-08-08 16:50:22.800 +05:30 [INF] Handled GetSaleByIdQuery in 75ms
2026-08-08 16:50:22.801 +05:30 [INF] Executing OkObjectResult, writing value of type 'Billing.Shared.Results.Result`1[[Billing.Application.DTOs.Sales.SaleDto, Billing.Application, Version=1.0.0.0, Culture=neutral, PublicKeyToken=null]]'.
2026-08-08 16:50:22.812 +05:30 [INF] Executed action Billing.API.Controllers.SalesController.GetSale (Billing.API) in 91.1919ms
2026-08-08 16:50:22.812 +05:30 [INF] Executed endpoint 'Billing.API.Controllers.SalesController.GetSale (Billing.API)'
2026-08-08 16:50:22.812 +05:30 [INF] HTTP GET /api/sales/8070c8f5-a81e-40d8-9e41-8e1c65d53461 responded 200 in 100.1268 ms
2026-08-08 16:50:22.812 +05:30 [INF] Request finished HTTP/1.1 GET http://localhost:5000/api/sales/8070c8f5-a81e-40d8-9e41-8e1c65d53461 - 200 null application/json; charset=utf-8 100.8498ms
2026-08-08 16:50:43.022 +05:30 [INF] Request starting HTTP/1.1 GET http://localhost:5000/api/products?page=1&pageSize=10 - null null
2026-08-08 16:50:43.024 +05:30 [INF] Executing endpoint 'Billing.API.Controllers.ProductsController.GetProducts (Billing.API)'
2026-08-08 16:50:43.039 +05:30 [INF] Route matched with {action = "GetProducts", controller = "Products"}. Executing controller action with signature System.Threading.Tasks.Task`1[Microsoft.AspNetCore.Mvc.IActionResult] GetProducts(Int32, Int32, System.String, System.String, Boolean, System.Threading.CancellationToken) on controller Billing.API.Controllers.ProductsController (Billing.API).
2026-08-08 16:50:43.045 +05:30 [INF] Handling GetProductsQuery
2026-08-08 16:50:43.151 +05:30 [INF] Handled GetProductsQuery in 106ms
2026-08-08 16:50:43.152 +05:30 [INF] Executing OkObjectResult, writing value of type 'Billing.Shared.Results.Result`1[[Billing.Application.Common.PagedResult`1[[Billing.Application.DTOs.Products.ProductDto, Billing.Application, Version=1.0.0.0, Culture=neutral, PublicKeyToken=null]], Billing.Application, Version=1.0.0.0, Culture=neutral, PublicKeyToken=null]]'.
2026-08-08 16:50:43.169 +05:30 [INF] Executed action Billing.API.Controllers.ProductsController.GetProducts (Billing.API) in 130.0863ms
2026-08-08 16:50:43.169 +05:30 [INF] Executed endpoint 'Billing.API.Controllers.ProductsController.GetProducts (Billing.API)'
2026-08-08 16:50:43.169 +05:30 [INF] HTTP GET /api/products responded 200 in 147.2524 ms
2026-08-08 16:50:43.170 +05:30 [INF] Request finished HTTP/1.1 GET http://localhost:5000/api/products?page=1&pageSize=10 - 200 null application/json; charset=utf-8 147.6933ms
2026-08-08 16:50:44.439 +05:30 [INF] Request starting HTTP/1.1 GET http://localhost:5000/api/customers?page=1&pageSize=10 - null null
2026-08-08 16:50:44.441 +05:30 [INF] Executing endpoint 'Billing.API.Controllers.CustomersController.GetCustomers (Billing.API)'
2026-08-08 16:50:44.441 +05:30 [INF] Route matched with {action = "GetCustomers", controller = "Customers"}. Executing controller action with signature System.Threading.Tasks.Task`1[Microsoft.AspNetCore.Mvc.IActionResult] GetCustomers(Int32, Int32, System.String, System.Threading.CancellationToken) on controller Billing.API.Controllers.CustomersController (Billing.API).
2026-08-08 16:50:44.442 +05:30 [INF] Handling GetCustomersQuery
2026-08-08 16:50:44.505 +05:30 [INF] Handled GetCustomersQuery in 62ms
2026-08-08 16:50:44.505 +05:30 [INF] Executing OkObjectResult, writing value of type 'Billing.Shared.Results.Result`1[[Billing.Application.Common.PagedResult`1[[Billing.Application.DTOs.CustomerDto, Billing.Application, Version=1.0.0.0, Culture=neutral, PublicKeyToken=null]], Billing.Application, Version=1.0.0.0, Culture=neutral, PublicKeyToken=null]]'.
2026-08-08 16:50:44.506 +05:30 [INF] Executed action Billing.API.Controllers.CustomersController.GetCustomers (Billing.API) in 65.0347ms
2026-08-08 16:50:44.506 +05:30 [INF] Executed endpoint 'Billing.API.Controllers.CustomersController.GetCustomers (Billing.API)'
2026-08-08 16:50:44.506 +05:30 [INF] HTTP GET /api/customers responded 200 in 66.8656 ms
2026-08-08 16:50:44.507 +05:30 [INF] Request finished HTTP/1.1 GET http://localhost:5000/api/customers?page=1&pageSize=10 - 200 null application/json; charset=utf-8 67.4394ms
2026-08-08 16:50:45.738 +05:30 [INF] Request starting HTTP/1.1 GET http://localhost:5000/api/suppliers?page=1&pageSize=10 - null null
2026-08-08 16:50:45.739 +05:30 [INF] Executing endpoint 'Billing.API.Controllers.SuppliersController.GetSuppliers (Billing.API)'
2026-08-08 16:50:45.753 +05:30 [INF] Route matched with {action = "GetSuppliers", controller = "Suppliers"}. Executing controller action with signature System.Threading.Tasks.Task`1[Microsoft.AspNetCore.Mvc.IActionResult] GetSuppliers(Int32, Int32, System.String, System.Threading.CancellationToken) on controller Billing.API.Controllers.SuppliersController (Billing.API).
2026-08-08 16:50:45.758 +05:30 [INF] Handling GetSuppliersQuery
2026-08-08 16:50:45.826 +05:30 [INF] Handled GetSuppliersQuery in 67ms
2026-08-08 16:50:45.826 +05:30 [INF] Executing OkObjectResult, writing value of type 'Billing.Shared.Results.Result`1[[Billing.Application.Common.PagedResult`1[[Billing.Application.DTOs.SupplierDto, Billing.Application, Version=1.0.0.0, Culture=neutral, PublicKeyToken=null]], Billing.Application, Version=1.0.0.0, Culture=neutral, PublicKeyToken=null]]'.
2026-08-08 16:50:45.839 +05:30 [INF] Executed action Billing.API.Controllers.SuppliersController.GetSuppliers (Billing.API) in 86.2033ms
2026-08-08 16:50:45.839 +05:30 [INF] Executed endpoint 'Billing.API.Controllers.SuppliersController.GetSuppliers (Billing.API)'
2026-08-08 16:50:45.839 +05:30 [INF] HTTP GET /api/suppliers responded 200 in 100.7392 ms
2026-08-08 16:50:45.840 +05:30 [INF] Request finished HTTP/1.1 GET http://localhost:5000/api/suppliers?page=1&pageSize=10 - 200 null application/json; charset=utf-8 101.1302ms
2026-08-08 16:50:47.260 +05:30 [INF] Request starting HTTP/1.1 GET http://localhost:5000/api/suppliers?page=1&pageSize=1000 - null null
2026-08-08 16:50:47.260 +05:30 [INF] Request starting HTTP/1.1 GET http://localhost:5000/api/purchases?page=1&pageSize=10 - null null
2026-08-08 16:50:47.261 +05:30 [INF] Executing endpoint 'Billing.API.Controllers.SuppliersController.GetSuppliers (Billing.API)'
2026-08-08 16:50:47.261 +05:30 [INF] Route matched with {action = "GetSuppliers", controller = "Suppliers"}. Executing controller action with signature System.Threading.Tasks.Task`1[Microsoft.AspNetCore.Mvc.IActionResult] GetSuppliers(Int32, Int32, System.String, System.Threading.CancellationToken) on controller Billing.API.Controllers.SuppliersController (Billing.API).
2026-08-08 16:50:47.262 +05:30 [INF] Executing endpoint 'Billing.API.Controllers.PurchasesController.GetPurchases (Billing.API)'
2026-08-08 16:50:47.263 +05:30 [INF] Handling GetSuppliersQuery
2026-08-08 16:50:47.271 +05:30 [INF] Route matched with {action = "GetPurchases", controller = "Purchases"}. Executing controller action with signature System.Threading.Tasks.Task`1[Microsoft.AspNetCore.Mvc.IActionResult] GetPurchases(Int32, Int32, System.Threading.CancellationToken) on controller Billing.API.Controllers.PurchasesController (Billing.API).
2026-08-08 16:50:47.276 +05:30 [INF] Handling GetPurchasesQuery
2026-08-08 16:50:47.294 +05:30 [INF] Handled GetSuppliersQuery in 31ms
2026-08-08 16:50:47.294 +05:30 [INF] Executing OkObjectResult, writing value of type 'Billing.Shared.Results.Result`1[[Billing.Application.Common.PagedResult`1[[Billing.Application.DTOs.SupplierDto, Billing.Application, Version=1.0.0.0, Culture=neutral, PublicKeyToken=null]], Billing.Application, Version=1.0.0.0, Culture=neutral, PublicKeyToken=null]]'.
2026-08-08 16:50:47.295 +05:30 [INF] Executed action Billing.API.Controllers.SuppliersController.GetSuppliers (Billing.API) in 33.6475ms
2026-08-08 16:50:47.295 +05:30 [INF] Executed endpoint 'Billing.API.Controllers.SuppliersController.GetSuppliers (Billing.API)'
2026-08-08 16:50:47.295 +05:30 [INF] HTTP GET /api/suppliers responded 200 in 35.2506 ms
2026-08-08 16:50:47.295 +05:30 [INF] Request finished HTTP/1.1 GET http://localhost:5000/api/suppliers?page=1&pageSize=1000 - 200 null application/json; charset=utf-8 35.8843ms
2026-08-08 16:50:47.347 +05:30 [INF] Handled GetPurchasesQuery in 71ms
2026-08-08 16:50:47.348 +05:30 [INF] Executing OkObjectResult, writing value of type 'Billing.Shared.Results.Result`1[[Billing.Application.Common.PagedResult`1[[Billing.Application.DTOs.PurchaseDto, Billing.Application, Version=1.0.0.0, Culture=neutral, PublicKeyToken=null]], Billing.Application, Version=1.0.0.0, Culture=neutral, PublicKeyToken=null]]'.
2026-08-08 16:50:47.378 +05:30 [INF] Executed action Billing.API.Controllers.PurchasesController.GetPurchases (Billing.API) in 106.2525ms
2026-08-08 16:50:47.378 +05:30 [INF] Executed endpoint 'Billing.API.Controllers.PurchasesController.GetPurchases (Billing.API)'
2026-08-08 16:50:47.378 +05:30 [INF] HTTP GET /api/purchases responded 200 in 117.1774 ms
2026-08-08 16:50:47.378 +05:30 [INF] Request finished HTTP/1.1 GET http://localhost:5000/api/purchases?page=1&pageSize=10 - 200 null application/json; charset=utf-8 117.4064ms
2026-08-08 16:50:52.048 +05:30 [INF] Request starting HTTP/1.1 GET http://localhost:5000/api/reports/profit-loss?from=2026-07-09&to=2026-08-08 - null null
2026-08-08 16:50:52.049 +05:30 [INF] Executing endpoint 'Billing.API.Controllers.ReportsController.GetProfitLoss (Billing.API)'
2026-08-08 16:50:52.063 +05:30 [INF] Route matched with {action = "GetProfitLoss", controller = "Reports"}. Executing controller action with signature System.Threading.Tasks.Task`1[Microsoft.AspNetCore.Mvc.IActionResult] GetProfitLoss(System.Nullable`1[System.DateTime], System.Nullable`1[System.DateTime], System.Threading.CancellationToken) on controller Billing.API.Controllers.ReportsController (Billing.API).
2026-08-08 16:50:52.070 +05:30 [INF] Handling GetProfitLossReportQuery
2026-08-08 16:50:52.148 +05:30 [INF] Handled GetProfitLossReportQuery in 77ms
2026-08-08 16:50:52.148 +05:30 [INF] Executing OkObjectResult, writing value of type 'Billing.Shared.Results.Result`1[[Billing.Application.DTOs.ProfitLossDto, Billing.Application, Version=1.0.0.0, Culture=neutral, PublicKeyToken=null]]'.
2026-08-08 16:50:52.154 +05:30 [INF] Executed action Billing.API.Controllers.ReportsController.GetProfitLoss (Billing.API) in 91.0225ms
2026-08-08 16:50:52.154 +05:30 [INF] Executed endpoint 'Billing.API.Controllers.ReportsController.GetProfitLoss (Billing.API)'
2026-08-08 16:50:52.154 +05:30 [INF] HTTP GET /api/reports/profit-loss responded 200 in 106.2581 ms
2026-08-08 16:50:52.155 +05:30 [INF] Request finished HTTP/1.1 GET http://localhost:5000/api/reports/profit-loss?from=2026-07-09&to=2026-08-08 - 200 null application/json; charset=utf-8 106.5191ms
2026-08-08 16:53:25.266 +05:30 [INF] Request starting HTTP/1.1 GET http://localhost:5000/api/reports/sales?from=2026-07-09&to=2026-08-08 - null null
2026-08-08 16:53:25.271 +05:30 [INF] Executing endpoint 'Billing.API.Controllers.ReportsController.GetSalesReport (Billing.API)'
2026-08-08 16:53:25.279 +05:30 [INF] Route matched with {action = "GetSalesReport", controller = "Reports"}. Executing controller action with signature System.Threading.Tasks.Task`1[Microsoft.AspNetCore.Mvc.IActionResult] GetSalesReport(System.Nullable`1[System.DateTime], System.Nullable`1[System.DateTime], System.Threading.CancellationToken) on controller Billing.API.Controllers.ReportsController (Billing.API).
2026-08-08 16:53:25.283 +05:30 [INF] Handling GetSalesReportQuery
2026-08-08 16:53:25.345 +05:30 [INF] Handled GetSalesReportQuery in 61ms
2026-08-08 16:53:25.345 +05:30 [INF] Executing OkObjectResult, writing value of type 'Billing.Shared.Results.Result`1[[Billing.Application.DTOs.SalesReportSummaryDto, Billing.Application, Version=1.0.0.0, Culture=neutral, PublicKeyToken=null]]'.
2026-08-08 16:53:25.356 +05:30 [INF] Executed action Billing.API.Controllers.ReportsController.GetSalesReport (Billing.API) in 77.0235ms
2026-08-08 16:53:25.356 +05:30 [INF] Executed endpoint 'Billing.API.Controllers.ReportsController.GetSalesReport (Billing.API)'
2026-08-08 16:53:25.356 +05:30 [INF] HTTP GET /api/reports/sales responded 200 in 87.3355 ms
2026-08-08 16:53:25.357 +05:30 [INF] Request finished HTTP/1.1 GET http://localhost:5000/api/reports/sales?from=2026-07-09&to=2026-08-08 - 200 null application/json; charset=utf-8 90.8423ms
2026-08-08 16:53:28.836 +05:30 [INF] Request starting HTTP/1.1 GET http://localhost:5000/api/reports/gst?from=2026-07-09&to=2026-08-08 - null null
2026-08-08 16:53:28.838 +05:30 [INF] Executing endpoint 'Billing.API.Controllers.ReportsController.GetGstReport (Billing.API)'
2026-08-08 16:53:28.849 +05:30 [INF] Route matched with {action = "GetGstReport", controller = "Reports"}. Executing controller action with signature System.Threading.Tasks.Task`1[Microsoft.AspNetCore.Mvc.IActionResult] GetGstReport(System.Nullable`1[System.DateTime], System.Nullable`1[System.DateTime], System.Threading.CancellationToken) on controller Billing.API.Controllers.ReportsController (Billing.API).
2026-08-08 16:53:28.855 +05:30 [INF] Handling GetGstReportQuery
2026-08-08 16:53:28.917 +05:30 [INF] Handled GetGstReportQuery in 63ms
2026-08-08 16:53:28.918 +05:30 [INF] Executing OkObjectResult, writing value of type 'Billing.Shared.Results.Result`1[[Billing.Application.DTOs.GstReportDto, Billing.Application, Version=1.0.0.0, Culture=neutral, PublicKeyToken=null]]'.
2026-08-08 16:53:28.927 +05:30 [INF] Executed action Billing.API.Controllers.ReportsController.GetGstReport (Billing.API) in 77.6041ms
2026-08-08 16:53:28.927 +05:30 [INF] Executed endpoint 'Billing.API.Controllers.ReportsController.GetGstReport (Billing.API)'
2026-08-08 16:53:28.927 +05:30 [INF] HTTP GET /api/reports/gst responded 200 in 90.7822 ms
2026-08-08 16:53:28.927 +05:30 [INF] Request finished HTTP/1.1 GET http://localhost:5000/api/reports/gst?from=2026-07-09&to=2026-08-08 - 200 null application/json; charset=utf-8 91.0419ms
2026-08-08 16:53:41.443 +05:30 [INF] Request starting HTTP/1.1 GET http://localhost:5000/api/reports/payments?from=2026-07-09&to=2026-08-08 - null null
2026-08-08 16:53:41.447 +05:30 [INF] Executing endpoint 'Billing.API.Controllers.ReportsController.GetPaymentSummary (Billing.API)'
2026-08-08 16:53:41.455 +05:30 [INF] Route matched with {action = "GetPaymentSummary", controller = "Reports"}. Executing controller action with signature System.Threading.Tasks.Task`1[Microsoft.AspNetCore.Mvc.IActionResult] GetPaymentSummary(System.Nullable`1[System.DateTime], System.Nullable`1[System.DateTime], System.Threading.CancellationToken) on controller Billing.API.Controllers.ReportsController (Billing.API).
2026-08-08 16:53:41.478 +05:30 [INF] Handling GetPaymentSummaryReportQuery
2026-08-08 16:53:41.519 +05:30 [INF] Handled GetPaymentSummaryReportQuery in 40ms
2026-08-08 16:53:41.519 +05:30 [INF] Executing OkObjectResult, writing value of type 'Billing.Shared.Results.Result`1[[Billing.Application.DTOs.PaymentSummaryDto, Billing.Application, Version=1.0.0.0, Culture=neutral, PublicKeyToken=null]]'.
2026-08-08 16:53:41.529 +05:30 [INF] Executed action Billing.API.Controllers.ReportsController.GetPaymentSummary (Billing.API) in 73.9593ms
2026-08-08 16:53:41.529 +05:30 [INF] Executed endpoint 'Billing.API.Controllers.ReportsController.GetPaymentSummary (Billing.API)'
2026-08-08 16:53:41.529 +05:30 [INF] HTTP GET /api/reports/payments responded 200 in 85.6192 ms
2026-08-08 16:53:41.529 +05:30 [INF] Request finished HTTP/1.1 GET http://localhost:5000/api/reports/payments?from=2026-07-09&to=2026-08-08 - 200 null application/json; charset=utf-8 85.9318ms
2026-08-08 16:53:43.140 +05:30 [INF] Request starting HTTP/1.1 GET http://localhost:5000/api/reports/inventory-valuation - null null
2026-08-08 16:53:43.142 +05:30 [INF] Executing endpoint 'Billing.API.Controllers.ReportsController.GetInventoryValuation (Billing.API)'
2026-08-08 16:53:43.149 +05:30 [INF] Route matched with {action = "GetInventoryValuation", controller = "Reports"}. Executing controller action with signature System.Threading.Tasks.Task`1[Microsoft.AspNetCore.Mvc.IActionResult] GetInventoryValuation(System.Threading.CancellationToken) on controller Billing.API.Controllers.ReportsController (Billing.API).
2026-08-08 16:53:43.154 +05:30 [INF] Handling GetInventoryValuationReportQuery
2026-08-08 16:53:43.188 +05:30 [INF] Handled GetInventoryValuationReportQuery in 34ms
2026-08-08 16:53:43.189 +05:30 [INF] Executing OkObjectResult, writing value of type 'Billing.Shared.Results.Result`1[[Billing.Application.DTOs.InventoryValuationSummaryDto, Billing.Application, Version=1.0.0.0, Culture=neutral, PublicKeyToken=null]]'.
2026-08-08 16:53:43.198 +05:30 [INF] Executed action Billing.API.Controllers.ReportsController.GetInventoryValuation (Billing.API) in 49.1126ms
2026-08-08 16:53:43.198 +05:30 [INF] Executed endpoint 'Billing.API.Controllers.ReportsController.GetInventoryValuation (Billing.API)'
2026-08-08 16:53:43.199 +05:30 [INF] HTTP GET /api/reports/inventory-valuation responded 200 in 58.5495 ms
2026-08-08 16:53:43.200 +05:30 [INF] Request finished HTTP/1.1 GET http://localhost:5000/api/reports/inventory-valuation - 200 null application/json; charset=utf-8 59.1657ms
2026-08-08 16:53:44.417 +05:30 [INF] Request starting HTTP/1.1 GET http://localhost:5000/api/reports/top-products?from=2026-07-09&to=2026-08-08 - null null
2026-08-08 16:53:44.419 +05:30 [INF] Executing endpoint 'Billing.API.Controllers.ReportsController.GetTopProducts (Billing.API)'
2026-08-08 16:53:44.427 +05:30 [INF] Route matched with {action = "GetTopProducts", controller = "Reports"}. Executing controller action with signature System.Threading.Tasks.Task`1[Microsoft.AspNetCore.Mvc.IActionResult] GetTopProducts(System.Nullable`1[System.DateTime], System.Nullable`1[System.DateTime], Int32, System.Threading.CancellationToken) on controller Billing.API.Controllers.ReportsController (Billing.API).
2026-08-08 16:53:44.433 +05:30 [INF] Handling GetTopProductsReportQuery
2026-08-08 16:53:44.468 +05:30 [INF] Handled GetTopProductsReportQuery in 36ms
2026-08-08 16:53:44.469 +05:30 [INF] Executing OkObjectResult, writing value of type 'Billing.Shared.Results.Result`1[[System.Collections.Generic.IReadOnlyList`1[[Billing.Application.DTOs.TopProductDto, Billing.Application, Version=1.0.0.0, Culture=neutral, PublicKeyToken=null]], System.Private.CoreLib, Version=9.0.0.0, Culture=neutral, PublicKeyToken=7cec85d7bea7798e]]'.
2026-08-08 16:53:44.472 +05:30 [INF] Executed action Billing.API.Controllers.ReportsController.GetTopProducts (Billing.API) in 45.1885ms
2026-08-08 16:53:44.473 +05:30 [INF] Executed endpoint 'Billing.API.Controllers.ReportsController.GetTopProducts (Billing.API)'
2026-08-08 16:53:44.473 +05:30 [INF] HTTP GET /api/reports/top-products responded 200 in 55.0416 ms
2026-08-08 16:53:44.473 +05:30 [INF] Request finished HTTP/1.1 GET http://localhost:5000/api/reports/top-products?from=2026-07-09&to=2026-08-08 - 200 null application/json; charset=utf-8 55.5059ms
2026-08-08 17:02:15.025 +05:30 [INF] User profile is available. Using 'C:\Users\susha\AppData\Local\ASP.NET\DataProtection-Keys' as key repository and Windows DPAPI to encrypt keys at rest.
2026-08-08 17:02:15.123 +05:30 [INF] Now listening on: http://localhost:5000
2026-08-08 17:02:15.124 +05:30 [INF] Application started. Press Ctrl+C to shut down.
2026-08-08 17:02:15.125 +05:30 [INF] Hosting environment: Development
2026-08-08 17:02:15.125 +05:30 [INF] Content root path: D:\Projects\ERP\NewShop\src\Billing.API
2026-08-08 17:02:19.356 +05:30 [INF] Request starting HTTP/1.1 GET http://localhost:5000/health - null null
2026-08-08 17:02:19.564 +05:30 [INF] Executing endpoint 'HTTP: GET /health'
2026-08-08 17:02:19.586 +05:30 [INF] Setting HTTP status code 200.
2026-08-08 17:02:19.647 +05:30 [INF] Writing value of type '<>f__AnonymousType0`2' as Json.
2026-08-08 17:02:19.685 +05:30 [INF] Executed endpoint 'HTTP: GET /health'
2026-08-08 17:02:19.690 +05:30 [INF] HTTP GET /health responded 200 in 275.4232 ms
2026-08-08 17:02:19.693 +05:30 [INF] Request finished HTTP/1.1 GET http://localhost:5000/health - 200 null application/json; charset=utf-8 340.2736ms
2026-08-08 17:02:33.739 +05:30 [INF] Request starting HTTP/1.1 GET http://localhost:5000/api/dashboard?from=2026-07-09&to=2026-08-08 - null null
2026-08-08 17:02:33.899 +05:30 [INF] Failed to validate the token.
Microsoft.IdentityModel.Tokens.SecurityTokenExpiredException: IDX10223: Lifetime validation failed. The token is expired. ValidTo (UTC): '8/8/2026 11:24:42 AM', Current time (UTC): '8/8/2026 11:32:33 AM'.
   at Microsoft.IdentityModel.Tokens.ValidatorUtilities.ValidateLifetime(Nullable`1 notBefore, Nullable`1 expires, SecurityToken securityToken, TokenValidationParameters validationParameters)
   at Microsoft.IdentityModel.Tokens.Validators.ValidateLifetime(Nullable`1 notBefore, Nullable`1 expires, SecurityToken securityToken, TokenValidationParameters validationParameters)
   at Microsoft.IdentityModel.JsonWebTokens.JsonWebTokenHandler.ValidateTokenPayloadAsync(JsonWebToken jsonWebToken, TokenValidationParameters validationParameters, BaseConfiguration configuration)
   at Microsoft.IdentityModel.JsonWebTokens.JsonWebTokenHandler.ValidateJWSAsync(JsonWebToken jsonWebToken, TokenValidationParameters validationParameters, BaseConfiguration configuration)
2026-08-08 17:02:33.903 +05:30 [INF] Bearer was not authenticated. Failure message: IDX10223: Lifetime validation failed. The token is expired. ValidTo (UTC): '8/8/2026 11:24:42 AM', Current time (UTC): '8/8/2026 11:32:33 AM'.
2026-08-08 17:02:33.915 +05:30 [INF] Authorization failed. These requirements were not met:
DenyAnonymousAuthorizationRequirement: Requires an authenticated user.
Billing.Identity.Authorization.PermissionRequirement
2026-08-08 17:02:33.931 +05:30 [INF] AuthenticationScheme: Bearer was challenged.
2026-08-08 17:02:33.932 +05:30 [INF] HTTP GET /api/dashboard responded 401 in 187.7224 ms
2026-08-08 17:02:33.933 +05:30 [INF] Request finished HTTP/1.1 GET http://localhost:5000/api/dashboard?from=2026-07-09&to=2026-08-08 - 401 0 null 194.1344ms
2026-08-08 17:02:33.952 +05:30 [INF] Request starting HTTP/1.1 POST http://localhost:5000/api/auth/refresh - application/json 1640
2026-08-08 17:02:33.958 +05:30 [INF] CORS policy execution successful.
2026-08-08 17:02:33.965 +05:30 [INF] Failed to validate the token.
Microsoft.IdentityModel.Tokens.SecurityTokenExpiredException: IDX10223: Lifetime validation failed. The token is expired. ValidTo (UTC): '8/8/2026 11:24:42 AM', Current time (UTC): '8/8/2026 11:32:33 AM'.
   at Microsoft.IdentityModel.Tokens.ValidatorUtilities.ValidateLifetime(Nullable`1 notBefore, Nullable`1 expires, SecurityToken securityToken, TokenValidationParameters validationParameters)
   at Microsoft.IdentityModel.Tokens.Validators.ValidateLifetime(Nullable`1 notBefore, Nullable`1 expires, SecurityToken securityToken, TokenValidationParameters validationParameters)
   at Microsoft.IdentityModel.JsonWebTokens.JsonWebTokenHandler.ValidateTokenPayloadAsync(JsonWebToken jsonWebToken, TokenValidationParameters validationParameters, BaseConfiguration configuration)
   at Microsoft.IdentityModel.JsonWebTokens.JsonWebTokenHandler.ValidateJWSAsync(JsonWebToken jsonWebToken, TokenValidationParameters validationParameters, BaseConfiguration configuration)
2026-08-08 17:02:33.965 +05:30 [INF] Bearer was not authenticated. Failure message: IDX10223: Lifetime validation failed. The token is expired. ValidTo (UTC): '8/8/2026 11:24:42 AM', Current time (UTC): '8/8/2026 11:32:33 AM'.
2026-08-08 17:02:33.967 +05:30 [INF] Executing endpoint 'Billing.API.Controllers.AuthController.Refresh (Billing.API)'
2026-08-08 17:02:34.047 +05:30 [INF] Route matched with {action = "Refresh", controller = "Auth"}. Executing controller action with signature System.Threading.Tasks.Task`1[Microsoft.AspNetCore.Mvc.IActionResult] Refresh(Billing.Application.DTOs.Auth.RefreshRequest, System.Threading.CancellationToken) on controller Billing.API.Controllers.AuthController (Billing.API).
2026-08-08 17:02:35.396 +05:30 [INF] Executing OkObjectResult, writing value of type 'Billing.Shared.Results.Result`1[[Billing.Application.DTOs.Auth.RefreshResponse, Billing.Application, Version=1.0.0.0, Culture=neutral, PublicKeyToken=null]]'.
2026-08-08 17:02:35.455 +05:30 [INF] Executed action Billing.API.Controllers.AuthController.Refresh (Billing.API) in 1393.2121ms
2026-08-08 17:02:35.456 +05:30 [INF] Executed endpoint 'Billing.API.Controllers.AuthController.Refresh (Billing.API)'
2026-08-08 17:02:35.461 +05:30 [INF] HTTP POST /api/auth/refresh responded 200 in 1506.0760 ms
2026-08-08 17:02:35.472 +05:30 [INF] Request finished HTTP/1.1 POST http://localhost:5000/api/auth/refresh - 200 null application/json; charset=utf-8 1519.1159ms
2026-08-08 17:02:35.474 +05:30 [INF] Request starting HTTP/1.1 GET http://localhost:5000/api/dashboard?from=2026-07-09&to=2026-08-08 - null null
2026-08-08 17:02:35.486 +05:30 [INF] Executing endpoint 'Billing.API.Controllers.DashboardController.GetDashboard (Billing.API)'
2026-08-08 17:02:35.499 +05:30 [INF] Route matched with {action = "GetDashboard", controller = "Dashboard"}. Executing controller action with signature System.Threading.Tasks.Task`1[Microsoft.AspNetCore.Mvc.IActionResult] GetDashboard(System.Nullable`1[System.DateTime], System.Nullable`1[System.DateTime], System.Threading.CancellationToken) on controller Billing.API.Controllers.DashboardController (Billing.API).
2026-08-08 17:02:35.532 +05:30 [INF] Handling GetDashboardQuery
2026-08-08 17:02:43.862 +05:30 [WRN] Redis connection failed; falling back to in-memory cache.
StackExchange.Redis.RedisConnectionException: It was not possible to connect to the redis server(s). Error connecting right now. To allow this multiplexer to continue retrying until it's able to connect, use abortConnect=false in your connection string or AbortOnConnectFail=false; in your code.
   at StackExchange.Redis.ConnectionMultiplexer.ConnectImplAsync(ConfigurationOptions configuration, TextWriter writer, Nullable`1 serverType) in /_/src/StackExchange.Redis/ConnectionMultiplexer.cs:line 620
   at Billing.Infrastructure.Caching.RedisCacheService.GetDatabaseAsync() in D:\Projects\ERP\NewShop\src\Billing.Infrastructure\Caching\RedisCacheService.cs:line 44
2026-08-08 17:02:44.004 +05:30 [INF] Handled GetDashboardQuery in 8472ms
2026-08-08 17:02:44.005 +05:30 [INF] Executing OkObjectResult, writing value of type 'Billing.Shared.Results.Result`1[[Billing.Application.DTOs.DashboardDto, Billing.Application, Version=1.0.0.0, Culture=neutral, PublicKeyToken=null]]'.
2026-08-08 17:02:44.053 +05:30 [INF] Executed action Billing.API.Controllers.DashboardController.GetDashboard (Billing.API) in 8553.2735ms
2026-08-08 17:02:44.053 +05:30 [INF] Executed endpoint 'Billing.API.Controllers.DashboardController.GetDashboard (Billing.API)'
2026-08-08 17:02:44.053 +05:30 [INF] HTTP GET /api/dashboard responded 200 in 8579.5784 ms
2026-08-08 17:02:44.054 +05:30 [INF] Request finished HTTP/1.1 GET http://localhost:5000/api/dashboard?from=2026-07-09&to=2026-08-08 - 200 null application/json; charset=utf-8 8580.0304ms
2026-08-08 17:09:03.915 +05:30 [INF] Request starting HTTP/1.1 GET http://localhost:5000/api/dashboard?from=2026-07-09&to=2026-08-08 - null null
2026-08-08 17:09:03.920 +05:30 [INF] Executing endpoint 'Billing.API.Controllers.DashboardController.GetDashboard (Billing.API)'
2026-08-08 17:09:03.920 +05:30 [INF] Route matched with {action = "GetDashboard", controller = "Dashboard"}. Executing controller action with signature System.Threading.Tasks.Task`1[Microsoft.AspNetCore.Mvc.IActionResult] GetDashboard(System.Nullable`1[System.DateTime], System.Nullable`1[System.DateTime], System.Threading.CancellationToken) on controller Billing.API.Controllers.DashboardController (Billing.API).
2026-08-08 17:09:03.922 +05:30 [INF] Handling GetDashboardQuery
2026-08-08 17:09:04.063 +05:30 [INF] Handled GetDashboardQuery in 140ms
2026-08-08 17:09:04.063 +05:30 [INF] Executing OkObjectResult, writing value of type 'Billing.Shared.Results.Result`1[[Billing.Application.DTOs.DashboardDto, Billing.Application, Version=1.0.0.0, Culture=neutral, PublicKeyToken=null]]'.
2026-08-08 17:09:04.064 +05:30 [INF] Executed action Billing.API.Controllers.DashboardController.GetDashboard (Billing.API) in 143.5996ms
2026-08-08 17:09:04.064 +05:30 [INF] Executed endpoint 'Billing.API.Controllers.DashboardController.GetDashboard (Billing.API)'
2026-08-08 17:09:04.064 +05:30 [INF] HTTP GET /api/dashboard responded 200 in 149.5523 ms
2026-08-08 17:09:04.065 +05:30 [INF] Request finished HTTP/1.1 GET http://localhost:5000/api/dashboard?from=2026-07-09&to=2026-08-08 - 200 null application/json; charset=utf-8 149.965ms
2026-08-08 17:09:06.419 +05:30 [INF] Request starting HTTP/1.1 POST http://localhost:5000/api/auth/logout - application/json 1640
2026-08-08 17:09:06.424 +05:30 [INF] CORS policy execution successful.
2026-08-08 17:09:06.426 +05:30 [INF] Executing endpoint 'Billing.API.Controllers.AuthController.Logout (Billing.API)'
2026-08-08 17:09:06.438 +05:30 [INF] Route matched with {action = "Logout", controller = "Auth"}. Executing controller action with signature System.Threading.Tasks.Task`1[Microsoft.AspNetCore.Mvc.IActionResult] Logout(Billing.API.Controllers.RevokeRequest, System.Threading.CancellationToken) on controller Billing.API.Controllers.AuthController (Billing.API).
2026-08-08 17:09:06.565 +05:30 [INF] Executing OkObjectResult, writing value of type 'Billing.Shared.Results.Result'.
2026-08-08 17:09:06.568 +05:30 [INF] Executed action Billing.API.Controllers.AuthController.Logout (Billing.API) in 129.4859ms
2026-08-08 17:09:06.568 +05:30 [INF] Executed endpoint 'Billing.API.Controllers.AuthController.Logout (Billing.API)'
2026-08-08 17:09:06.569 +05:30 [INF] HTTP POST /api/auth/logout responded 200 in 145.3347 ms
2026-08-08 17:09:06.569 +05:30 [INF] Request finished HTTP/1.1 POST http://localhost:5000/api/auth/logout - 200 null application/json; charset=utf-8 149.6294ms
2026-08-08 17:09:49.470 +05:30 [INF] Request starting HTTP/1.1 POST http://localhost:5000/api/auth/login - application/json 57
2026-08-08 17:09:49.471 +05:30 [INF] CORS policy execution successful.
2026-08-08 17:09:49.471 +05:30 [INF] Executing endpoint 'Billing.API.Controllers.AuthController.Login (Billing.API)'
2026-08-08 17:09:49.485 +05:30 [INF] Route matched with {action = "Login", controller = "Auth"}. Executing controller action with signature System.Threading.Tasks.Task`1[Microsoft.AspNetCore.Mvc.IActionResult] Login(Billing.Application.DTOs.Auth.LoginRequest, System.Threading.CancellationToken) on controller Billing.API.Controllers.AuthController (Billing.API).
2026-08-08 17:09:49.581 +05:30 [INF] Executing UnprocessableEntityObjectResult, writing value of type 'Billing.Shared.Results.Result`1[[Billing.Application.DTOs.Auth.LoginResponse, Billing.Application, Version=1.0.0.0, Culture=neutral, PublicKeyToken=null]]'.
2026-08-08 17:09:49.588 +05:30 [INF] Executed action Billing.API.Controllers.AuthController.Login (Billing.API) in 102.6248ms
2026-08-08 17:09:49.588 +05:30 [INF] Executed endpoint 'Billing.API.Controllers.AuthController.Login (Billing.API)'
2026-08-08 17:09:49.589 +05:30 [INF] HTTP POST /api/auth/login responded 422 in 117.8698 ms
2026-08-08 17:09:49.589 +05:30 [INF] Request finished HTTP/1.1 POST http://localhost:5000/api/auth/login - 422 null application/json; charset=utf-8 118.6404ms
2026-08-08 17:09:51.912 +05:30 [INF] Request starting HTTP/1.1 POST http://localhost:5000/api/auth/login - application/json 57
2026-08-08 17:09:51.913 +05:30 [INF] CORS policy execution successful.
2026-08-08 17:09:51.913 +05:30 [INF] Executing endpoint 'Billing.API.Controllers.AuthController.Login (Billing.API)'
2026-08-08 17:09:51.914 +05:30 [INF] Route matched with {action = "Login", controller = "Auth"}. Executing controller action with signature System.Threading.Tasks.Task`1[Microsoft.AspNetCore.Mvc.IActionResult] Login(Billing.Application.DTOs.Auth.LoginRequest, System.Threading.CancellationToken) on controller Billing.API.Controllers.AuthController (Billing.API).
2026-08-08 17:09:51.974 +05:30 [INF] Executing UnprocessableEntityObjectResult, writing value of type 'Billing.Shared.Results.Result`1[[Billing.Application.DTOs.Auth.LoginResponse, Billing.Application, Version=1.0.0.0, Culture=neutral, PublicKeyToken=null]]'.
2026-08-08 17:09:51.975 +05:30 [INF] Executed action Billing.API.Controllers.AuthController.Login (Billing.API) in 61.2623ms
2026-08-08 17:09:51.975 +05:30 [INF] Executed endpoint 'Billing.API.Controllers.AuthController.Login (Billing.API)'
2026-08-08 17:09:51.975 +05:30 [INF] HTTP POST /api/auth/login responded 422 in 62.4387 ms
2026-08-08 17:09:51.976 +05:30 [INF] Request finished HTTP/1.1 POST http://localhost:5000/api/auth/login - 422 null application/json; charset=utf-8 63.1302ms
2026-08-08 17:09:54.447 +05:30 [INF] Request starting HTTP/1.1 POST http://localhost:5000/api/auth/login - application/json 57
2026-08-08 17:09:54.447 +05:30 [INF] CORS policy execution successful.
2026-08-08 17:09:54.448 +05:30 [INF] Executing endpoint 'Billing.API.Controllers.AuthController.Login (Billing.API)'
2026-08-08 17:09:54.448 +05:30 [INF] Route matched with {action = "Login", controller = "Auth"}. Executing controller action with signature System.Threading.Tasks.Task`1[Microsoft.AspNetCore.Mvc.IActionResult] Login(Billing.Application.DTOs.Auth.LoginRequest, System.Threading.CancellationToken) on controller Billing.API.Controllers.AuthController (Billing.API).
2026-08-08 17:09:54.490 +05:30 [INF] Executing UnprocessableEntityObjectResult, writing value of type 'Billing.Shared.Results.Result`1[[Billing.Application.DTOs.Auth.LoginResponse, Billing.Application, Version=1.0.0.0, Culture=neutral, PublicKeyToken=null]]'.
2026-08-08 17:09:54.491 +05:30 [INF] Executed action Billing.API.Controllers.AuthController.Login (Billing.API) in 42.9253ms
2026-08-08 17:09:54.491 +05:30 [INF] Executed endpoint 'Billing.API.Controllers.AuthController.Login (Billing.API)'
2026-08-08 17:09:54.491 +05:30 [INF] HTTP POST /api/auth/login responded 422 in 44.1343 ms
2026-08-08 17:09:54.492 +05:30 [INF] Request finished HTTP/1.1 POST http://localhost:5000/api/auth/login - 422 null application/json; charset=utf-8 45.1621ms
2026-08-08 17:10:27.601 +05:30 [INF] Request starting HTTP/1.1 POST http://localhost:5000/api/auth/login - application/json 57
2026-08-08 17:10:27.602 +05:30 [INF] CORS policy execution successful.
2026-08-08 17:10:27.602 +05:30 [INF] Executing endpoint 'Billing.API.Controllers.AuthController.Login (Billing.API)'
2026-08-08 17:10:27.602 +05:30 [INF] Route matched with {action = "Login", controller = "Auth"}. Executing controller action with signature System.Threading.Tasks.Task`1[Microsoft.AspNetCore.Mvc.IActionResult] Login(Billing.Application.DTOs.Auth.LoginRequest, System.Threading.CancellationToken) on controller Billing.API.Controllers.AuthController (Billing.API).
2026-08-08 17:10:27.640 +05:30 [INF] Executing UnprocessableEntityObjectResult, writing value of type 'Billing.Shared.Results.Result`1[[Billing.Application.DTOs.Auth.LoginResponse, Billing.Application, Version=1.0.0.0, Culture=neutral, PublicKeyToken=null]]'.
2026-08-08 17:10:27.641 +05:30 [INF] Executed action Billing.API.Controllers.AuthController.Login (Billing.API) in 38.5501ms
2026-08-08 17:10:27.641 +05:30 [INF] Executed endpoint 'Billing.API.Controllers.AuthController.Login (Billing.API)'
2026-08-08 17:10:27.641 +05:30 [INF] HTTP POST /api/auth/login responded 422 in 39.4855 ms
2026-08-08 17:10:27.641 +05:30 [INF] Request finished HTTP/1.1 POST http://localhost:5000/api/auth/login - 422 null application/json; charset=utf-8 40.2778ms
2026-08-08 17:10:30.439 +05:30 [INF] Request starting HTTP/1.1 POST http://localhost:5000/api/auth/login - application/json 57
2026-08-08 17:10:30.439 +05:30 [INF] CORS policy execution successful.
2026-08-08 17:10:30.439 +05:30 [INF] Executing endpoint 'Billing.API.Controllers.AuthController.Login (Billing.API)'
2026-08-08 17:10:30.439 +05:30 [INF] Route matched with {action = "Login", controller = "Auth"}. Executing controller action with signature System.Threading.Tasks.Task`1[Microsoft.AspNetCore.Mvc.IActionResult] Login(Billing.Application.DTOs.Auth.LoginRequest, System.Threading.CancellationToken) on controller Billing.API.Controllers.AuthController (Billing.API).
2026-08-08 17:10:30.473 +05:30 [INF] Executing UnprocessableEntityObjectResult, writing value of type 'Billing.Shared.Results.Result`1[[Billing.Application.DTOs.Auth.LoginResponse, Billing.Application, Version=1.0.0.0, Culture=neutral, PublicKeyToken=null]]'.
2026-08-08 17:10:30.474 +05:30 [INF] Executed action Billing.API.Controllers.AuthController.Login (Billing.API) in 34.4646ms
2026-08-08 17:10:30.474 +05:30 [INF] Executed endpoint 'Billing.API.Controllers.AuthController.Login (Billing.API)'
2026-08-08 17:10:30.474 +05:30 [INF] HTTP POST /api/auth/login responded 422 in 35.2252 ms
2026-08-08 17:10:30.474 +05:30 [INF] Request finished HTTP/1.1 POST http://localhost:5000/api/auth/login - 422 null application/json; charset=utf-8 35.6763ms
2026-08-08 17:11:01.278 +05:30 [INF] Request starting HTTP/1.1 POST http://localhost:5000/api/auth/login - application/json 76
2026-08-08 17:11:01.279 +05:30 [INF] Executing endpoint 'Billing.API.Controllers.AuthController.Login (Billing.API)'
2026-08-08 17:11:01.279 +05:30 [INF] Route matched with {action = "Login", controller = "Auth"}. Executing controller action with signature System.Threading.Tasks.Task`1[Microsoft.AspNetCore.Mvc.IActionResult] Login(Billing.Application.DTOs.Auth.LoginRequest, System.Threading.CancellationToken) on controller Billing.API.Controllers.AuthController (Billing.API).
2026-08-08 17:11:01.507 +05:30 [INF] Executing OkObjectResult, writing value of type 'Billing.Shared.Results.Result`1[[Billing.Application.DTOs.Auth.LoginResponse, Billing.Application, Version=1.0.0.0, Culture=neutral, PublicKeyToken=null]]'.
2026-08-08 17:11:01.513 +05:30 [INF] Executed action Billing.API.Controllers.AuthController.Login (Billing.API) in 234.1729ms
2026-08-08 17:11:01.513 +05:30 [INF] Executed endpoint 'Billing.API.Controllers.AuthController.Login (Billing.API)'
2026-08-08 17:11:01.513 +05:30 [INF] HTTP POST /api/auth/login responded 200 in 234.7930 ms
2026-08-08 17:11:01.514 +05:30 [INF] Request finished HTTP/1.1 POST http://localhost:5000/api/auth/login - 200 null application/json; charset=utf-8 235.2303ms
2026-08-08 17:22:16.241 +05:30 [INF] Request starting HTTP/1.1 POST http://localhost:5000/api/auth/login - application/json 75
2026-08-08 17:22:16.269 +05:30 [INF] Executing endpoint 'Billing.API.Controllers.AuthController.Login (Billing.API)'
2026-08-08 17:22:16.275 +05:30 [INF] Route matched with {action = "Login", controller = "Auth"}. Executing controller action with signature System.Threading.Tasks.Task`1[Microsoft.AspNetCore.Mvc.IActionResult] Login(Billing.Application.DTOs.Auth.LoginRequest, System.Threading.CancellationToken) on controller Billing.API.Controllers.AuthController (Billing.API).
2026-08-08 17:22:16.581 +05:30 [INF] Executing OkObjectResult, writing value of type 'Billing.Shared.Results.Result`1[[Billing.Application.DTOs.Auth.LoginResponse, Billing.Application, Version=1.0.0.0, Culture=neutral, PublicKeyToken=null]]'.
2026-08-08 17:22:16.589 +05:30 [INF] Executed action Billing.API.Controllers.AuthController.Login (Billing.API) in 312.7872ms
2026-08-08 17:22:16.589 +05:30 [INF] Executed endpoint 'Billing.API.Controllers.AuthController.Login (Billing.API)'
2026-08-08 17:22:16.589 +05:30 [INF] HTTP POST /api/auth/login responded 200 in 339.3801 ms
2026-08-08 17:22:16.590 +05:30 [INF] Request finished HTTP/1.1 POST http://localhost:5000/api/auth/login - 200 null application/json; charset=utf-8 350.3447ms
2026-08-08 17:22:16.647 +05:30 [INF] Request starting HTTP/1.1 POST http://localhost:5000/api/auth/login - application/json 67
2026-08-08 17:22:16.647 +05:30 [INF] Executing endpoint 'Billing.API.Controllers.AuthController.Login (Billing.API)'
2026-08-08 17:22:16.647 +05:30 [INF] Route matched with {action = "Login", controller = "Auth"}. Executing controller action with signature System.Threading.Tasks.Task`1[Microsoft.AspNetCore.Mvc.IActionResult] Login(Billing.Application.DTOs.Auth.LoginRequest, System.Threading.CancellationToken) on controller Billing.API.Controllers.AuthController (Billing.API).
2026-08-08 17:22:16.812 +05:30 [INF] Executing OkObjectResult, writing value of type 'Billing.Shared.Results.Result`1[[Billing.Application.DTOs.Auth.LoginResponse, Billing.Application, Version=1.0.0.0, Culture=neutral, PublicKeyToken=null]]'.
2026-08-08 17:22:16.812 +05:30 [INF] Executed action Billing.API.Controllers.AuthController.Login (Billing.API) in 164.2615ms
2026-08-08 17:22:16.812 +05:30 [INF] Executed endpoint 'Billing.API.Controllers.AuthController.Login (Billing.API)'
2026-08-08 17:22:16.812 +05:30 [INF] HTTP POST /api/auth/login responded 200 in 164.9068 ms
2026-08-08 17:22:16.812 +05:30 [INF] Request finished HTTP/1.1 POST http://localhost:5000/api/auth/login - 200 null application/json; charset=utf-8 165.11ms
2026-08-08 17:23:39.849 +05:30 [INF] Request starting HTTP/1.1 POST http://localhost:5000/api/auth/login - application/json 70
2026-08-08 17:23:39.851 +05:30 [INF] CORS policy execution successful.
2026-08-08 17:23:39.853 +05:30 [INF] Executing endpoint 'Billing.API.Controllers.AuthController.Login (Billing.API)'
2026-08-08 17:23:39.853 +05:30 [INF] Route matched with {action = "Login", controller = "Auth"}. Executing controller action with signature System.Threading.Tasks.Task`1[Microsoft.AspNetCore.Mvc.IActionResult] Login(Billing.Application.DTOs.Auth.LoginRequest, System.Threading.CancellationToken) on controller Billing.API.Controllers.AuthController (Billing.API).
2026-08-08 17:23:40.110 +05:30 [INF] Executing UnprocessableEntityObjectResult, writing value of type 'Billing.Shared.Results.Result`1[[Billing.Application.DTOs.Auth.LoginResponse, Billing.Application, Version=1.0.0.0, Culture=neutral, PublicKeyToken=null]]'.
2026-08-08 17:23:40.118 +05:30 [INF] Executed action Billing.API.Controllers.AuthController.Login (Billing.API) in 265.4026ms
2026-08-08 17:23:40.118 +05:30 [INF] Executed endpoint 'Billing.API.Controllers.AuthController.Login (Billing.API)'
2026-08-08 17:23:40.119 +05:30 [INF] HTTP POST /api/auth/login responded 422 in 269.2085 ms
2026-08-08 17:23:40.119 +05:30 [INF] Request finished HTTP/1.1 POST http://localhost:5000/api/auth/login - 422 null application/json; charset=utf-8 269.7915ms
2026-08-08 17:24:18.031 +05:30 [INF] Request starting HTTP/1.1 POST http://localhost:5000/api/auth/login - application/json 108
2026-08-08 17:24:18.031 +05:30 [INF] Executing endpoint 'Billing.API.Controllers.AuthController.Login (Billing.API)'
2026-08-08 17:24:18.031 +05:30 [INF] Route matched with {action = "Login", controller = "Auth"}. Executing controller action with signature System.Threading.Tasks.Task`1[Microsoft.AspNetCore.Mvc.IActionResult] Login(Billing.Application.DTOs.Auth.LoginRequest, System.Threading.CancellationToken) on controller Billing.API.Controllers.AuthController (Billing.API).
2026-08-08 17:24:18.206 +05:30 [INF] Executing OkObjectResult, writing value of type 'Billing.Shared.Results.Result`1[[Billing.Application.DTOs.Auth.LoginResponse, Billing.Application, Version=1.0.0.0, Culture=neutral, PublicKeyToken=null]]'.
2026-08-08 17:24:18.207 +05:30 [INF] Executed action Billing.API.Controllers.AuthController.Login (Billing.API) in 175.9148ms
2026-08-08 17:24:18.207 +05:30 [INF] Executed endpoint 'Billing.API.Controllers.AuthController.Login (Billing.API)'
2026-08-08 17:24:18.207 +05:30 [INF] HTTP POST /api/auth/login responded 200 in 176.3920 ms
2026-08-08 17:24:18.208 +05:30 [INF] Request finished HTTP/1.1 POST http://localhost:5000/api/auth/login - 200 null application/json; charset=utf-8 176.6107ms
2026-08-08 17:28:34.206 +05:30 [INF] Request starting HTTP/1.1 POST http://localhost:5000/api/auth/login - application/json 57
2026-08-08 17:28:34.207 +05:30 [INF] CORS policy execution successful.
2026-08-08 17:28:34.207 +05:30 [INF] Executing endpoint 'Billing.API.Controllers.AuthController.Login (Billing.API)'
2026-08-08 17:28:34.208 +05:30 [INF] Route matched with {action = "Login", controller = "Auth"}. Executing controller action with signature System.Threading.Tasks.Task`1[Microsoft.AspNetCore.Mvc.IActionResult] Login(Billing.Application.DTOs.Auth.LoginRequest, System.Threading.CancellationToken) on controller Billing.API.Controllers.AuthController (Billing.API).
2026-08-08 17:28:34.514 +05:30 [INF] Executing OkObjectResult, writing value of type 'Billing.Shared.Results.Result`1[[Billing.Application.DTOs.Auth.LoginResponse, Billing.Application, Version=1.0.0.0, Culture=neutral, PublicKeyToken=null]]'.
2026-08-08 17:28:34.517 +05:30 [INF] Executed action Billing.API.Controllers.AuthController.Login (Billing.API) in 308.9865ms
2026-08-08 17:28:34.517 +05:30 [INF] Executed endpoint 'Billing.API.Controllers.AuthController.Login (Billing.API)'
2026-08-08 17:28:34.517 +05:30 [INF] HTTP POST /api/auth/login responded 200 in 309.9075 ms
2026-08-08 17:28:34.517 +05:30 [INF] Request finished HTTP/1.1 POST http://localhost:5000/api/auth/login - 200 null application/json; charset=utf-8 310.7441ms
2026-08-08 17:28:34.674 +05:30 [INF] Request starting HTTP/1.1 GET http://localhost:5000/api/dashboard?from=2026-07-09&to=2026-08-08 - null null
2026-08-08 17:28:34.690 +05:30 [INF] Executing endpoint 'Billing.API.Controllers.DashboardController.GetDashboard (Billing.API)'
2026-08-08 17:28:34.690 +05:30 [INF] Route matched with {action = "GetDashboard", controller = "Dashboard"}. Executing controller action with signature System.Threading.Tasks.Task`1[Microsoft.AspNetCore.Mvc.IActionResult] GetDashboard(System.Nullable`1[System.DateTime], System.Nullable`1[System.DateTime], System.Threading.CancellationToken) on controller Billing.API.Controllers.DashboardController (Billing.API).
2026-08-08 17:28:34.715 +05:30 [INF] Handling GetDashboardQuery
2026-08-08 17:28:34.846 +05:30 [INF] Handled GetDashboardQuery in 131ms
2026-08-08 17:28:34.848 +05:30 [INF] Executing OkObjectResult, writing value of type 'Billing.Shared.Results.Result`1[[Billing.Application.DTOs.DashboardDto, Billing.Application, Version=1.0.0.0, Culture=neutral, PublicKeyToken=null]]'.
2026-08-08 17:28:34.852 +05:30 [INF] Executed action Billing.API.Controllers.DashboardController.GetDashboard (Billing.API) in 161.4767ms
2026-08-08 17:28:34.852 +05:30 [INF] Executed endpoint 'Billing.API.Controllers.DashboardController.GetDashboard (Billing.API)'
2026-08-08 17:28:34.852 +05:30 [INF] HTTP GET /api/dashboard responded 200 in 177.6949 ms
2026-08-08 17:28:34.852 +05:30 [INF] Request finished HTTP/1.1 GET http://localhost:5000/api/dashboard?from=2026-07-09&to=2026-08-08 - 200 null application/json; charset=utf-8 177.9825ms
2026-08-08 17:28:50.074 +05:30 [INF] Request starting HTTP/1.1 GET http://localhost:5000/api/customers?page=1&pageSize=50 - null null
2026-08-08 17:28:50.081 +05:30 [INF] Executing endpoint 'Billing.API.Controllers.CustomersController.GetCustomers (Billing.API)'
2026-08-08 17:28:50.142 +05:30 [INF] Route matched with {action = "GetCustomers", controller = "Customers"}. Executing controller action with signature System.Threading.Tasks.Task`1[Microsoft.AspNetCore.Mvc.IActionResult] GetCustomers(Int32, Int32, System.String, System.Threading.CancellationToken) on controller Billing.API.Controllers.CustomersController (Billing.API).
2026-08-08 17:28:50.170 +05:30 [INF] Handling GetCustomersQuery
2026-08-08 17:28:50.601 +05:30 [INF] Handled GetCustomersQuery in 431ms
2026-08-08 17:28:50.602 +05:30 [INF] Executing OkObjectResult, writing value of type 'Billing.Shared.Results.Result`1[[Billing.Application.Common.PagedResult`1[[Billing.Application.DTOs.CustomerDto, Billing.Application, Version=1.0.0.0, Culture=neutral, PublicKeyToken=null]], Billing.Application, Version=1.0.0.0, Culture=neutral, PublicKeyToken=null]]'.
2026-08-08 17:28:50.628 +05:30 [INF] Executed action Billing.API.Controllers.CustomersController.GetCustomers (Billing.API) in 486.1945ms
2026-08-08 17:28:50.628 +05:30 [INF] Executed endpoint 'Billing.API.Controllers.CustomersController.GetCustomers (Billing.API)'
2026-08-08 17:28:50.628 +05:30 [INF] HTTP GET /api/customers responded 200 in 550.5107 ms
2026-08-08 17:28:50.629 +05:30 [INF] Request finished HTTP/1.1 GET http://localhost:5000/api/customers?page=1&pageSize=50 - 200 null application/json; charset=utf-8 554.9487ms
2026-08-08 17:28:52.847 +05:30 [INF] Request starting HTTP/1.1 GET http://localhost:5000/api/products/search?term=wa&limit=20 - null null
2026-08-08 17:28:52.848 +05:30 [INF] Executing endpoint 'Billing.API.Controllers.ProductsController.Search (Billing.API)'
2026-08-08 17:28:52.858 +05:30 [INF] Route matched with {action = "Search", controller = "Products"}. Executing controller action with signature System.Threading.Tasks.Task`1[Microsoft.AspNetCore.Mvc.IActionResult] Search(System.String, Int32, System.Threading.CancellationToken) on controller Billing.API.Controllers.ProductsController (Billing.API).
2026-08-08 17:28:52.868 +05:30 [INF] Handling SearchProductsQuery
2026-08-08 17:28:52.928 +05:30 [INF] Handled SearchProductsQuery in 60ms
2026-08-08 17:28:52.929 +05:30 [INF] Executing OkObjectResult, writing value of type 'Billing.Shared.Results.Result`1[[System.Collections.Generic.IReadOnlyList`1[[Billing.Application.DTOs.Products.ProductDto, Billing.Application, Version=1.0.0.0, Culture=neutral, PublicKeyToken=null]], System.Private.CoreLib, Version=9.0.0.0, Culture=neutral, PublicKeyToken=7cec85d7bea7798e]]'.
2026-08-08 17:28:52.961 +05:30 [INF] Executed action Billing.API.Controllers.ProductsController.Search (Billing.API) in 102.9238ms
2026-08-08 17:28:52.961 +05:30 [INF] Executed endpoint 'Billing.API.Controllers.ProductsController.Search (Billing.API)'
2026-08-08 17:28:52.962 +05:30 [INF] HTTP GET /api/products/search responded 200 in 114.7508 ms
2026-08-08 17:28:52.962 +05:30 [INF] Request finished HTTP/1.1 GET http://localhost:5000/api/products/search?term=wa&limit=20 - 200 null application/json; charset=utf-8 115.0672ms
2026-08-08 17:29:04.986 +05:30 [INF] Request starting HTTP/1.1 GET http://localhost:5000/api/customers?page=1&pageSize=10 - null null
2026-08-08 17:29:04.987 +05:30 [INF] Executing endpoint 'Billing.API.Controllers.CustomersController.GetCustomers (Billing.API)'
2026-08-08 17:29:04.988 +05:30 [INF] Route matched with {action = "GetCustomers", controller = "Customers"}. Executing controller action with signature System.Threading.Tasks.Task`1[Microsoft.AspNetCore.Mvc.IActionResult] GetCustomers(Int32, Int32, System.String, System.Threading.CancellationToken) on controller Billing.API.Controllers.CustomersController (Billing.API).
2026-08-08 17:29:04.989 +05:30 [INF] Handling GetCustomersQuery
2026-08-08 17:29:05.008 +05:30 [INF] Handled GetCustomersQuery in 18ms
2026-08-08 17:29:05.008 +05:30 [INF] Executing OkObjectResult, writing value of type 'Billing.Shared.Results.Result`1[[Billing.Application.Common.PagedResult`1[[Billing.Application.DTOs.CustomerDto, Billing.Application, Version=1.0.0.0, Culture=neutral, PublicKeyToken=null]], Billing.Application, Version=1.0.0.0, Culture=neutral, PublicKeyToken=null]]'.
2026-08-08 17:29:05.009 +05:30 [INF] Executed action Billing.API.Controllers.CustomersController.GetCustomers (Billing.API) in 21.1518ms
2026-08-08 17:29:05.009 +05:30 [INF] Executed endpoint 'Billing.API.Controllers.CustomersController.GetCustomers (Billing.API)'
2026-08-08 17:29:05.009 +05:30 [INF] HTTP GET /api/customers responded 200 in 22.6966 ms
2026-08-08 17:29:05.009 +05:30 [INF] Request finished HTTP/1.1 GET http://localhost:5000/api/customers?page=1&pageSize=10 - 200 null application/json; charset=utf-8 22.9801ms
2026-08-08 17:29:14.432 +05:30 [INF] Request starting HTTP/1.1 GET http://localhost:5000/api/products/search?term=war&limit=20 - null null
2026-08-08 17:29:14.435 +05:30 [INF] Executing endpoint 'Billing.API.Controllers.ProductsController.Search (Billing.API)'
2026-08-08 17:29:14.435 +05:30 [INF] Route matched with {action = "Search", controller = "Products"}. Executing controller action with signature System.Threading.Tasks.Task`1[Microsoft.AspNetCore.Mvc.IActionResult] Search(System.String, Int32, System.Threading.CancellationToken) on controller Billing.API.Controllers.ProductsController (Billing.API).
2026-08-08 17:29:14.436 +05:30 [INF] Handling SearchProductsQuery
2026-08-08 17:29:14.477 +05:30 [INF] Handled SearchProductsQuery in 40ms
2026-08-08 17:29:14.477 +05:30 [INF] Executing OkObjectResult, writing value of type 'Billing.Shared.Results.Result`1[[System.Collections.Generic.IReadOnlyList`1[[Billing.Application.DTOs.Products.ProductDto, Billing.Application, Version=1.0.0.0, Culture=neutral, PublicKeyToken=null]], System.Private.CoreLib, Version=9.0.0.0, Culture=neutral, PublicKeyToken=7cec85d7bea7798e]]'.
2026-08-08 17:29:14.478 +05:30 [INF] Executed action Billing.API.Controllers.ProductsController.Search (Billing.API) in 43.2092ms
2026-08-08 17:29:14.478 +05:30 [INF] Executed endpoint 'Billing.API.Controllers.ProductsController.Search (Billing.API)'
2026-08-08 17:29:14.479 +05:30 [INF] HTTP GET /api/products/search responded 200 in 45.1653 ms
2026-08-08 17:29:14.479 +05:30 [INF] Request finished HTTP/1.1 GET http://localhost:5000/api/products/search?term=war&limit=20 - 200 null application/json; charset=utf-8 46.705ms
2026-08-08 17:29:15.863 +05:30 [INF] Request starting HTTP/1.1 GET http://localhost:5000/api/products/search?term=wat&limit=20 - null null
2026-08-08 17:29:15.864 +05:30 [INF] Executing endpoint 'Billing.API.Controllers.ProductsController.Search (Billing.API)'
2026-08-08 17:29:15.864 +05:30 [INF] Route matched with {action = "Search", controller = "Products"}. Executing controller action with signature System.Threading.Tasks.Task`1[Microsoft.AspNetCore.Mvc.IActionResult] Search(System.String, Int32, System.Threading.CancellationToken) on controller Billing.API.Controllers.ProductsController (Billing.API).
2026-08-08 17:29:15.870 +05:30 [INF] Handling SearchProductsQuery
2026-08-08 17:29:15.902 +05:30 [INF] Handled SearchProductsQuery in 31ms
2026-08-08 17:29:15.902 +05:30 [INF] Executing OkObjectResult, writing value of type 'Billing.Shared.Results.Result`1[[System.Collections.Generic.IReadOnlyList`1[[Billing.Application.DTOs.Products.ProductDto, Billing.Application, Version=1.0.0.0, Culture=neutral, PublicKeyToken=null]], System.Private.CoreLib, Version=9.0.0.0, Culture=neutral, PublicKeyToken=7cec85d7bea7798e]]'.
2026-08-08 17:29:15.903 +05:30 [INF] Executed action Billing.API.Controllers.ProductsController.Search (Billing.API) in 38.5714ms
2026-08-08 17:29:15.903 +05:30 [INF] Executed endpoint 'Billing.API.Controllers.ProductsController.Search (Billing.API)'
2026-08-08 17:29:15.903 +05:30 [INF] HTTP GET /api/products/search responded 200 in 40.1866 ms
2026-08-08 17:29:15.903 +05:30 [INF] Request finished HTTP/1.1 GET http://localhost:5000/api/products/search?term=wat&limit=20 - 200 null application/json; charset=utf-8 40.4394ms
2026-08-08 17:29:35.130 +05:30 [INF] Request starting HTTP/1.1 GET http://localhost:5000/api/products?page=1&pageSize=10 - null null
2026-08-08 17:29:35.131 +05:30 [INF] Executing endpoint 'Billing.API.Controllers.ProductsController.GetProducts (Billing.API)'
2026-08-08 17:29:35.142 +05:30 [INF] Route matched with {action = "GetProducts", controller = "Products"}. Executing controller action with signature System.Threading.Tasks.Task`1[Microsoft.AspNetCore.Mvc.IActionResult] GetProducts(Int32, Int32, System.String, System.String, Boolean, System.Threading.CancellationToken) on controller Billing.API.Controllers.ProductsController (Billing.API).
2026-08-08 17:29:35.147 +05:30 [INF] Handling GetProductsQuery
2026-08-08 17:29:35.190 +05:30 [INF] Handled GetProductsQuery in 43ms
2026-08-08 17:29:35.191 +05:30 [INF] Executing OkObjectResult, writing value of type 'Billing.Shared.Results.Result`1[[Billing.Application.Common.PagedResult`1[[Billing.Application.DTOs.Products.ProductDto, Billing.Application, Version=1.0.0.0, Culture=neutral, PublicKeyToken=null]], Billing.Application, Version=1.0.0.0, Culture=neutral, PublicKeyToken=null]]'.
2026-08-08 17:29:35.198 +05:30 [INF] Executed action Billing.API.Controllers.ProductsController.GetProducts (Billing.API) in 56.364ms
2026-08-08 17:29:35.198 +05:30 [INF] Executed endpoint 'Billing.API.Controllers.ProductsController.GetProducts (Billing.API)'
2026-08-08 17:29:35.198 +05:30 [INF] HTTP GET /api/products responded 200 in 67.7542 ms
2026-08-08 17:29:35.198 +05:30 [INF] Request finished HTTP/1.1 GET http://localhost:5000/api/products?page=1&pageSize=10 - 200 null application/json; charset=utf-8 68.002ms
2026-08-08 17:29:43.154 +05:30 [INF] Request starting HTTP/1.1 GET http://localhost:5000/api/products/44444444-0000-0000-0000-000000000001 - null null
2026-08-08 17:29:43.163 +05:30 [INF] Executing endpoint 'Billing.API.Controllers.ProductsController.GetProduct (Billing.API)'
2026-08-08 17:29:43.170 +05:30 [INF] Route matched with {action = "GetProduct", controller = "Products"}. Executing controller action with signature System.Threading.Tasks.Task`1[Microsoft.AspNetCore.Mvc.IActionResult] GetProduct(System.Guid, System.Threading.CancellationToken) on controller Billing.API.Controllers.ProductsController (Billing.API).
2026-08-08 17:29:43.177 +05:30 [INF] Handling GetProductByIdQuery
2026-08-08 17:29:43.210 +05:30 [INF] Handled GetProductByIdQuery in 33ms
2026-08-08 17:29:43.210 +05:30 [INF] Executing OkObjectResult, writing value of type 'Billing.Shared.Results.Result`1[[Billing.Application.DTOs.Products.ProductDto, Billing.Application, Version=1.0.0.0, Culture=neutral, PublicKeyToken=null]]'.
2026-08-08 17:29:43.214 +05:30 [INF] Executed action Billing.API.Controllers.ProductsController.GetProduct (Billing.API) in 43.418ms
2026-08-08 17:29:43.214 +05:30 [INF] Executed endpoint 'Billing.API.Controllers.ProductsController.GetProduct (Billing.API)'
2026-08-08 17:29:43.216 +05:30 [INF] HTTP GET /api/products/44444444-0000-0000-0000-000000000001 responded 200 in 54.2045 ms
2026-08-08 17:29:43.216 +05:30 [INF] Request finished HTTP/1.1 GET http://localhost:5000/api/products/44444444-0000-0000-0000-000000000001 - 200 null application/json; charset=utf-8 62.0233ms
2026-08-08 17:29:55.526 +05:30 [INF] Request starting HTTP/1.1 PUT http://localhost:5000/api/products/44444444-0000-0000-0000-000000000001 - application/json 397
2026-08-08 17:29:55.526 +05:30 [INF] CORS policy execution successful.
2026-08-08 17:29:55.527 +05:30 [INF] Executing endpoint 'Billing.API.Controllers.ProductsController.UpdateProduct (Billing.API)'
2026-08-08 17:29:55.536 +05:30 [INF] Route matched with {action = "UpdateProduct", controller = "Products"}. Executing controller action with signature System.Threading.Tasks.Task`1[Microsoft.AspNetCore.Mvc.IActionResult] UpdateProduct(System.Guid, Billing.Application.DTOs.Products.UpdateProductRequest, System.Threading.CancellationToken) on controller Billing.API.Controllers.ProductsController (Billing.API).
2026-08-08 17:29:55.583 +05:30 [INF] Handling UpdateProductCommand
2026-08-08 17:29:55.761 +05:30 [INF] Handled UpdateProductCommand in 178ms
2026-08-08 17:29:55.762 +05:30 [INF] Executing OkObjectResult, writing value of type 'Billing.Shared.Results.Result'.
2026-08-08 17:29:55.762 +05:30 [INF] Executed action Billing.API.Controllers.ProductsController.UpdateProduct (Billing.API) in 226.2852ms
2026-08-08 17:29:55.763 +05:30 [INF] Executed endpoint 'Billing.API.Controllers.ProductsController.UpdateProduct (Billing.API)'
2026-08-08 17:29:55.763 +05:30 [INF] HTTP PUT /api/products/44444444-0000-0000-0000-000000000001 responded 200 in 236.7289 ms
2026-08-08 17:29:55.763 +05:30 [INF] Request finished HTTP/1.1 PUT http://localhost:5000/api/products/44444444-0000-0000-0000-000000000001 - 200 null application/json; charset=utf-8 237.1297ms
2026-08-08 17:29:55.800 +05:30 [INF] Request starting HTTP/1.1 GET http://localhost:5000/api/products/44444444-0000-0000-0000-000000000001 - null null
2026-08-08 17:29:55.801 +05:30 [INF] Executing endpoint 'Billing.API.Controllers.ProductsController.GetProduct (Billing.API)'
2026-08-08 17:29:55.801 +05:30 [INF] Route matched with {action = "GetProduct", controller = "Products"}. Executing controller action with signature System.Threading.Tasks.Task`1[Microsoft.AspNetCore.Mvc.IActionResult] GetProduct(System.Guid, System.Threading.CancellationToken) on controller Billing.API.Controllers.ProductsController (Billing.API).
2026-08-08 17:29:55.803 +05:30 [INF] Handling GetProductByIdQuery
2026-08-08 17:29:55.807 +05:30 [INF] Handled GetProductByIdQuery in 4ms
2026-08-08 17:29:55.808 +05:30 [INF] Executing OkObjectResult, writing value of type 'Billing.Shared.Results.Result`1[[Billing.Application.DTOs.Products.ProductDto, Billing.Application, Version=1.0.0.0, Culture=neutral, PublicKeyToken=null]]'.
2026-08-08 17:29:55.808 +05:30 [INF] Executed action Billing.API.Controllers.ProductsController.GetProduct (Billing.API) in 7.0508ms
2026-08-08 17:29:55.808 +05:30 [INF] Executed endpoint 'Billing.API.Controllers.ProductsController.GetProduct (Billing.API)'
2026-08-08 17:29:55.808 +05:30 [INF] HTTP GET /api/products/44444444-0000-0000-0000-000000000001 responded 200 in 8.6006 ms
2026-08-08 17:29:55.809 +05:30 [INF] Request finished HTTP/1.1 GET http://localhost:5000/api/products/44444444-0000-0000-0000-000000000001 - 200 null application/json; charset=utf-8 8.9463ms
2026-08-08 17:29:55.903 +05:30 [INF] Request starting HTTP/1.1 GET http://localhost:5000/api/products?page=1&pageSize=10 - null null
2026-08-08 17:29:55.909 +05:30 [INF] Executing endpoint 'Billing.API.Controllers.ProductsController.GetProducts (Billing.API)'
2026-08-08 17:29:55.910 +05:30 [INF] Route matched with {action = "GetProducts", controller = "Products"}. Executing controller action with signature System.Threading.Tasks.Task`1[Microsoft.AspNetCore.Mvc.IActionResult] GetProducts(Int32, Int32, System.String, System.String, Boolean, System.Threading.CancellationToken) on controller Billing.API.Controllers.ProductsController (Billing.API).
2026-08-08 17:29:55.915 +05:30 [INF] Handling GetProductsQuery
2026-08-08 17:29:55.942 +05:30 [INF] Handled GetProductsQuery in 27ms
2026-08-08 17:29:55.942 +05:30 [INF] Executing OkObjectResult, writing value of type 'Billing.Shared.Results.Result`1[[Billing.Application.Common.PagedResult`1[[Billing.Application.DTOs.Products.ProductDto, Billing.Application, Version=1.0.0.0, Culture=neutral, PublicKeyToken=null]], Billing.Application, Version=1.0.0.0, Culture=neutral, PublicKeyToken=null]]'.
2026-08-08 17:29:55.944 +05:30 [INF] Executed action Billing.API.Controllers.ProductsController.GetProducts (Billing.API) in 34.4148ms
2026-08-08 17:29:55.944 +05:30 [INF] Executed endpoint 'Billing.API.Controllers.ProductsController.GetProducts (Billing.API)'
2026-08-08 17:29:55.944 +05:30 [INF] HTTP GET /api/products responded 200 in 41.5761 ms
2026-08-08 17:29:55.944 +05:30 [INF] Request finished HTTP/1.1 GET http://localhost:5000/api/products?page=1&pageSize=10 - 200 null application/json; charset=utf-8 41.8559ms
2026-08-08 17:30:48.511 +05:30 [INF] Request starting HTTP/1.1 GET http://localhost:5000/api/purchases?page=1&pageSize=10 - null null
2026-08-08 17:30:48.513 +05:30 [INF] Request starting HTTP/1.1 GET http://localhost:5000/api/suppliers?page=1&pageSize=1000 - null null
2026-08-08 17:30:48.513 +05:30 [INF] Executing endpoint 'Billing.API.Controllers.PurchasesController.GetPurchases (Billing.API)'
2026-08-08 17:30:48.514 +05:30 [INF] Executing endpoint 'Billing.API.Controllers.SuppliersController.GetSuppliers (Billing.API)'
2026-08-08 17:30:48.521 +05:30 [INF] Route matched with {action = "GetPurchases", controller = "Purchases"}. Executing controller action with signature System.Threading.Tasks.Task`1[Microsoft.AspNetCore.Mvc.IActionResult] GetPurchases(Int32, Int32, System.Threading.CancellationToken) on controller Billing.API.Controllers.PurchasesController (Billing.API).
2026-08-08 17:30:48.521 +05:30 [INF] Route matched with {action = "GetSuppliers", controller = "Suppliers"}. Executing controller action with signature System.Threading.Tasks.Task`1[Microsoft.AspNetCore.Mvc.IActionResult] GetSuppliers(Int32, Int32, System.String, System.Threading.CancellationToken) on controller Billing.API.Controllers.SuppliersController (Billing.API).
2026-08-08 17:30:48.528 +05:30 [INF] Handling GetSuppliersQuery
2026-08-08 17:30:48.528 +05:30 [INF] Handling GetPurchasesQuery
2026-08-08 17:30:48.603 +05:30 [INF] Handled GetSuppliersQuery in 75ms
2026-08-08 17:30:48.603 +05:30 [INF] Executing OkObjectResult, writing value of type 'Billing.Shared.Results.Result`1[[Billing.Application.Common.PagedResult`1[[Billing.Application.DTOs.SupplierDto, Billing.Application, Version=1.0.0.0, Culture=neutral, PublicKeyToken=null]], Billing.Application, Version=1.0.0.0, Culture=neutral, PublicKeyToken=null]]'.
2026-08-08 17:30:48.616 +05:30 [INF] Handled GetPurchasesQuery in 89ms
2026-08-08 17:30:48.617 +05:30 [INF] Executing OkObjectResult, writing value of type 'Billing.Shared.Results.Result`1[[Billing.Application.Common.PagedResult`1[[Billing.Application.DTOs.PurchaseDto, Billing.Application, Version=1.0.0.0, Culture=neutral, PublicKeyToken=null]], Billing.Application, Version=1.0.0.0, Culture=neutral, PublicKeyToken=null]]'.
2026-08-08 17:30:48.618 +05:30 [INF] Executed action Billing.API.Controllers.SuppliersController.GetSuppliers (Billing.API) in 96.3952ms
2026-08-08 17:30:48.618 +05:30 [INF] Executed endpoint 'Billing.API.Controllers.SuppliersController.GetSuppliers (Billing.API)'
2026-08-08 17:30:48.618 +05:30 [INF] HTTP GET /api/suppliers responded 200 in 105.5886 ms
2026-08-08 17:30:48.618 +05:30 [INF] Request finished HTTP/1.1 GET http://localhost:5000/api/suppliers?page=1&pageSize=1000 - 200 null application/json; charset=utf-8 105.8485ms
2026-08-08 17:30:48.663 +05:30 [INF] Executed action Billing.API.Controllers.PurchasesController.GetPurchases (Billing.API) in 142.1962ms
2026-08-08 17:30:48.663 +05:30 [INF] Executed endpoint 'Billing.API.Controllers.PurchasesController.GetPurchases (Billing.API)'
2026-08-08 17:30:48.663 +05:30 [INF] HTTP GET /api/purchases responded 200 in 152.2561 ms
2026-08-08 17:30:48.664 +05:30 [INF] Request finished HTTP/1.1 GET http://localhost:5000/api/purchases?page=1&pageSize=10 - 200 null application/json; charset=utf-8 152.9142ms
2026-08-08 17:30:54.396 +05:30 [INF] Request starting HTTP/1.1 GET http://localhost:5000/api/purchases/d6176733-a53a-474d-b578-75682fa0d09b - null null
2026-08-08 17:30:54.397 +05:30 [INF] Executing endpoint 'Billing.API.Controllers.PurchasesController.GetPurchase (Billing.API)'
2026-08-08 17:30:54.403 +05:30 [INF] Route matched with {action = "GetPurchase", controller = "Purchases"}. Executing controller action with signature System.Threading.Tasks.Task`1[Microsoft.AspNetCore.Mvc.IActionResult] GetPurchase(System.Guid, System.Threading.CancellationToken) on controller Billing.API.Controllers.PurchasesController (Billing.API).
2026-08-08 17:30:54.409 +05:30 [INF] Handling GetPurchaseByIdQuery
2026-08-08 17:30:54.470 +05:30 [INF] Handled GetPurchaseByIdQuery in 60ms
2026-08-08 17:30:54.470 +05:30 [INF] Executing OkObjectResult, writing value of type 'Billing.Shared.Results.Result`1[[Billing.Application.DTOs.PurchaseDto, Billing.Application, Version=1.0.0.0, Culture=neutral, PublicKeyToken=null]]'.
2026-08-08 17:30:54.482 +05:30 [INF] Executed action Billing.API.Controllers.PurchasesController.GetPurchase (Billing.API) in 78.6214ms
2026-08-08 17:30:54.482 +05:30 [INF] Executed endpoint 'Billing.API.Controllers.PurchasesController.GetPurchase (Billing.API)'
2026-08-08 17:30:54.482 +05:30 [INF] HTTP GET /api/purchases/d6176733-a53a-474d-b578-75682fa0d09b responded 200 in 85.8503 ms
2026-08-08 17:30:54.482 +05:30 [INF] Request finished HTTP/1.1 GET http://localhost:5000/api/purchases/d6176733-a53a-474d-b578-75682fa0d09b - 200 null application/json; charset=utf-8 86.2449ms
2026-08-08 17:31:13.650 +05:30 [INF] Request starting HTTP/1.1 GET http://localhost:5000/api/reports/profit-loss?from=2026-07-09&to=2026-08-08 - null null
2026-08-08 17:31:13.651 +05:30 [INF] Executing endpoint 'Billing.API.Controllers.ReportsController.GetProfitLoss (Billing.API)'
2026-08-08 17:31:13.659 +05:30 [INF] Route matched with {action = "GetProfitLoss", controller = "Reports"}. Executing controller action with signature System.Threading.Tasks.Task`1[Microsoft.AspNetCore.Mvc.IActionResult] GetProfitLoss(System.Nullable`1[System.DateTime], System.Nullable`1[System.DateTime], System.Threading.CancellationToken) on controller Billing.API.Controllers.ReportsController (Billing.API).
2026-08-08 17:31:13.665 +05:30 [INF] Handling GetProfitLossReportQuery
2026-08-08 17:31:13.727 +05:30 [INF] Handled GetProfitLossReportQuery in 62ms
2026-08-08 17:31:13.728 +05:30 [INF] Executing OkObjectResult, writing value of type 'Billing.Shared.Results.Result`1[[Billing.Application.DTOs.ProfitLossDto, Billing.Application, Version=1.0.0.0, Culture=neutral, PublicKeyToken=null]]'.
2026-08-08 17:31:13.734 +05:30 [INF] Executed action Billing.API.Controllers.ReportsController.GetProfitLoss (Billing.API) in 75.4407ms
2026-08-08 17:31:13.734 +05:30 [INF] Executed endpoint 'Billing.API.Controllers.ReportsController.GetProfitLoss (Billing.API)'
2026-08-08 17:31:13.734 +05:30 [INF] HTTP GET /api/reports/profit-loss responded 200 in 84.0900 ms
2026-08-08 17:31:13.735 +05:30 [INF] Request finished HTTP/1.1 GET http://localhost:5000/api/reports/profit-loss?from=2026-07-09&to=2026-08-08 - 200 null application/json; charset=utf-8 84.4893ms
2026-08-08 17:31:16.397 +05:30 [INF] Request starting HTTP/1.1 GET http://localhost:5000/api/reports/sales?from=2026-07-09&to=2026-08-08 - null null
2026-08-08 17:31:16.400 +05:30 [INF] Executing endpoint 'Billing.API.Controllers.ReportsController.GetSalesReport (Billing.API)'
2026-08-08 17:31:16.407 +05:30 [INF] Route matched with {action = "GetSalesReport", controller = "Reports"}. Executing controller action with signature System.Threading.Tasks.Task`1[Microsoft.AspNetCore.Mvc.IActionResult] GetSalesReport(System.Nullable`1[System.DateTime], System.Nullable`1[System.DateTime], System.Threading.CancellationToken) on controller Billing.API.Controllers.ReportsController (Billing.API).
2026-08-08 17:31:16.413 +05:30 [INF] Handling GetSalesReportQuery
2026-08-08 17:31:16.466 +05:30 [INF] Handled GetSalesReportQuery in 53ms
2026-08-08 17:31:16.467 +05:30 [INF] Executing OkObjectResult, writing value of type 'Billing.Shared.Results.Result`1[[Billing.Application.DTOs.SalesReportSummaryDto, Billing.Application, Version=1.0.0.0, Culture=neutral, PublicKeyToken=null]]'.
2026-08-08 17:31:16.476 +05:30 [INF] Executed action Billing.API.Controllers.ReportsController.GetSalesReport (Billing.API) in 68.9205ms
2026-08-08 17:31:16.476 +05:30 [INF] Executed endpoint 'Billing.API.Controllers.ReportsController.GetSalesReport (Billing.API)'
2026-08-08 17:31:16.476 +05:30 [INF] HTTP GET /api/reports/sales responded 200 in 76.8166 ms
2026-08-08 17:31:16.477 +05:30 [INF] Request finished HTTP/1.1 GET http://localhost:5000/api/reports/sales?from=2026-07-09&to=2026-08-08 - 200 null application/json; charset=utf-8 79.5043ms
2026-08-08 17:31:20.341 +05:30 [INF] Request starting HTTP/1.1 GET http://localhost:5000/api/reports/gst?from=2026-07-09&to=2026-08-08 - null null
2026-08-08 17:31:20.342 +05:30 [INF] Executing endpoint 'Billing.API.Controllers.ReportsController.GetGstReport (Billing.API)'
2026-08-08 17:31:20.352 +05:30 [INF] Route matched with {action = "GetGstReport", controller = "Reports"}. Executing controller action with signature System.Threading.Tasks.Task`1[Microsoft.AspNetCore.Mvc.IActionResult] GetGstReport(System.Nullable`1[System.DateTime], System.Nullable`1[System.DateTime], System.Threading.CancellationToken) on controller Billing.API.Controllers.ReportsController (Billing.API).
2026-08-08 17:31:20.357 +05:30 [INF] Handling GetGstReportQuery
2026-08-08 17:31:20.408 +05:30 [INF] Handled GetGstReportQuery in 51ms
2026-08-08 17:31:20.409 +05:30 [INF] Executing OkObjectResult, writing value of type 'Billing.Shared.Results.Result`1[[Billing.Application.DTOs.GstReportDto, Billing.Application, Version=1.0.0.0, Culture=neutral, PublicKeyToken=null]]'.
2026-08-08 17:31:20.421 +05:30 [INF] Executed action Billing.API.Controllers.ReportsController.GetGstReport (Billing.API) in 69.4951ms
2026-08-08 17:31:20.421 +05:30 [INF] Executed endpoint 'Billing.API.Controllers.ReportsController.GetGstReport (Billing.API)'
2026-08-08 17:31:20.421 +05:30 [INF] HTTP GET /api/reports/gst responded 200 in 80.3559 ms
2026-08-08 17:31:20.422 +05:30 [INF] Request finished HTTP/1.1 GET http://localhost:5000/api/reports/gst?from=2026-07-09&to=2026-08-08 - 200 null application/json; charset=utf-8 80.8388ms
2026-08-08 17:31:27.525 +05:30 [INF] Request starting HTTP/1.1 GET http://localhost:5000/api/reports/payments?from=2026-07-09&to=2026-08-08 - null null
2026-08-08 17:31:27.526 +05:30 [INF] Executing endpoint 'Billing.API.Controllers.ReportsController.GetPaymentSummary (Billing.API)'
2026-08-08 17:31:27.535 +05:30 [INF] Route matched with {action = "GetPaymentSummary", controller = "Reports"}. Executing controller action with signature System.Threading.Tasks.Task`1[Microsoft.AspNetCore.Mvc.IActionResult] GetPaymentSummary(System.Nullable`1[System.DateTime], System.Nullable`1[System.DateTime], System.Threading.CancellationToken) on controller Billing.API.Controllers.ReportsController (Billing.API).
2026-08-08 17:31:27.544 +05:30 [INF] Handling GetPaymentSummaryReportQuery
2026-08-08 17:31:27.587 +05:30 [INF] Handled GetPaymentSummaryReportQuery in 43ms
2026-08-08 17:31:27.587 +05:30 [INF] Executing OkObjectResult, writing value of type 'Billing.Shared.Results.Result`1[[Billing.Application.DTOs.PaymentSummaryDto, Billing.Application, Version=1.0.0.0, Culture=neutral, PublicKeyToken=null]]'.
2026-08-08 17:31:27.596 +05:30 [INF] Executed action Billing.API.Controllers.ReportsController.GetPaymentSummary (Billing.API) in 60.4805ms
2026-08-08 17:31:27.596 +05:30 [INF] Executed endpoint 'Billing.API.Controllers.ReportsController.GetPaymentSummary (Billing.API)'
2026-08-08 17:31:27.596 +05:30 [INF] HTTP GET /api/reports/payments responded 200 in 71.4782 ms
2026-08-08 17:31:27.597 +05:30 [INF] Request finished HTTP/1.1 GET http://localhost:5000/api/reports/payments?from=2026-07-09&to=2026-08-08 - 200 null application/json; charset=utf-8 71.6631ms
2026-08-08 17:31:31.071 +05:30 [INF] Request starting HTTP/1.1 GET http://localhost:5000/api/reports/inventory-valuation - null null
2026-08-08 17:31:31.073 +05:30 [INF] Executing endpoint 'Billing.API.Controllers.ReportsController.GetInventoryValuation (Billing.API)'
2026-08-08 17:31:31.081 +05:30 [INF] Route matched with {action = "GetInventoryValuation", controller = "Reports"}. Executing controller action with signature System.Threading.Tasks.Task`1[Microsoft.AspNetCore.Mvc.IActionResult] GetInventoryValuation(System.Threading.CancellationToken) on controller Billing.API.Controllers.ReportsController (Billing.API).
2026-08-08 17:31:31.085 +05:30 [INF] Handling GetInventoryValuationReportQuery
2026-08-08 17:31:31.119 +05:30 [INF] Handled GetInventoryValuationReportQuery in 33ms
2026-08-08 17:31:31.119 +05:30 [INF] Executing OkObjectResult, writing value of type 'Billing.Shared.Results.Result`1[[Billing.Application.DTOs.InventoryValuationSummaryDto, Billing.Application, Version=1.0.0.0, Culture=neutral, PublicKeyToken=null]]'.
2026-08-08 17:31:31.130 +05:30 [INF] Executed action Billing.API.Controllers.ReportsController.GetInventoryValuation (Billing.API) in 49.2672ms
2026-08-08 17:31:31.130 +05:30 [INF] Executed endpoint 'Billing.API.Controllers.ReportsController.GetInventoryValuation (Billing.API)'
2026-08-08 17:31:31.131 +05:30 [INF] HTTP GET /api/reports/inventory-valuation responded 200 in 59.5152 ms
2026-08-08 17:31:31.131 +05:30 [INF] Request finished HTTP/1.1 GET http://localhost:5000/api/reports/inventory-valuation - 200 null application/json; charset=utf-8 60.1253ms
2026-08-08 17:31:40.047 +05:30 [INF] Request starting HTTP/1.1 GET http://localhost:5000/api/reports/top-products?from=2026-07-09&to=2026-08-08 - null null
2026-08-08 17:31:40.048 +05:30 [INF] Executing endpoint 'Billing.API.Controllers.ReportsController.GetTopProducts (Billing.API)'
2026-08-08 17:31:40.058 +05:30 [INF] Route matched with {action = "GetTopProducts", controller = "Reports"}. Executing controller action with signature System.Threading.Tasks.Task`1[Microsoft.AspNetCore.Mvc.IActionResult] GetTopProducts(System.Nullable`1[System.DateTime], System.Nullable`1[System.DateTime], Int32, System.Threading.CancellationToken) on controller Billing.API.Controllers.ReportsController (Billing.API).
2026-08-08 17:31:40.064 +05:30 [INF] Handling GetTopProductsReportQuery
2026-08-08 17:31:40.095 +05:30 [INF] Handled GetTopProductsReportQuery in 30ms
2026-08-08 17:31:40.095 +05:30 [INF] Executing OkObjectResult, writing value of type 'Billing.Shared.Results.Result`1[[System.Collections.Generic.IReadOnlyList`1[[Billing.Application.DTOs.TopProductDto, Billing.Application, Version=1.0.0.0, Culture=neutral, PublicKeyToken=null]], System.Private.CoreLib, Version=9.0.0.0, Culture=neutral, PublicKeyToken=7cec85d7bea7798e]]'.
2026-08-08 17:31:40.098 +05:30 [INF] Executed action Billing.API.Controllers.ReportsController.GetTopProducts (Billing.API) in 39.8455ms
2026-08-08 17:31:40.098 +05:30 [INF] Executed endpoint 'Billing.API.Controllers.ReportsController.GetTopProducts (Billing.API)'
2026-08-08 17:31:40.098 +05:30 [INF] HTTP GET /api/reports/top-products responded 200 in 51.1290 ms
2026-08-08 17:31:40.098 +05:30 [INF] Request finished HTTP/1.1 GET http://localhost:5000/api/reports/top-products?from=2026-07-09&to=2026-08-08 - 200 null application/json; charset=utf-8 51.3841ms
2026-08-08 17:32:01.644 +05:30 [INF] Request starting HTTP/1.1 POST http://localhost:5000/api/auth/logout - application/json 1604
2026-08-08 17:32:01.645 +05:30 [INF] CORS policy execution successful.
2026-08-08 17:32:01.646 +05:30 [INF] Executing endpoint 'Billing.API.Controllers.AuthController.Logout (Billing.API)'
2026-08-08 17:32:01.646 +05:30 [INF] Route matched with {action = "Logout", controller = "Auth"}. Executing controller action with signature System.Threading.Tasks.Task`1[Microsoft.AspNetCore.Mvc.IActionResult] Logout(Billing.API.Controllers.RevokeRequest, System.Threading.CancellationToken) on controller Billing.API.Controllers.AuthController (Billing.API).
2026-08-08 17:32:01.703 +05:30 [INF] Executing OkObjectResult, writing value of type 'Billing.Shared.Results.Result'.
2026-08-08 17:32:01.704 +05:30 [INF] Executed action Billing.API.Controllers.AuthController.Logout (Billing.API) in 58.1201ms
2026-08-08 17:32:01.705 +05:30 [INF] Executed endpoint 'Billing.API.Controllers.AuthController.Logout (Billing.API)'
2026-08-08 17:32:01.705 +05:30 [INF] HTTP POST /api/auth/logout responded 200 in 59.9777 ms
2026-08-08 17:32:01.705 +05:30 [INF] Request finished HTTP/1.1 POST http://localhost:5000/api/auth/logout - 200 null application/json; charset=utf-8 60.4804ms
2026-08-08 17:32:48.629 +05:30 [INF] Request starting HTTP/1.1 POST http://localhost:5000/api/auth/login - application/json 49
2026-08-08 17:32:48.629 +05:30 [INF] CORS policy execution successful.
2026-08-08 17:32:48.630 +05:30 [INF] Executing endpoint 'Billing.API.Controllers.AuthController.Login (Billing.API)'
2026-08-08 17:32:48.630 +05:30 [INF] Route matched with {action = "Login", controller = "Auth"}. Executing controller action with signature System.Threading.Tasks.Task`1[Microsoft.AspNetCore.Mvc.IActionResult] Login(Billing.Application.DTOs.Auth.LoginRequest, System.Threading.CancellationToken) on controller Billing.API.Controllers.AuthController (Billing.API).
2026-08-08 17:32:48.946 +05:30 [INF] Executing OkObjectResult, writing value of type 'Billing.Shared.Results.Result`1[[Billing.Application.DTOs.Auth.LoginResponse, Billing.Application, Version=1.0.0.0, Culture=neutral, PublicKeyToken=null]]'.
2026-08-08 17:32:48.946 +05:30 [INF] Executed action Billing.API.Controllers.AuthController.Login (Billing.API) in 316.1547ms
2026-08-08 17:32:48.946 +05:30 [INF] Executed endpoint 'Billing.API.Controllers.AuthController.Login (Billing.API)'
2026-08-08 17:32:48.946 +05:30 [INF] HTTP POST /api/auth/login responded 200 in 316.7228 ms
2026-08-08 17:32:48.946 +05:30 [INF] Request finished HTTP/1.1 POST http://localhost:5000/api/auth/login - 200 null application/json; charset=utf-8 317.0625ms
2026-08-08 17:33:42.630 +05:30 [INF] Request starting HTTP/1.1 GET http://localhost:5000/api/dashboard?from=2026-07-09&to=2026-08-08 - null null
2026-08-08 17:33:42.642 +05:30 [INF] Authorization failed. These requirements were not met:
Billing.Identity.Authorization.PermissionRequirement
2026-08-08 17:33:42.653 +05:30 [INF] AuthenticationScheme: Bearer was forbidden.
2026-08-08 17:33:42.653 +05:30 [INF] HTTP GET /api/dashboard responded 403 in 22.2248 ms
2026-08-08 17:33:42.653 +05:30 [INF] Request finished HTTP/1.1 GET http://localhost:5000/api/dashboard?from=2026-07-09&to=2026-08-08 - 403 0 null 22.6386ms
2026-08-08 17:33:43.679 +05:30 [INF] Request starting HTTP/1.1 GET http://localhost:5000/api/dashboard?from=2026-07-09&to=2026-08-08 - null null
2026-08-08 17:33:43.680 +05:30 [INF] Authorization failed. These requirements were not met:
Billing.Identity.Authorization.PermissionRequirement
2026-08-08 17:33:43.680 +05:30 [INF] AuthenticationScheme: Bearer was forbidden.
2026-08-08 17:33:43.680 +05:30 [INF] HTTP GET /api/dashboard responded 403 in 1.1647 ms
2026-08-08 17:33:43.680 +05:30 [INF] Request finished HTTP/1.1 GET http://localhost:5000/api/dashboard?from=2026-07-09&to=2026-08-08 - 403 0 null 1.3206ms
2026-08-08 17:33:47.876 +05:30 [INF] Request starting HTTP/1.1 GET http://localhost:5000/api/dashboard?from=2026-07-09&to=2026-08-08 - null null
2026-08-08 17:33:47.877 +05:30 [INF] Authorization failed. These requirements were not met:
Billing.Identity.Authorization.PermissionRequirement
2026-08-08 17:33:47.877 +05:30 [INF] AuthenticationScheme: Bearer was forbidden.
2026-08-08 17:33:47.877 +05:30 [INF] HTTP GET /api/dashboard responded 403 in 0.9507 ms
2026-08-08 17:33:47.877 +05:30 [INF] Request finished HTTP/1.1 GET http://localhost:5000/api/dashboard?from=2026-07-09&to=2026-08-08 - 403 0 null 1.1699ms
2026-08-08 17:33:48.891 +05:30 [INF] Request starting HTTP/1.1 GET http://localhost:5000/api/dashboard?from=2026-07-09&to=2026-08-08 - null null
2026-08-08 17:33:48.892 +05:30 [INF] Authorization failed. These requirements were not met:
Billing.Identity.Authorization.PermissionRequirement
2026-08-08 17:33:48.892 +05:30 [INF] AuthenticationScheme: Bearer was forbidden.
2026-08-08 17:33:48.892 +05:30 [INF] HTTP GET /api/dashboard responded 403 in 0.7719 ms
2026-08-08 17:33:48.892 +05:30 [INF] Request finished HTTP/1.1 GET http://localhost:5000/api/dashboard?from=2026-07-09&to=2026-08-08 - 403 0 null 1.0422ms
2026-08-08 17:33:51.652 +05:30 [INF] Request starting HTTP/1.1 GET http://localhost:5000/api/customers?page=1&pageSize=50 - null null
2026-08-08 17:33:51.653 +05:30 [INF] Executing endpoint 'Billing.API.Controllers.CustomersController.GetCustomers (Billing.API)'
2026-08-08 17:33:51.654 +05:30 [INF] Route matched with {action = "GetCustomers", controller = "Customers"}. Executing controller action with signature System.Threading.Tasks.Task`1[Microsoft.AspNetCore.Mvc.IActionResult] GetCustomers(Int32, Int32, System.String, System.Threading.CancellationToken) on controller Billing.API.Controllers.CustomersController (Billing.API).
2026-08-08 17:33:51.660 +05:30 [INF] Handling GetCustomersQuery
2026-08-08 17:33:51.678 +05:30 [INF] Handled GetCustomersQuery in 18ms
2026-08-08 17:33:51.679 +05:30 [INF] Executing OkObjectResult, writing value of type 'Billing.Shared.Results.Result`1[[Billing.Application.Common.PagedResult`1[[Billing.Application.DTOs.CustomerDto, Billing.Application, Version=1.0.0.0, Culture=neutral, PublicKeyToken=null]], Billing.Application, Version=1.0.0.0, Culture=neutral, PublicKeyToken=null]]'.
2026-08-08 17:33:51.679 +05:30 [INF] Executed action Billing.API.Controllers.CustomersController.GetCustomers (Billing.API) in 25.2506ms
2026-08-08 17:33:51.679 +05:30 [INF] Executed endpoint 'Billing.API.Controllers.CustomersController.GetCustomers (Billing.API)'
2026-08-08 17:33:51.679 +05:30 [INF] HTTP GET /api/customers responded 200 in 26.5943 ms
2026-08-08 17:33:51.679 +05:30 [INF] Request finished HTTP/1.1 GET http://localhost:5000/api/customers?page=1&pageSize=50 - 200 null application/json; charset=utf-8 27.1544ms
2026-08-08 17:33:53.526 +05:30 [INF] Request starting HTTP/1.1 GET http://localhost:5000/api/dashboard?from=2026-07-09&to=2026-08-08 - null null
2026-08-08 17:33:53.528 +05:30 [INF] Authorization failed. These requirements were not met:
Billing.Identity.Authorization.PermissionRequirement
2026-08-08 17:33:53.528 +05:30 [INF] AuthenticationScheme: Bearer was forbidden.
2026-08-08 17:33:53.528 +05:30 [INF] HTTP GET /api/dashboard responded 403 in 1.0517 ms
2026-08-08 17:33:53.528 +05:30 [INF] Request finished HTTP/1.1 GET http://localhost:5000/api/dashboard?from=2026-07-09&to=2026-08-08 - 403 0 null 1.4141ms
2026-08-08 17:33:54.540 +05:30 [INF] Request starting HTTP/1.1 GET http://localhost:5000/api/dashboard?from=2026-07-09&to=2026-08-08 - null null
2026-08-08 17:33:54.541 +05:30 [INF] Authorization failed. These requirements were not met:
Billing.Identity.Authorization.PermissionRequirement
2026-08-08 17:33:54.541 +05:30 [INF] AuthenticationScheme: Bearer was forbidden.
2026-08-08 17:33:54.541 +05:30 [INF] HTTP GET /api/dashboard responded 403 in 1.2292 ms
2026-08-08 17:33:54.542 +05:30 [INF] Request finished HTTP/1.1 GET http://localhost:5000/api/dashboard?from=2026-07-09&to=2026-08-08 - 403 0 null 1.4266ms
2026-08-08 17:33:59.986 +05:30 [INF] Request starting HTTP/1.1 GET http://localhost:5000/api/dashboard?from=2026-07-09&to=2026-08-08 - null null
2026-08-08 17:33:59.988 +05:30 [INF] Authorization failed. These requirements were not met:
Billing.Identity.Authorization.PermissionRequirement
2026-08-08 17:33:59.988 +05:30 [INF] AuthenticationScheme: Bearer was forbidden.
2026-08-08 17:33:59.988 +05:30 [INF] HTTP GET /api/dashboard responded 403 in 1.6799 ms
2026-08-08 17:33:59.988 +05:30 [INF] Request finished HTTP/1.1 GET http://localhost:5000/api/dashboard?from=2026-07-09&to=2026-08-08 - 403 0 null 2.0521ms
2026-08-08 17:34:01.012 +05:30 [INF] Request starting HTTP/1.1 GET http://localhost:5000/api/dashboard?from=2026-07-09&to=2026-08-08 - null null
2026-08-08 17:34:01.014 +05:30 [INF] Authorization failed. These requirements were not met:
Billing.Identity.Authorization.PermissionRequirement
2026-08-08 17:34:01.014 +05:30 [INF] AuthenticationScheme: Bearer was forbidden.
2026-08-08 17:34:01.014 +05:30 [INF] HTTP GET /api/dashboard responded 403 in 1.4673 ms
2026-08-08 17:34:01.015 +05:30 [INF] Request finished HTTP/1.1 GET http://localhost:5000/api/dashboard?from=2026-07-09&to=2026-08-08 - 403 0 null 2.2105ms
2026-08-08 17:34:03.170 +05:30 [INF] Request starting HTTP/1.1 GET http://localhost:5000/api/dashboard?from=2026-07-09&to=2026-08-08 - null null
2026-08-08 17:34:03.171 +05:30 [INF] Authorization failed. These requirements were not met:
Billing.Identity.Authorization.PermissionRequirement
2026-08-08 17:34:03.171 +05:30 [INF] AuthenticationScheme: Bearer was forbidden.
2026-08-08 17:34:03.171 +05:30 [INF] HTTP GET /api/dashboard responded 403 in 0.5534 ms
2026-08-08 17:34:03.171 +05:30 [INF] Request finished HTTP/1.1 GET http://localhost:5000/api/dashboard?from=2026-07-09&to=2026-08-08 - 403 0 null 0.7221ms
2026-08-08 17:34:04.198 +05:30 [INF] Request starting HTTP/1.1 GET http://localhost:5000/api/dashboard?from=2026-07-09&to=2026-08-08 - null null
2026-08-08 17:34:04.199 +05:30 [INF] Authorization failed. These requirements were not met:
Billing.Identity.Authorization.PermissionRequirement
2026-08-08 17:34:04.199 +05:30 [INF] AuthenticationScheme: Bearer was forbidden.
2026-08-08 17:34:04.199 +05:30 [INF] HTTP GET /api/dashboard responded 403 in 0.6289 ms
2026-08-08 17:34:04.199 +05:30 [INF] Request finished HTTP/1.1 GET http://localhost:5000/api/dashboard?from=2026-07-09&to=2026-08-08 - 403 0 null 1.0611ms
2026-08-08 17:37:44.307 +05:30 [INF] Request starting HTTP/1.1 GET http://localhost:5000/api/dashboard?from=2026-07-09&to=2026-08-08 - null null
2026-08-08 17:37:44.307 +05:30 [INF] Authorization failed. These requirements were not met:
Billing.Identity.Authorization.PermissionRequirement
2026-08-08 17:37:44.307 +05:30 [INF] AuthenticationScheme: Bearer was forbidden.
2026-08-08 17:37:44.307 +05:30 [INF] HTTP GET /api/dashboard responded 403 in 0.7308 ms
2026-08-08 17:37:44.307 +05:30 [INF] Request finished HTTP/1.1 GET http://localhost:5000/api/dashboard?from=2026-07-09&to=2026-08-08 - 403 0 null 0.8956ms
2026-08-08 17:37:45.341 +05:30 [INF] Request starting HTTP/1.1 GET http://localhost:5000/api/dashboard?from=2026-07-09&to=2026-08-08 - null null
2026-08-08 17:37:45.342 +05:30 [INF] Authorization failed. These requirements were not met:
Billing.Identity.Authorization.PermissionRequirement
2026-08-08 17:37:45.342 +05:30 [INF] AuthenticationScheme: Bearer was forbidden.
2026-08-08 17:37:45.342 +05:30 [INF] HTTP GET /api/dashboard responded 403 in 0.8146 ms
2026-08-08 17:37:45.342 +05:30 [INF] Request finished HTTP/1.1 GET http://localhost:5000/api/dashboard?from=2026-07-09&to=2026-08-08 - 403 0 null 1.0691ms
2026-08-08 17:37:47.260 +05:30 [INF] Request starting HTTP/1.1 GET http://localhost:5000/api/customers?page=1&pageSize=50 - null null
2026-08-08 17:37:47.261 +05:30 [INF] Executing endpoint 'Billing.API.Controllers.CustomersController.GetCustomers (Billing.API)'
2026-08-08 17:37:47.261 +05:30 [INF] Route matched with {action = "GetCustomers", controller = "Customers"}. Executing controller action with signature System.Threading.Tasks.Task`1[Microsoft.AspNetCore.Mvc.IActionResult] GetCustomers(Int32, Int32, System.String, System.Threading.CancellationToken) on controller Billing.API.Controllers.CustomersController (Billing.API).
2026-08-08 17:37:47.261 +05:30 [INF] Handling GetCustomersQuery
2026-08-08 17:37:47.294 +05:30 [INF] Handled GetCustomersQuery in 32ms
2026-08-08 17:37:47.294 +05:30 [INF] Executing OkObjectResult, writing value of type 'Billing.Shared.Results.Result`1[[Billing.Application.Common.PagedResult`1[[Billing.Application.DTOs.CustomerDto, Billing.Application, Version=1.0.0.0, Culture=neutral, PublicKeyToken=null]], Billing.Application, Version=1.0.0.0, Culture=neutral, PublicKeyToken=null]]'.
2026-08-08 17:37:47.295 +05:30 [INF] Executed action Billing.API.Controllers.CustomersController.GetCustomers (Billing.API) in 33.5151ms
2026-08-08 17:37:47.295 +05:30 [INF] Executed endpoint 'Billing.API.Controllers.CustomersController.GetCustomers (Billing.API)'
2026-08-08 17:37:47.295 +05:30 [INF] HTTP GET /api/customers responded 200 in 34.3603 ms
2026-08-08 17:37:47.295 +05:30 [INF] Request finished HTTP/1.1 GET http://localhost:5000/api/customers?page=1&pageSize=50 - 200 null application/json; charset=utf-8 34.5543ms
2026-08-08 17:37:49.910 +05:30 [INF] Request starting HTTP/1.1 GET http://localhost:5000/api/products?page=1&pageSize=10 - null null
2026-08-08 17:37:49.910 +05:30 [INF] Executing endpoint 'Billing.API.Controllers.ProductsController.GetProducts (Billing.API)'
2026-08-08 17:37:49.910 +05:30 [INF] Route matched with {action = "GetProducts", controller = "Products"}. Executing controller action with signature System.Threading.Tasks.Task`1[Microsoft.AspNetCore.Mvc.IActionResult] GetProducts(Int32, Int32, System.String, System.String, Boolean, System.Threading.CancellationToken) on controller Billing.API.Controllers.ProductsController (Billing.API).
2026-08-08 17:37:49.917 +05:30 [INF] Handling GetProductsQuery
2026-08-08 17:37:50.100 +05:30 [INF] Handled GetProductsQuery in 183ms
2026-08-08 17:37:50.100 +05:30 [INF] Executing OkObjectResult, writing value of type 'Billing.Shared.Results.Result`1[[Billing.Application.Common.PagedResult`1[[Billing.Application.DTOs.Products.ProductDto, Billing.Application, Version=1.0.0.0, Culture=neutral, PublicKeyToken=null]], Billing.Application, Version=1.0.0.0, Culture=neutral, PublicKeyToken=null]]'.
2026-08-08 17:37:50.101 +05:30 [INF] Executed action Billing.API.Controllers.ProductsController.GetProducts (Billing.API) in 190.4407ms
2026-08-08 17:37:50.101 +05:30 [INF] Executed endpoint 'Billing.API.Controllers.ProductsController.GetProducts (Billing.API)'
2026-08-08 17:37:50.101 +05:30 [INF] HTTP GET /api/products responded 200 in 191.1938 ms
2026-08-08 17:37:50.101 +05:30 [INF] Request finished HTTP/1.1 GET http://localhost:5000/api/products?page=1&pageSize=10 - 200 null application/json; charset=utf-8 191.3653ms
2026-08-08 17:37:52.119 +05:30 [INF] Request starting HTTP/1.1 GET http://localhost:5000/api/customers?page=1&pageSize=10 - null null
2026-08-08 17:37:52.120 +05:30 [INF] Executing endpoint 'Billing.API.Controllers.CustomersController.GetCustomers (Billing.API)'
2026-08-08 17:37:52.120 +05:30 [INF] Route matched with {action = "GetCustomers", controller = "Customers"}. Executing controller action with signature System.Threading.Tasks.Task`1[Microsoft.AspNetCore.Mvc.IActionResult] GetCustomers(Int32, Int32, System.String, System.Threading.CancellationToken) on controller Billing.API.Controllers.CustomersController (Billing.API).
2026-08-08 17:37:52.120 +05:30 [INF] Handling GetCustomersQuery
2026-08-08 17:37:52.145 +05:30 [INF] Handled GetCustomersQuery in 24ms
2026-08-08 17:37:52.146 +05:30 [INF] Executing OkObjectResult, writing value of type 'Billing.Shared.Results.Result`1[[Billing.Application.Common.PagedResult`1[[Billing.Application.DTOs.CustomerDto, Billing.Application, Version=1.0.0.0, Culture=neutral, PublicKeyToken=null]], Billing.Application, Version=1.0.0.0, Culture=neutral, PublicKeyToken=null]]'.
2026-08-08 17:37:52.146 +05:30 [INF] Executed action Billing.API.Controllers.CustomersController.GetCustomers (Billing.API) in 26.157ms
2026-08-08 17:37:52.146 +05:30 [INF] Executed endpoint 'Billing.API.Controllers.CustomersController.GetCustomers (Billing.API)'
2026-08-08 17:37:52.146 +05:30 [INF] HTTP GET /api/customers responded 200 in 27.2574 ms
2026-08-08 17:37:52.146 +05:30 [INF] Request finished HTTP/1.1 GET http://localhost:5000/api/customers?page=1&pageSize=10 - 200 null application/json; charset=utf-8 27.571ms
2026-08-08 17:38:06.154 +05:30 [INF] Request starting HTTP/1.1 GET http://localhost:5000/api/products?page=1&pageSize=50 - null null
2026-08-08 17:38:06.155 +05:30 [INF] Executing endpoint 'Billing.API.Controllers.ProductsController.GetProducts (Billing.API)'
2026-08-08 17:38:06.155 +05:30 [INF] Route matched with {action = "GetProducts", controller = "Products"}. Executing controller action with signature System.Threading.Tasks.Task`1[Microsoft.AspNetCore.Mvc.IActionResult] GetProducts(Int32, Int32, System.String, System.String, Boolean, System.Threading.CancellationToken) on controller Billing.API.Controllers.ProductsController (Billing.API).
2026-08-08 17:38:06.155 +05:30 [INF] Handling GetProductsQuery
2026-08-08 17:38:06.191 +05:30 [INF] Handled GetProductsQuery in 35ms
2026-08-08 17:38:06.191 +05:30 [INF] Executing OkObjectResult, writing value of type 'Billing.Shared.Results.Result`1[[Billing.Application.Common.PagedResult`1[[Billing.Application.DTOs.Products.ProductDto, Billing.Application, Version=1.0.0.0, Culture=neutral, PublicKeyToken=null]], Billing.Application, Version=1.0.0.0, Culture=neutral, PublicKeyToken=null]]'.
2026-08-08 17:38:06.192 +05:30 [INF] Executed action Billing.API.Controllers.ProductsController.GetProducts (Billing.API) in 36.8927ms
2026-08-08 17:38:06.192 +05:30 [INF] Executed endpoint 'Billing.API.Controllers.ProductsController.GetProducts (Billing.API)'
2026-08-08 17:38:06.192 +05:30 [INF] HTTP GET /api/products responded 200 in 37.5609 ms
2026-08-08 17:38:06.192 +05:30 [INF] Request finished HTTP/1.1 GET http://localhost:5000/api/products?page=1&pageSize=50 - 200 null application/json; charset=utf-8 37.9893ms
2026-08-08 17:39:02.234 +05:30 [INF] Request starting HTTP/1.1 GET http://localhost:5000/api/dashboard?from=2026-07-09&to=2026-08-08 - null null
2026-08-08 17:39:02.235 +05:30 [INF] Authorization failed. These requirements were not met:
Billing.Identity.Authorization.PermissionRequirement
2026-08-08 17:39:02.235 +05:30 [INF] AuthenticationScheme: Bearer was forbidden.
2026-08-08 17:39:02.235 +05:30 [INF] HTTP GET /api/dashboard responded 403 in 0.7840 ms
2026-08-08 17:39:02.235 +05:30 [INF] Request finished HTTP/1.1 GET http://localhost:5000/api/dashboard?from=2026-07-09&to=2026-08-08 - 403 0 null 1.2452ms
2026-08-08 17:39:03.255 +05:30 [INF] Request starting HTTP/1.1 GET http://localhost:5000/api/dashboard?from=2026-07-09&to=2026-08-08 - null null
2026-08-08 17:39:03.255 +05:30 [INF] Authorization failed. These requirements were not met:
Billing.Identity.Authorization.PermissionRequirement
2026-08-08 17:39:03.255 +05:30 [INF] AuthenticationScheme: Bearer was forbidden.
2026-08-08 17:39:03.255 +05:30 [INF] HTTP GET /api/dashboard responded 403 in 0.5452 ms
2026-08-08 17:39:03.255 +05:30 [INF] Request finished HTTP/1.1 GET http://localhost:5000/api/dashboard?from=2026-07-09&to=2026-08-08 - 403 0 null 0.7098ms
2026-08-08 17:39:08.458 +05:30 [INF] Request starting HTTP/1.1 POST http://localhost:5000/api/auth/logout - application/json 1285
2026-08-08 17:39:08.459 +05:30 [INF] CORS policy execution successful.
2026-08-08 17:39:08.459 +05:30 [INF] Executing endpoint 'Billing.API.Controllers.AuthController.Logout (Billing.API)'
2026-08-08 17:39:08.460 +05:30 [INF] Route matched with {action = "Logout", controller = "Auth"}. Executing controller action with signature System.Threading.Tasks.Task`1[Microsoft.AspNetCore.Mvc.IActionResult] Logout(Billing.API.Controllers.RevokeRequest, System.Threading.CancellationToken) on controller Billing.API.Controllers.AuthController (Billing.API).
2026-08-08 17:39:08.518 +05:30 [INF] Executing OkObjectResult, writing value of type 'Billing.Shared.Results.Result'.
2026-08-08 17:39:08.519 +05:30 [INF] Executed action Billing.API.Controllers.AuthController.Logout (Billing.API) in 59.2865ms
2026-08-08 17:39:08.519 +05:30 [INF] Executed endpoint 'Billing.API.Controllers.AuthController.Logout (Billing.API)'
2026-08-08 17:39:08.519 +05:30 [INF] HTTP POST /api/auth/logout responded 200 in 60.3429 ms
2026-08-08 17:39:08.519 +05:30 [INF] Request finished HTTP/1.1 POST http://localhost:5000/api/auth/logout - 200 null application/json; charset=utf-8 60.7923ms
2026-08-08 17:39:50.122 +05:30 [INF] Request starting HTTP/1.1 POST http://localhost:5000/api/auth/login - application/json 58
2026-08-08 17:39:50.123 +05:30 [INF] CORS policy execution successful.
2026-08-08 17:39:50.123 +05:30 [INF] Executing endpoint 'Billing.API.Controllers.AuthController.Login (Billing.API)'
2026-08-08 17:39:50.123 +05:30 [INF] Route matched with {action = "Login", controller = "Auth"}. Executing controller action with signature System.Threading.Tasks.Task`1[Microsoft.AspNetCore.Mvc.IActionResult] Login(Billing.Application.DTOs.Auth.LoginRequest, System.Threading.CancellationToken) on controller Billing.API.Controllers.AuthController (Billing.API).
2026-08-08 17:39:50.251 +05:30 [INF] Executing OkObjectResult, writing value of type 'Billing.Shared.Results.Result`1[[Billing.Application.DTOs.Auth.LoginResponse, Billing.Application, Version=1.0.0.0, Culture=neutral, PublicKeyToken=null]]'.
2026-08-08 17:39:50.251 +05:30 [INF] Executed action Billing.API.Controllers.AuthController.Login (Billing.API) in 128.2358ms
2026-08-08 17:39:50.251 +05:30 [INF] Executed endpoint 'Billing.API.Controllers.AuthController.Login (Billing.API)'
2026-08-08 17:39:50.252 +05:30 [INF] HTTP POST /api/auth/login responded 200 in 129.0323 ms
2026-08-08 17:39:50.252 +05:30 [INF] Request finished HTTP/1.1 POST http://localhost:5000/api/auth/login - 200 null application/json; charset=utf-8 129.5429ms
2026-08-08 17:39:50.327 +05:30 [INF] Request starting HTTP/1.1 GET http://localhost:5000/api/dashboard?from=2026-07-09&to=2026-08-08 - null null
2026-08-08 17:39:50.328 +05:30 [INF] Executing endpoint 'Billing.API.Controllers.DashboardController.GetDashboard (Billing.API)'
2026-08-08 17:39:50.328 +05:30 [INF] Route matched with {action = "GetDashboard", controller = "Dashboard"}. Executing controller action with signature System.Threading.Tasks.Task`1[Microsoft.AspNetCore.Mvc.IActionResult] GetDashboard(System.Nullable`1[System.DateTime], System.Nullable`1[System.DateTime], System.Threading.CancellationToken) on controller Billing.API.Controllers.DashboardController (Billing.API).
2026-08-08 17:39:50.328 +05:30 [INF] Handling GetDashboardQuery
2026-08-08 17:39:50.439 +05:30 [INF] Handled GetDashboardQuery in 110ms
2026-08-08 17:39:50.439 +05:30 [INF] Executing OkObjectResult, writing value of type 'Billing.Shared.Results.Result`1[[Billing.Application.DTOs.DashboardDto, Billing.Application, Version=1.0.0.0, Culture=neutral, PublicKeyToken=null]]'.
2026-08-08 17:39:50.439 +05:30 [INF] Executed action Billing.API.Controllers.DashboardController.GetDashboard (Billing.API) in 111.2143ms
2026-08-08 17:39:50.439 +05:30 [INF] Executed endpoint 'Billing.API.Controllers.DashboardController.GetDashboard (Billing.API)'
2026-08-08 17:39:50.439 +05:30 [INF] HTTP GET /api/dashboard responded 200 in 112.0514 ms
2026-08-08 17:39:50.439 +05:30 [INF] Request finished HTTP/1.1 GET http://localhost:5000/api/dashboard?from=2026-07-09&to=2026-08-08 - 200 null application/json; charset=utf-8 112.2776ms
2026-08-08 17:39:57.417 +05:30 [INF] Request starting HTTP/1.1 GET http://localhost:5000/api/reports/profit-loss?from=2026-07-09&to=2026-08-08 - null null
2026-08-08 17:39:57.417 +05:30 [INF] Executing endpoint 'Billing.API.Controllers.ReportsController.GetProfitLoss (Billing.API)'
2026-08-08 17:39:57.417 +05:30 [INF] Route matched with {action = "GetProfitLoss", controller = "Reports"}. Executing controller action with signature System.Threading.Tasks.Task`1[Microsoft.AspNetCore.Mvc.IActionResult] GetProfitLoss(System.Nullable`1[System.DateTime], System.Nullable`1[System.DateTime], System.Threading.CancellationToken) on controller Billing.API.Controllers.ReportsController (Billing.API).
2026-08-08 17:39:57.419 +05:30 [INF] Handling GetProfitLossReportQuery
2026-08-08 17:39:57.454 +05:30 [INF] Handled GetProfitLossReportQuery in 34ms
2026-08-08 17:39:57.454 +05:30 [INF] Executing OkObjectResult, writing value of type 'Billing.Shared.Results.Result`1[[Billing.Application.DTOs.ProfitLossDto, Billing.Application, Version=1.0.0.0, Culture=neutral, PublicKeyToken=null]]'.
2026-08-08 17:39:57.455 +05:30 [INF] Executed action Billing.API.Controllers.ReportsController.GetProfitLoss (Billing.API) in 37.3445ms
2026-08-08 17:39:57.455 +05:30 [INF] Executed endpoint 'Billing.API.Controllers.ReportsController.GetProfitLoss (Billing.API)'
2026-08-08 17:39:57.455 +05:30 [INF] HTTP GET /api/reports/profit-loss responded 200 in 38.0962 ms
2026-08-08 17:39:57.455 +05:30 [INF] Request finished HTTP/1.1 GET http://localhost:5000/api/reports/profit-loss?from=2026-07-09&to=2026-08-08 - 200 null application/json; charset=utf-8 38.2665ms
2026-08-08 17:39:59.577 +05:30 [INF] Request starting HTTP/1.1 GET http://localhost:5000/api/reports/sales?from=2026-07-09&to=2026-08-08 - null null
2026-08-08 17:39:59.578 +05:30 [INF] Executing endpoint 'Billing.API.Controllers.ReportsController.GetSalesReport (Billing.API)'
2026-08-08 17:39:59.579 +05:30 [INF] Route matched with {action = "GetSalesReport", controller = "Reports"}. Executing controller action with signature System.Threading.Tasks.Task`1[Microsoft.AspNetCore.Mvc.IActionResult] GetSalesReport(System.Nullable`1[System.DateTime], System.Nullable`1[System.DateTime], System.Threading.CancellationToken) on controller Billing.API.Controllers.ReportsController (Billing.API).
2026-08-08 17:39:59.580 +05:30 [INF] Handling GetSalesReportQuery
2026-08-08 17:39:59.598 +05:30 [INF] Handled GetSalesReportQuery in 17ms
2026-08-08 17:39:59.599 +05:30 [INF] Executing OkObjectResult, writing value of type 'Billing.Shared.Results.Result`1[[Billing.Application.DTOs.SalesReportSummaryDto, Billing.Application, Version=1.0.0.0, Culture=neutral, PublicKeyToken=null]]'.
2026-08-08 17:39:59.599 +05:30 [INF] Executed action Billing.API.Controllers.ReportsController.GetSalesReport (Billing.API) in 20.3005ms
2026-08-08 17:39:59.599 +05:30 [INF] Executed endpoint 'Billing.API.Controllers.ReportsController.GetSalesReport (Billing.API)'
2026-08-08 17:39:59.599 +05:30 [INF] HTTP GET /api/reports/sales responded 200 in 21.6766 ms
2026-08-08 17:39:59.599 +05:30 [INF] Request finished HTTP/1.1 GET http://localhost:5000/api/reports/sales?from=2026-07-09&to=2026-08-08 - 200 null application/json; charset=utf-8 22.09ms
2026-08-08 17:40:21.754 +05:30 [INF] Request starting HTTP/1.1 GET http://localhost:5000/api/reports/payments?from=2026-07-09&to=2026-08-08 - null null
2026-08-08 17:40:21.755 +05:30 [INF] Executing endpoint 'Billing.API.Controllers.ReportsController.GetPaymentSummary (Billing.API)'
2026-08-08 17:40:21.755 +05:30 [INF] Route matched with {action = "GetPaymentSummary", controller = "Reports"}. Executing controller action with signature System.Threading.Tasks.Task`1[Microsoft.AspNetCore.Mvc.IActionResult] GetPaymentSummary(System.Nullable`1[System.DateTime], System.Nullable`1[System.DateTime], System.Threading.CancellationToken) on controller Billing.API.Controllers.ReportsController (Billing.API).
2026-08-08 17:40:21.756 +05:30 [INF] Handling GetPaymentSummaryReportQuery
2026-08-08 17:40:21.796 +05:30 [INF] Handled GetPaymentSummaryReportQuery in 39ms
2026-08-08 17:40:21.796 +05:30 [INF] Executing OkObjectResult, writing value of type 'Billing.Shared.Results.Result`1[[Billing.Application.DTOs.PaymentSummaryDto, Billing.Application, Version=1.0.0.0, Culture=neutral, PublicKeyToken=null]]'.
2026-08-08 17:40:21.797 +05:30 [INF] Executed action Billing.API.Controllers.ReportsController.GetPaymentSummary (Billing.API) in 42.1784ms
2026-08-08 17:40:21.797 +05:30 [INF] Executed endpoint 'Billing.API.Controllers.ReportsController.GetPaymentSummary (Billing.API)'
2026-08-08 17:40:21.797 +05:30 [INF] HTTP GET /api/reports/payments responded 200 in 42.9040 ms
2026-08-08 17:40:21.797 +05:30 [INF] Request finished HTTP/1.1 GET http://localhost:5000/api/reports/payments?from=2026-07-09&to=2026-08-08 - 200 null application/json; charset=utf-8 43.2586ms
2026-08-08 17:40:29.131 +05:30 [INF] Request starting HTTP/1.1 GET http://localhost:5000/api/reports/inventory-valuation - null null
2026-08-08 17:40:29.132 +05:30 [INF] Executing endpoint 'Billing.API.Controllers.ReportsController.GetInventoryValuation (Billing.API)'
2026-08-08 17:40:29.132 +05:30 [INF] Route matched with {action = "GetInventoryValuation", controller = "Reports"}. Executing controller action with signature System.Threading.Tasks.Task`1[Microsoft.AspNetCore.Mvc.IActionResult] GetInventoryValuation(System.Threading.CancellationToken) on controller Billing.API.Controllers.ReportsController (Billing.API).
2026-08-08 17:40:29.134 +05:30 [INF] Handling GetInventoryValuationReportQuery
2026-08-08 17:40:29.165 +05:30 [INF] Handled GetInventoryValuationReportQuery in 31ms
2026-08-08 17:40:29.166 +05:30 [INF] Executing OkObjectResult, writing value of type 'Billing.Shared.Results.Result`1[[Billing.Application.DTOs.InventoryValuationSummaryDto, Billing.Application, Version=1.0.0.0, Culture=neutral, PublicKeyToken=null]]'.
2026-08-08 17:40:29.166 +05:30 [INF] Executed action Billing.API.Controllers.ReportsController.GetInventoryValuation (Billing.API) in 34.0268ms
2026-08-08 17:40:29.167 +05:30 [INF] Executed endpoint 'Billing.API.Controllers.ReportsController.GetInventoryValuation (Billing.API)'
2026-08-08 17:40:29.167 +05:30 [INF] HTTP GET /api/reports/inventory-valuation responded 200 in 35.1529 ms
2026-08-08 17:40:29.167 +05:30 [INF] Request finished HTTP/1.1 GET http://localhost:5000/api/reports/inventory-valuation - 200 null application/json; charset=utf-8 35.3465ms
2026-08-08 17:40:34.229 +05:30 [INF] Request starting HTTP/1.1 GET http://localhost:5000/api/reports/top-products?from=2026-07-09&to=2026-08-08 - null null
2026-08-08 17:40:34.229 +05:30 [INF] Executing endpoint 'Billing.API.Controllers.ReportsController.GetTopProducts (Billing.API)'
2026-08-08 17:40:34.229 +05:30 [INF] Route matched with {action = "GetTopProducts", controller = "Reports"}. Executing controller action with signature System.Threading.Tasks.Task`1[Microsoft.AspNetCore.Mvc.IActionResult] GetTopProducts(System.Nullable`1[System.DateTime], System.Nullable`1[System.DateTime], Int32, System.Threading.CancellationToken) on controller Billing.API.Controllers.ReportsController (Billing.API).
2026-08-08 17:40:34.231 +05:30 [INF] Handling GetTopProductsReportQuery
2026-08-08 17:40:34.263 +05:30 [INF] Handled GetTopProductsReportQuery in 32ms
2026-08-08 17:40:34.263 +05:30 [INF] Executing OkObjectResult, writing value of type 'Billing.Shared.Results.Result`1[[System.Collections.Generic.IReadOnlyList`1[[Billing.Application.DTOs.TopProductDto, Billing.Application, Version=1.0.0.0, Culture=neutral, PublicKeyToken=null]], System.Private.CoreLib, Version=9.0.0.0, Culture=neutral, PublicKeyToken=7cec85d7bea7798e]]'.
2026-08-08 17:40:34.264 +05:30 [INF] Executed action Billing.API.Controllers.ReportsController.GetTopProducts (Billing.API) in 34.2762ms
2026-08-08 17:40:34.264 +05:30 [INF] Executed endpoint 'Billing.API.Controllers.ReportsController.GetTopProducts (Billing.API)'
2026-08-08 17:40:34.264 +05:30 [INF] HTTP GET /api/reports/top-products responded 200 in 35.1061 ms
2026-08-08 17:40:34.264 +05:30 [INF] Request finished HTTP/1.1 GET http://localhost:5000/api/reports/top-products?from=2026-07-09&to=2026-08-08 - 200 null application/json; charset=utf-8 35.2368ms
2026-08-08 17:40:39.058 +05:30 [INF] Request starting HTTP/1.1 GET http://localhost:5000/api/sales?page=1&pageSize=10 - null null
2026-08-08 17:40:39.059 +05:30 [INF] Executing endpoint 'Billing.API.Controllers.SalesController.GetSales (Billing.API)'
2026-08-08 17:40:39.072 +05:30 [INF] Route matched with {action = "GetSales", controller = "Sales"}. Executing controller action with signature System.Threading.Tasks.Task`1[Microsoft.AspNetCore.Mvc.IActionResult] GetSales(System.Nullable`1[System.DateTime], System.Nullable`1[System.DateTime], Int32, Int32, System.Threading.CancellationToken) on controller Billing.API.Controllers.SalesController (Billing.API).
2026-08-08 17:40:39.079 +05:30 [INF] Handling GetSalesQuery
2026-08-08 17:40:39.131 +05:30 [INF] Handled GetSalesQuery in 52ms
2026-08-08 17:40:39.132 +05:30 [INF] Executing OkObjectResult, writing value of type 'Billing.Shared.Results.Result`1[[Billing.Application.Common.PagedResult`1[[Billing.Application.DTOs.Sales.SaleDto, Billing.Application, Version=1.0.0.0, Culture=neutral, PublicKeyToken=null]], Billing.Application, Version=1.0.0.0, Culture=neutral, PublicKeyToken=null]]'.
2026-08-08 17:40:39.196 +05:30 [INF] Executed action Billing.API.Controllers.SalesController.GetSales (Billing.API) in 123.1154ms
2026-08-08 17:40:39.196 +05:30 [INF] Executed endpoint 'Billing.API.Controllers.SalesController.GetSales (Billing.API)'
2026-08-08 17:40:39.196 +05:30 [INF] HTTP GET /api/sales responded 200 in 137.3527 ms
2026-08-08 17:40:39.196 +05:30 [INF] Request finished HTTP/1.1 GET http://localhost:5000/api/sales?page=1&pageSize=10 - 200 null application/json; charset=utf-8 137.5177ms
2026-08-08 17:40:44.824 +05:30 [INF] Request starting HTTP/1.1 GET http://localhost:5000/api/sales/8070c8f5-a81e-40d8-9e41-8e1c65d53461 - null null
2026-08-08 17:40:44.825 +05:30 [INF] Executing endpoint 'Billing.API.Controllers.SalesController.GetSale (Billing.API)'
2026-08-08 17:40:44.833 +05:30 [INF] Route matched with {action = "GetSale", controller = "Sales"}. Executing controller action with signature System.Threading.Tasks.Task`1[Microsoft.AspNetCore.Mvc.IActionResult] GetSale(System.Guid, System.Threading.CancellationToken) on controller Billing.API.Controllers.SalesController (Billing.API).
2026-08-08 17:40:44.840 +05:30 [INF] Handling GetSaleByIdQuery
2026-08-08 17:40:44.895 +05:30 [INF] Handled GetSaleByIdQuery in 55ms
2026-08-08 17:40:44.896 +05:30 [INF] Executing OkObjectResult, writing value of type 'Billing.Shared.Results.Result`1[[Billing.Application.DTOs.Sales.SaleDto, Billing.Application, Version=1.0.0.0, Culture=neutral, PublicKeyToken=null]]'.
2026-08-08 17:40:44.908 +05:30 [INF] Executed action Billing.API.Controllers.SalesController.GetSale (Billing.API) in 74.9519ms
2026-08-08 17:40:44.908 +05:30 [INF] Executed endpoint 'Billing.API.Controllers.SalesController.GetSale (Billing.API)'
2026-08-08 17:40:44.908 +05:30 [INF] HTTP GET /api/sales/8070c8f5-a81e-40d8-9e41-8e1c65d53461 responded 200 in 83.7189 ms
2026-08-08 17:40:44.908 +05:30 [INF] Request finished HTTP/1.1 GET http://localhost:5000/api/sales/8070c8f5-a81e-40d8-9e41-8e1c65d53461 - 200 null application/json; charset=utf-8 83.9321ms
2026-08-08 17:46:09.987 +05:30 [INF] Request starting HTTP/1.1 GET http://localhost:5000/api/dashboard?from=2026-07-09&to=2026-08-08 - null null
2026-08-08 17:46:09.988 +05:30 [INF] Executing endpoint 'Billing.API.Controllers.DashboardController.GetDashboard (Billing.API)'
2026-08-08 17:46:09.989 +05:30 [INF] Route matched with {action = "GetDashboard", controller = "Dashboard"}. Executing controller action with signature System.Threading.Tasks.Task`1[Microsoft.AspNetCore.Mvc.IActionResult] GetDashboard(System.Nullable`1[System.DateTime], System.Nullable`1[System.DateTime], System.Threading.CancellationToken) on controller Billing.API.Controllers.DashboardController (Billing.API).
2026-08-08 17:46:09.990 +05:30 [INF] Handling GetDashboardQuery
2026-08-08 17:46:10.112 +05:30 [INF] Handled GetDashboardQuery in 122ms
2026-08-08 17:46:10.113 +05:30 [INF] Executing OkObjectResult, writing value of type 'Billing.Shared.Results.Result`1[[Billing.Application.DTOs.DashboardDto, Billing.Application, Version=1.0.0.0, Culture=neutral, PublicKeyToken=null]]'.
2026-08-08 17:46:10.113 +05:30 [INF] Executed action Billing.API.Controllers.DashboardController.GetDashboard (Billing.API) in 123.9521ms
2026-08-08 17:46:10.113 +05:30 [INF] Executed endpoint 'Billing.API.Controllers.DashboardController.GetDashboard (Billing.API)'
2026-08-08 17:46:10.113 +05:30 [INF] HTTP GET /api/dashboard responded 200 in 125.4904 ms
2026-08-08 17:46:10.113 +05:30 [INF] Request finished HTTP/1.1 GET http://localhost:5000/api/dashboard?from=2026-07-09&to=2026-08-08 - 200 null application/json; charset=utf-8 125.6332ms
2026-08-08 17:46:14.296 +05:30 [INF] Request starting HTTP/1.1 GET http://localhost:5000/api/customers?page=1&pageSize=50 - null null
2026-08-08 17:46:14.296 +05:30 [INF] Executing endpoint 'Billing.API.Controllers.CustomersController.GetCustomers (Billing.API)'
2026-08-08 17:46:14.296 +05:30 [INF] Route matched with {action = "GetCustomers", controller = "Customers"}. Executing controller action with signature System.Threading.Tasks.Task`1[Microsoft.AspNetCore.Mvc.IActionResult] GetCustomers(Int32, Int32, System.String, System.Threading.CancellationToken) on controller Billing.API.Controllers.CustomersController (Billing.API).
2026-08-08 17:46:14.296 +05:30 [INF] Handling GetCustomersQuery
2026-08-08 17:46:14.318 +05:30 [INF] Handled GetCustomersQuery in 21ms
2026-08-08 17:46:14.318 +05:30 [INF] Executing OkObjectResult, writing value of type 'Billing.Shared.Results.Result`1[[Billing.Application.Common.PagedResult`1[[Billing.Application.DTOs.CustomerDto, Billing.Application, Version=1.0.0.0, Culture=neutral, PublicKeyToken=null]], Billing.Application, Version=1.0.0.0, Culture=neutral, PublicKeyToken=null]]'.
2026-08-08 17:46:14.319 +05:30 [INF] Executed action Billing.API.Controllers.CustomersController.GetCustomers (Billing.API) in 22.8274ms
2026-08-08 17:46:14.319 +05:30 [INF] Executed endpoint 'Billing.API.Controllers.CustomersController.GetCustomers (Billing.API)'
2026-08-08 17:46:14.319 +05:30 [INF] HTTP GET /api/customers responded 200 in 23.5801 ms
2026-08-08 17:46:14.319 +05:30 [INF] Request finished HTTP/1.1 GET http://localhost:5000/api/customers?page=1&pageSize=50 - 200 null application/json; charset=utf-8 23.7763ms
2026-08-08 17:46:17.842 +05:30 [INF] Request starting HTTP/1.1 GET http://localhost:5000/api/products/search?term=wa&limit=20 - null null
2026-08-08 17:46:17.843 +05:30 [INF] Executing endpoint 'Billing.API.Controllers.ProductsController.Search (Billing.API)'
2026-08-08 17:46:17.843 +05:30 [INF] Route matched with {action = "Search", controller = "Products"}. Executing controller action with signature System.Threading.Tasks.Task`1[Microsoft.AspNetCore.Mvc.IActionResult] Search(System.String, Int32, System.Threading.CancellationToken) on controller Billing.API.Controllers.ProductsController (Billing.API).
2026-08-08 17:46:17.844 +05:30 [INF] Handling SearchProductsQuery
2026-08-08 17:46:18.207 +05:30 [INF] Handled SearchProductsQuery in 362ms
2026-08-08 17:46:18.207 +05:30 [INF] Executing OkObjectResult, writing value of type 'Billing.Shared.Results.Result`1[[System.Collections.Generic.IReadOnlyList`1[[Billing.Application.DTOs.Products.ProductDto, Billing.Application, Version=1.0.0.0, Culture=neutral, PublicKeyToken=null]], System.Private.CoreLib, Version=9.0.0.0, Culture=neutral, PublicKeyToken=7cec85d7bea7798e]]'.
2026-08-08 17:46:18.207 +05:30 [INF] Executed action Billing.API.Controllers.ProductsController.Search (Billing.API) in 364.3203ms
2026-08-08 17:46:18.207 +05:30 [INF] Executed endpoint 'Billing.API.Controllers.ProductsController.Search (Billing.API)'
2026-08-08 17:46:18.207 +05:30 [INF] HTTP GET /api/products/search responded 200 in 365.0686 ms
2026-08-08 17:46:18.207 +05:30 [INF] Request finished HTTP/1.1 GET http://localhost:5000/api/products/search?term=wa&limit=20 - 200 null application/json; charset=utf-8 365.2452ms
2026-08-08 17:48:39.022 +05:30 [INF] Request starting HTTP/1.1 GET http://localhost:5000/api/products?page=1&pageSize=10 - null null
2026-08-08 17:48:39.023 +05:30 [INF] Executing endpoint 'Billing.API.Controllers.ProductsController.GetProducts (Billing.API)'
2026-08-08 17:48:39.023 +05:30 [INF] Route matched with {action = "GetProducts", controller = "Products"}. Executing controller action with signature System.Threading.Tasks.Task`1[Microsoft.AspNetCore.Mvc.IActionResult] GetProducts(Int32, Int32, System.String, System.String, Boolean, System.Threading.CancellationToken) on controller Billing.API.Controllers.ProductsController (Billing.API).
2026-08-08 17:48:39.024 +05:30 [INF] Handling GetProductsQuery
2026-08-08 17:48:39.055 +05:30 [INF] Handled GetProductsQuery in 30ms
2026-08-08 17:48:39.055 +05:30 [INF] Executing OkObjectResult, writing value of type 'Billing.Shared.Results.Result`1[[Billing.Application.Common.PagedResult`1[[Billing.Application.DTOs.Products.ProductDto, Billing.Application, Version=1.0.0.0, Culture=neutral, PublicKeyToken=null]], Billing.Application, Version=1.0.0.0, Culture=neutral, PublicKeyToken=null]]'.
2026-08-08 17:48:39.055 +05:30 [INF] Executed action Billing.API.Controllers.ProductsController.GetProducts (Billing.API) in 31.8437ms
2026-08-08 17:48:39.055 +05:30 [INF] Executed endpoint 'Billing.API.Controllers.ProductsController.GetProducts (Billing.API)'
2026-08-08 17:48:39.056 +05:30 [INF] HTTP GET /api/products responded 200 in 33.4077 ms
2026-08-08 17:48:39.056 +05:30 [INF] Request finished HTTP/1.1 GET http://localhost:5000/api/products?page=1&pageSize=10 - 200 null application/json; charset=utf-8 33.6297ms
2026-08-08 17:49:52.140 +05:30 [INF] Request starting HTTP/1.1 GET http://localhost:5000/api/sales?page=1&pageSize=10 - null null
2026-08-08 17:49:52.143 +05:30 [INF] Executing endpoint 'Billing.API.Controllers.SalesController.GetSales (Billing.API)'
2026-08-08 17:49:52.144 +05:30 [INF] Route matched with {action = "GetSales", controller = "Sales"}. Executing controller action with signature System.Threading.Tasks.Task`1[Microsoft.AspNetCore.Mvc.IActionResult] GetSales(System.Nullable`1[System.DateTime], System.Nullable`1[System.DateTime], Int32, Int32, System.Threading.CancellationToken) on controller Billing.API.Controllers.SalesController (Billing.API).
2026-08-08 17:49:52.146 +05:30 [INF] Handling GetSalesQuery
2026-08-08 17:49:52.165 +05:30 [INF] Handled GetSalesQuery in 18ms
2026-08-08 17:49:52.165 +05:30 [INF] Executing OkObjectResult, writing value of type 'Billing.Shared.Results.Result`1[[Billing.Application.Common.PagedResult`1[[Billing.Application.DTOs.Sales.SaleDto, Billing.Application, Version=1.0.0.0, Culture=neutral, PublicKeyToken=null]], Billing.Application, Version=1.0.0.0, Culture=neutral, PublicKeyToken=null]]'.
2026-08-08 17:49:52.166 +05:30 [INF] Executed action Billing.API.Controllers.SalesController.GetSales (Billing.API) in 22.4678ms
2026-08-08 17:49:52.166 +05:30 [INF] Executed endpoint 'Billing.API.Controllers.SalesController.GetSales (Billing.API)'
2026-08-08 17:49:52.166 +05:30 [INF] HTTP GET /api/sales responded 200 in 24.2326 ms
2026-08-08 17:49:52.166 +05:30 [INF] Request finished HTTP/1.1 GET http://localhost:5000/api/sales?page=1&pageSize=10 - 200 null application/json; charset=utf-8 26.3727ms
2026-08-08 17:49:57.281 +05:30 [INF] Request starting HTTP/1.1 GET http://localhost:5000/api/sales/0e99a9e1-4ebe-4e00-9768-2bb1ef86c2bc - null null
2026-08-08 17:49:57.282 +05:30 [INF] Executing endpoint 'Billing.API.Controllers.SalesController.GetSale (Billing.API)'
2026-08-08 17:49:57.283 +05:30 [INF] Route matched with {action = "GetSale", controller = "Sales"}. Executing controller action with signature System.Threading.Tasks.Task`1[Microsoft.AspNetCore.Mvc.IActionResult] GetSale(System.Guid, System.Threading.CancellationToken) on controller Billing.API.Controllers.SalesController (Billing.API).
2026-08-08 17:49:57.286 +05:30 [INF] Handling GetSaleByIdQuery
2026-08-08 17:49:57.327 +05:30 [INF] Handled GetSaleByIdQuery in 40ms
2026-08-08 17:49:57.327 +05:30 [INF] Executing OkObjectResult, writing value of type 'Billing.Shared.Results.Result`1[[Billing.Application.DTOs.Sales.SaleDto, Billing.Application, Version=1.0.0.0, Culture=neutral, PublicKeyToken=null]]'.
2026-08-08 17:49:57.327 +05:30 [INF] Executed action Billing.API.Controllers.SalesController.GetSale (Billing.API) in 44.1006ms
2026-08-08 17:49:57.327 +05:30 [INF] Executed endpoint 'Billing.API.Controllers.SalesController.GetSale (Billing.API)'
2026-08-08 17:49:57.328 +05:30 [INF] HTTP GET /api/sales/0e99a9e1-4ebe-4e00-9768-2bb1ef86c2bc responded 200 in 46.2135 ms
2026-08-08 17:49:57.328 +05:30 [INF] Request finished HTTP/1.1 GET http://localhost:5000/api/sales/0e99a9e1-4ebe-4e00-9768-2bb1ef86c2bc - 200 null application/json; charset=utf-8 46.8552ms
2026-08-08 17:50:20.138 +05:30 [INF] Request starting HTTP/1.1 GET http://localhost:5000/api/sales/8070c8f5-a81e-40d8-9e41-8e1c65d53461 - null null
2026-08-08 17:50:20.139 +05:30 [INF] Executing endpoint 'Billing.API.Controllers.SalesController.GetSale (Billing.API)'
2026-08-08 17:50:20.139 +05:30 [INF] Route matched with {action = "GetSale", controller = "Sales"}. Executing controller action with signature System.Threading.Tasks.Task`1[Microsoft.AspNetCore.Mvc.IActionResult] GetSale(System.Guid, System.Threading.CancellationToken) on controller Billing.API.Controllers.SalesController (Billing.API).
2026-08-08 17:50:20.147 +05:30 [INF] Handling GetSaleByIdQuery
2026-08-08 17:50:20.182 +05:30 [INF] Handled GetSaleByIdQuery in 35ms
2026-08-08 17:50:20.183 +05:30 [INF] Executing OkObjectResult, writing value of type 'Billing.Shared.Results.Result`1[[Billing.Application.DTOs.Sales.SaleDto, Billing.Application, Version=1.0.0.0, Culture=neutral, PublicKeyToken=null]]'.
2026-08-08 17:50:20.183 +05:30 [INF] Executed action Billing.API.Controllers.SalesController.GetSale (Billing.API) in 44.0342ms
2026-08-08 17:50:20.183 +05:30 [INF] Executed endpoint 'Billing.API.Controllers.SalesController.GetSale (Billing.API)'
2026-08-08 17:50:20.184 +05:30 [INF] HTTP GET /api/sales/8070c8f5-a81e-40d8-9e41-8e1c65d53461 responded 200 in 45.4564 ms
2026-08-08 17:50:20.184 +05:30 [INF] Request finished HTTP/1.1 GET http://localhost:5000/api/sales/8070c8f5-a81e-40d8-9e41-8e1c65d53461 - 200 null application/json; charset=utf-8 45.9354ms
2026-08-08 17:51:29.458 +05:30 [INF] Request starting HTTP/1.1 GET http://localhost:5000/api/reports/profit-loss?from=2026-07-09&to=2026-08-08 - null null
2026-08-08 17:51:29.459 +05:30 [INF] Executing endpoint 'Billing.API.Controllers.ReportsController.GetProfitLoss (Billing.API)'
2026-08-08 17:51:29.459 +05:30 [INF] Route matched with {action = "GetProfitLoss", controller = "Reports"}. Executing controller action with signature System.Threading.Tasks.Task`1[Microsoft.AspNetCore.Mvc.IActionResult] GetProfitLoss(System.Nullable`1[System.DateTime], System.Nullable`1[System.DateTime], System.Threading.CancellationToken) on controller Billing.API.Controllers.ReportsController (Billing.API).
2026-08-08 17:51:29.465 +05:30 [INF] Handling GetProfitLossReportQuery
2026-08-08 17:51:29.535 +05:30 [INF] Handled GetProfitLossReportQuery in 69ms
2026-08-08 17:51:29.535 +05:30 [INF] Executing OkObjectResult, writing value of type 'Billing.Shared.Results.Result`1[[Billing.Application.DTOs.ProfitLossDto, Billing.Application, Version=1.0.0.0, Culture=neutral, PublicKeyToken=null]]'.
2026-08-08 17:51:29.536 +05:30 [INF] Executed action Billing.API.Controllers.ReportsController.GetProfitLoss (Billing.API) in 76.2947ms
2026-08-08 17:51:29.536 +05:30 [INF] Executed endpoint 'Billing.API.Controllers.ReportsController.GetProfitLoss (Billing.API)'
2026-08-08 17:51:29.536 +05:30 [INF] HTTP GET /api/reports/profit-loss responded 200 in 77.8685 ms
2026-08-08 17:51:29.536 +05:30 [INF] Request finished HTTP/1.1 GET http://localhost:5000/api/reports/profit-loss?from=2026-07-09&to=2026-08-08 - 200 null application/json; charset=utf-8 78.0313ms
2026-08-08 17:51:46.456 +05:30 [INF] Request starting HTTP/1.1 GET http://localhost:5000/api/reports/top-products?from=2026-07-09&to=2026-08-08 - null null
2026-08-08 17:51:46.457 +05:30 [INF] Executing endpoint 'Billing.API.Controllers.ReportsController.GetTopProducts (Billing.API)'
2026-08-08 17:51:46.458 +05:30 [INF] Route matched with {action = "GetTopProducts", controller = "Reports"}. Executing controller action with signature System.Threading.Tasks.Task`1[Microsoft.AspNetCore.Mvc.IActionResult] GetTopProducts(System.Nullable`1[System.DateTime], System.Nullable`1[System.DateTime], Int32, System.Threading.CancellationToken) on controller Billing.API.Controllers.ReportsController (Billing.API).
2026-08-08 17:51:46.462 +05:30 [INF] Handling GetTopProductsReportQuery
2026-08-08 17:51:46.510 +05:30 [INF] Handled GetTopProductsReportQuery in 47ms
2026-08-08 17:51:46.512 +05:30 [INF] Executing OkObjectResult, writing value of type 'Billing.Shared.Results.Result`1[[System.Collections.Generic.IReadOnlyList`1[[Billing.Application.DTOs.TopProductDto, Billing.Application, Version=1.0.0.0, Culture=neutral, PublicKeyToken=null]], System.Private.CoreLib, Version=9.0.0.0, Culture=neutral, PublicKeyToken=7cec85d7bea7798e]]'.
2026-08-08 17:51:46.512 +05:30 [INF] Executed action Billing.API.Controllers.ReportsController.GetTopProducts (Billing.API) in 54.5584ms
2026-08-08 17:51:46.514 +05:30 [INF] Executed endpoint 'Billing.API.Controllers.ReportsController.GetTopProducts (Billing.API)'
2026-08-08 17:51:46.514 +05:30 [INF] HTTP GET /api/reports/top-products responded 200 in 58.3528 ms
2026-08-08 17:51:46.514 +05:30 [INF] Request finished HTTP/1.1 GET http://localhost:5000/api/reports/top-products?from=2026-07-09&to=2026-08-08 - 200 null application/json; charset=utf-8 58.5821ms
2026-08-08 17:51:49.068 +05:30 [INF] Request starting HTTP/1.1 GET http://localhost:5000/api/reports/inventory-valuation - null null
2026-08-08 17:51:49.072 +05:30 [INF] Executing endpoint 'Billing.API.Controllers.ReportsController.GetInventoryValuation (Billing.API)'
2026-08-08 17:51:49.072 +05:30 [INF] Route matched with {action = "GetInventoryValuation", controller = "Reports"}. Executing controller action with signature System.Threading.Tasks.Task`1[Microsoft.AspNetCore.Mvc.IActionResult] GetInventoryValuation(System.Threading.CancellationToken) on controller Billing.API.Controllers.ReportsController (Billing.API).
2026-08-08 17:51:49.080 +05:30 [INF] Handling GetInventoryValuationReportQuery
2026-08-08 17:51:49.108 +05:30 [INF] Handled GetInventoryValuationReportQuery in 28ms
2026-08-08 17:51:49.108 +05:30 [INF] Executing OkObjectResult, writing value of type 'Billing.Shared.Results.Result`1[[Billing.Application.DTOs.InventoryValuationSummaryDto, Billing.Application, Version=1.0.0.0, Culture=neutral, PublicKeyToken=null]]'.
2026-08-08 17:51:49.108 +05:30 [INF] Executed action Billing.API.Controllers.ReportsController.GetInventoryValuation (Billing.API) in 36.3573ms
2026-08-08 17:51:49.109 +05:30 [INF] Executed endpoint 'Billing.API.Controllers.ReportsController.GetInventoryValuation (Billing.API)'
2026-08-08 17:51:49.109 +05:30 [INF] HTTP GET /api/reports/inventory-valuation responded 200 in 40.2246 ms
2026-08-08 17:51:49.109 +05:30 [INF] Request finished HTTP/1.1 GET http://localhost:5000/api/reports/inventory-valuation - 200 null application/json; charset=utf-8 40.3921ms
2026-08-08 17:51:59.467 +05:30 [INF] Request starting HTTP/1.1 GET http://localhost:5000/api/customers?page=1&pageSize=50 - null null
2026-08-08 17:51:59.467 +05:30 [INF] Executing endpoint 'Billing.API.Controllers.CustomersController.GetCustomers (Billing.API)'
2026-08-08 17:51:59.467 +05:30 [INF] Route matched with {action = "GetCustomers", controller = "Customers"}. Executing controller action with signature System.Threading.Tasks.Task`1[Microsoft.AspNetCore.Mvc.IActionResult] GetCustomers(Int32, Int32, System.String, System.Threading.CancellationToken) on controller Billing.API.Controllers.CustomersController (Billing.API).
2026-08-08 17:51:59.467 +05:30 [INF] Handling GetCustomersQuery
2026-08-08 17:51:59.493 +05:30 [INF] Handled GetCustomersQuery in 25ms
2026-08-08 17:51:59.493 +05:30 [INF] Executing OkObjectResult, writing value of type 'Billing.Shared.Results.Result`1[[Billing.Application.Common.PagedResult`1[[Billing.Application.DTOs.CustomerDto, Billing.Application, Version=1.0.0.0, Culture=neutral, PublicKeyToken=null]], Billing.Application, Version=1.0.0.0, Culture=neutral, PublicKeyToken=null]]'.
2026-08-08 17:51:59.493 +05:30 [INF] Executed action Billing.API.Controllers.CustomersController.GetCustomers (Billing.API) in 26.2681ms
2026-08-08 17:51:59.493 +05:30 [INF] Executed endpoint 'Billing.API.Controllers.CustomersController.GetCustomers (Billing.API)'
2026-08-08 17:51:59.493 +05:30 [INF] HTTP GET /api/customers responded 200 in 26.8404 ms
2026-08-08 17:51:59.494 +05:30 [INF] Request finished HTTP/1.1 GET http://localhost:5000/api/customers?page=1&pageSize=50 - 200 null application/json; charset=utf-8 26.9431ms
2026-08-08 17:52:02.229 +05:30 [INF] Request starting HTTP/1.1 GET http://localhost:5000/api/products/search?term=wa&limit=20 - null null
2026-08-08 17:52:02.229 +05:30 [INF] Executing endpoint 'Billing.API.Controllers.ProductsController.Search (Billing.API)'
2026-08-08 17:52:02.229 +05:30 [INF] Route matched with {action = "Search", controller = "Products"}. Executing controller action with signature System.Threading.Tasks.Task`1[Microsoft.AspNetCore.Mvc.IActionResult] Search(System.String, Int32, System.Threading.CancellationToken) on controller Billing.API.Controllers.ProductsController (Billing.API).
2026-08-08 17:52:02.229 +05:30 [INF] Handling SearchProductsQuery
2026-08-08 17:52:02.264 +05:30 [INF] Handled SearchProductsQuery in 35ms
2026-08-08 17:52:02.264 +05:30 [INF] Executing OkObjectResult, writing value of type 'Billing.Shared.Results.Result`1[[System.Collections.Generic.IReadOnlyList`1[[Billing.Application.DTOs.Products.ProductDto, Billing.Application, Version=1.0.0.0, Culture=neutral, PublicKeyToken=null]], System.Private.CoreLib, Version=9.0.0.0, Culture=neutral, PublicKeyToken=7cec85d7bea7798e]]'.
2026-08-08 17:52:02.265 +05:30 [INF] Executed action Billing.API.Controllers.ProductsController.Search (Billing.API) in 35.3743ms
2026-08-08 17:52:02.265 +05:30 [INF] Executed endpoint 'Billing.API.Controllers.ProductsController.Search (Billing.API)'
2026-08-08 17:52:02.265 +05:30 [INF] HTTP GET /api/products/search responded 200 in 35.7081 ms
2026-08-08 17:52:02.265 +05:30 [INF] Request finished HTTP/1.1 GET http://localhost:5000/api/products/search?term=wa&limit=20 - 200 null application/json; charset=utf-8 35.7717ms
2026-08-08 17:52:02.593 +05:30 [INF] Request starting HTTP/1.1 GET http://localhost:5000/api/products/search?term=wat&limit=20 - null null
2026-08-08 17:52:02.593 +05:30 [INF] Executing endpoint 'Billing.API.Controllers.ProductsController.Search (Billing.API)'
2026-08-08 17:52:02.593 +05:30 [INF] Route matched with {action = "Search", controller = "Products"}. Executing controller action with signature System.Threading.Tasks.Task`1[Microsoft.AspNetCore.Mvc.IActionResult] Search(System.String, Int32, System.Threading.CancellationToken) on controller Billing.API.Controllers.ProductsController (Billing.API).
2026-08-08 17:52:02.594 +05:30 [INF] Handling SearchProductsQuery
2026-08-08 17:52:02.604 +05:30 [INF] Handled SearchProductsQuery in 10ms
2026-08-08 17:52:02.604 +05:30 [INF] Executing OkObjectResult, writing value of type 'Billing.Shared.Results.Result`1[[System.Collections.Generic.IReadOnlyList`1[[Billing.Application.DTOs.Products.ProductDto, Billing.Application, Version=1.0.0.0, Culture=neutral, PublicKeyToken=null]], System.Private.CoreLib, Version=9.0.0.0, Culture=neutral, PublicKeyToken=7cec85d7bea7798e]]'.
2026-08-08 17:52:02.605 +05:30 [INF] Executed action Billing.API.Controllers.ProductsController.Search (Billing.API) in 11.3187ms
2026-08-08 17:52:02.605 +05:30 [INF] Executed endpoint 'Billing.API.Controllers.ProductsController.Search (Billing.API)'
2026-08-08 17:52:02.605 +05:30 [INF] HTTP GET /api/products/search responded 200 in 11.6878 ms
2026-08-08 17:52:02.605 +05:30 [INF] Request finished HTTP/1.1 GET http://localhost:5000/api/products/search?term=wat&limit=20 - 200 null application/json; charset=utf-8 11.7908ms
2026-08-08 17:52:02.870 +05:30 [INF] Request starting HTTP/1.1 GET http://localhost:5000/api/products/search?term=wate&limit=20 - null null
2026-08-08 17:52:02.871 +05:30 [INF] Executing endpoint 'Billing.API.Controllers.ProductsController.Search (Billing.API)'
2026-08-08 17:52:02.871 +05:30 [INF] Route matched with {action = "Search", controller = "Products"}. Executing controller action with signature System.Threading.Tasks.Task`1[Microsoft.AspNetCore.Mvc.IActionResult] Search(System.String, Int32, System.Threading.CancellationToken) on controller Billing.API.Controllers.ProductsController (Billing.API).
2026-08-08 17:52:02.871 +05:30 [INF] Handling SearchProductsQuery
2026-08-08 17:52:02.887 +05:30 [INF] Handled SearchProductsQuery in 16ms
2026-08-08 17:52:02.887 +05:30 [INF] Executing OkObjectResult, writing value of type 'Billing.Shared.Results.Result`1[[System.Collections.Generic.IReadOnlyList`1[[Billing.Application.DTOs.Products.ProductDto, Billing.Application, Version=1.0.0.0, Culture=neutral, PublicKeyToken=null]], System.Private.CoreLib, Version=9.0.0.0, Culture=neutral, PublicKeyToken=7cec85d7bea7798e]]'.
2026-08-08 17:52:02.888 +05:30 [INF] Executed action Billing.API.Controllers.ProductsController.Search (Billing.API) in 17.0475ms
2026-08-08 17:52:02.888 +05:30 [INF] Executed endpoint 'Billing.API.Controllers.ProductsController.Search (Billing.API)'
2026-08-08 17:52:02.888 +05:30 [INF] HTTP GET /api/products/search responded 200 in 17.4835 ms
2026-08-08 17:52:02.888 +05:30 [INF] Request finished HTTP/1.1 GET http://localhost:5000/api/products/search?term=wate&limit=20 - 200 null application/json; charset=utf-8 17.6286ms
2026-08-08 17:52:03.081 +05:30 [INF] Request starting HTTP/1.1 GET http://localhost:5000/api/products/search?term=water&limit=20 - null null
2026-08-08 17:52:03.082 +05:30 [INF] Executing endpoint 'Billing.API.Controllers.ProductsController.Search (Billing.API)'
2026-08-08 17:52:03.082 +05:30 [INF] Route matched with {action = "Search", controller = "Products"}. Executing controller action with signature System.Threading.Tasks.Task`1[Microsoft.AspNetCore.Mvc.IActionResult] Search(System.String, Int32, System.Threading.CancellationToken) on controller Billing.API.Controllers.ProductsController (Billing.API).
2026-08-08 17:52:03.082 +05:30 [INF] Handling SearchProductsQuery
2026-08-08 17:52:03.103 +05:30 [INF] Handled SearchProductsQuery in 20ms
2026-08-08 17:52:03.103 +05:30 [INF] Executing OkObjectResult, writing value of type 'Billing.Shared.Results.Result`1[[System.Collections.Generic.IReadOnlyList`1[[Billing.Application.DTOs.Products.ProductDto, Billing.Application, Version=1.0.0.0, Culture=neutral, PublicKeyToken=null]], System.Private.CoreLib, Version=9.0.0.0, Culture=neutral, PublicKeyToken=7cec85d7bea7798e]]'.
2026-08-08 17:52:03.104 +05:30 [INF] Executed action Billing.API.Controllers.ProductsController.Search (Billing.API) in 21.5831ms
2026-08-08 17:52:03.104 +05:30 [INF] Executed endpoint 'Billing.API.Controllers.ProductsController.Search (Billing.API)'
2026-08-08 17:52:03.104 +05:30 [INF] HTTP GET /api/products/search responded 200 in 22.1977 ms
2026-08-08 17:52:03.104 +05:30 [INF] Request finished HTTP/1.1 GET http://localhost:5000/api/products/search?term=water&limit=20 - 200 null application/json; charset=utf-8 22.3457ms
2026-08-08 17:52:36.956 +05:30 [INF] Request starting HTTP/1.1 POST http://localhost:5000/api/sales - application/json 203
2026-08-08 17:52:36.960 +05:30 [INF] CORS policy execution successful.
2026-08-08 17:52:36.962 +05:30 [INF] Executing endpoint 'Billing.API.Controllers.SalesController.CreateSale (Billing.API)'
2026-08-08 17:52:36.995 +05:30 [INF] Route matched with {action = "CreateSale", controller = "Sales"}. Executing controller action with signature System.Threading.Tasks.Task`1[Microsoft.AspNetCore.Mvc.IActionResult] CreateSale(Billing.Application.DTOs.Sales.CreateSaleRequest, System.Threading.CancellationToken) on controller Billing.API.Controllers.SalesController (Billing.API).
2026-08-08 17:52:37.140 +05:30 [INF] Handling CreateSaleCommand
2026-08-08 17:52:37.696 +05:30 [INF] Handled CreateSaleCommand in 556ms
2026-08-08 17:52:37.696 +05:30 [INF] Executing OkObjectResult, writing value of type 'Billing.Shared.Results.Result`1[[Billing.Application.DTOs.Sales.SaleDto, Billing.Application, Version=1.0.0.0, Culture=neutral, PublicKeyToken=null]]'.
2026-08-08 17:52:37.697 +05:30 [INF] Executed action Billing.API.Controllers.SalesController.CreateSale (Billing.API) in 702.2951ms
2026-08-08 17:52:37.697 +05:30 [INF] Executed endpoint 'Billing.API.Controllers.SalesController.CreateSale (Billing.API)'
2026-08-08 17:52:37.697 +05:30 [INF] HTTP POST /api/sales responded 200 in 740.6264 ms
2026-08-08 17:52:37.697 +05:30 [INF] Request finished HTTP/1.1 POST http://localhost:5000/api/sales - 200 null application/json; charset=utf-8 740.8544ms
2026-08-08 17:52:37.740 +05:30 [INF] Request starting HTTP/1.1 GET http://localhost:5000/api/sales/dfd1a4fe-4abb-453a-8220-cfe923470198 - null null
2026-08-08 17:52:37.742 +05:30 [INF] Executing endpoint 'Billing.API.Controllers.SalesController.GetSale (Billing.API)'
2026-08-08 17:52:37.743 +05:30 [INF] Route matched with {action = "GetSale", controller = "Sales"}. Executing controller action with signature System.Threading.Tasks.Task`1[Microsoft.AspNetCore.Mvc.IActionResult] GetSale(System.Guid, System.Threading.CancellationToken) on controller Billing.API.Controllers.SalesController (Billing.API).
2026-08-08 17:52:37.743 +05:30 [INF] Handling GetSaleByIdQuery
2026-08-08 17:52:37.765 +05:30 [INF] Handled GetSaleByIdQuery in 22ms
2026-08-08 17:52:37.767 +05:30 [INF] Executing UnprocessableEntityObjectResult, writing value of type 'Billing.Shared.Results.Result`1[[Billing.Application.DTOs.Sales.SaleDto, Billing.Application, Version=1.0.0.0, Culture=neutral, PublicKeyToken=null]]'.
2026-08-08 17:52:37.769 +05:30 [INF] Executed action Billing.API.Controllers.SalesController.GetSale (Billing.API) in 26.2312ms
2026-08-08 17:52:37.769 +05:30 [INF] Executed endpoint 'Billing.API.Controllers.SalesController.GetSale (Billing.API)'
2026-08-08 17:52:37.769 +05:30 [INF] HTTP GET /api/sales/dfd1a4fe-4abb-453a-8220-cfe923470198 responded 422 in 28.9269 ms
2026-08-08 17:52:37.769 +05:30 [INF] Request finished HTTP/1.1 GET http://localhost:5000/api/sales/dfd1a4fe-4abb-453a-8220-cfe923470198 - 422 null application/json; charset=utf-8 29.0697ms
2026-08-08 17:52:38.788 +05:30 [INF] Request starting HTTP/1.1 GET http://localhost:5000/api/sales/dfd1a4fe-4abb-453a-8220-cfe923470198 - null null
2026-08-08 17:52:38.788 +05:30 [INF] Executing endpoint 'Billing.API.Controllers.SalesController.GetSale (Billing.API)'
2026-08-08 17:52:38.789 +05:30 [INF] Route matched with {action = "GetSale", controller = "Sales"}. Executing controller action with signature System.Threading.Tasks.Task`1[Microsoft.AspNetCore.Mvc.IActionResult] GetSale(System.Guid, System.Threading.CancellationToken) on controller Billing.API.Controllers.SalesController (Billing.API).
2026-08-08 17:52:38.789 +05:30 [INF] Handling GetSaleByIdQuery
2026-08-08 17:52:38.794 +05:30 [INF] Handled GetSaleByIdQuery in 4ms
2026-08-08 17:52:38.794 +05:30 [INF] Executing UnprocessableEntityObjectResult, writing value of type 'Billing.Shared.Results.Result`1[[Billing.Application.DTOs.Sales.SaleDto, Billing.Application, Version=1.0.0.0, Culture=neutral, PublicKeyToken=null]]'.
2026-08-08 17:52:38.794 +05:30 [INF] Executed action Billing.API.Controllers.SalesController.GetSale (Billing.API) in 5.3955ms
2026-08-08 17:52:38.794 +05:30 [INF] Executed endpoint 'Billing.API.Controllers.SalesController.GetSale (Billing.API)'
2026-08-08 17:52:38.794 +05:30 [INF] HTTP GET /api/sales/dfd1a4fe-4abb-453a-8220-cfe923470198 responded 422 in 6.5058 ms
2026-08-08 17:52:38.794 +05:30 [INF] Request finished HTTP/1.1 GET http://localhost:5000/api/sales/dfd1a4fe-4abb-453a-8220-cfe923470198 - 422 null application/json; charset=utf-8 6.6607ms
2026-08-08 17:52:47.007 +05:30 [INF] Request starting HTTP/1.1 GET http://localhost:5000/api/sales?page=1&pageSize=10 - null null
2026-08-08 17:52:47.008 +05:30 [INF] Executing endpoint 'Billing.API.Controllers.SalesController.GetSales (Billing.API)'
2026-08-08 17:52:47.009 +05:30 [INF] Route matched with {action = "GetSales", controller = "Sales"}. Executing controller action with signature System.Threading.Tasks.Task`1[Microsoft.AspNetCore.Mvc.IActionResult] GetSales(System.Nullable`1[System.DateTime], System.Nullable`1[System.DateTime], Int32, Int32, System.Threading.CancellationToken) on controller Billing.API.Controllers.SalesController (Billing.API).
2026-08-08 17:52:47.017 +05:30 [INF] Handling GetSalesQuery
2026-08-08 17:52:47.023 +05:30 [INF] Handled GetSalesQuery in 6ms
2026-08-08 17:52:47.023 +05:30 [INF] Executing OkObjectResult, writing value of type 'Billing.Shared.Results.Result`1[[Billing.Application.Common.PagedResult`1[[Billing.Application.DTOs.Sales.SaleDto, Billing.Application, Version=1.0.0.0, Culture=neutral, PublicKeyToken=null]], Billing.Application, Version=1.0.0.0, Culture=neutral, PublicKeyToken=null]]'.
2026-08-08 17:52:47.024 +05:30 [INF] Executed action Billing.API.Controllers.SalesController.GetSales (Billing.API) in 14.277ms
2026-08-08 17:52:47.024 +05:30 [INF] Executed endpoint 'Billing.API.Controllers.SalesController.GetSales (Billing.API)'
2026-08-08 17:52:47.024 +05:30 [INF] HTTP GET /api/sales responded 200 in 16.9685 ms
2026-08-08 17:52:47.024 +05:30 [INF] Request finished HTTP/1.1 GET http://localhost:5000/api/sales?page=1&pageSize=10 - 200 null application/json; charset=utf-8 17.2493ms
2026-08-08 17:53:00.556 +05:30 [INF] Request starting HTTP/1.1 GET http://localhost:5000/api/products/44444444-0000-0000-0000-000000000001 - null null
2026-08-08 17:53:00.556 +05:30 [INF] Executing endpoint 'Billing.API.Controllers.ProductsController.GetProduct (Billing.API)'
2026-08-08 17:53:00.556 +05:30 [INF] Route matched with {action = "GetProduct", controller = "Products"}. Executing controller action with signature System.Threading.Tasks.Task`1[Microsoft.AspNetCore.Mvc.IActionResult] GetProduct(System.Guid, System.Threading.CancellationToken) on controller Billing.API.Controllers.ProductsController (Billing.API).
2026-08-08 17:53:00.560 +05:30 [INF] Handling GetProductByIdQuery
2026-08-08 17:53:00.585 +05:30 [INF] Handled GetProductByIdQuery in 25ms
2026-08-08 17:53:00.585 +05:30 [INF] Executing OkObjectResult, writing value of type 'Billing.Shared.Results.Result`1[[Billing.Application.DTOs.Products.ProductDto, Billing.Application, Version=1.0.0.0, Culture=neutral, PublicKeyToken=null]]'.
2026-08-08 17:53:00.586 +05:30 [INF] Executed action Billing.API.Controllers.ProductsController.GetProduct (Billing.API) in 29.2742ms
2026-08-08 17:53:00.586 +05:30 [INF] Executed endpoint 'Billing.API.Controllers.ProductsController.GetProduct (Billing.API)'
2026-08-08 17:53:00.586 +05:30 [INF] HTTP GET /api/products/44444444-0000-0000-0000-000000000001 responded 200 in 29.5774 ms
2026-08-08 17:53:00.586 +05:30 [INF] Request finished HTTP/1.1 GET http://localhost:5000/api/products/44444444-0000-0000-0000-000000000001 - 200 null application/json; charset=utf-8 29.8008ms
2026-08-08 17:53:08.005 +05:30 [INF] Request starting HTTP/1.1 GET http://localhost:5000/api/dashboard?from=2026-07-09&to=2026-08-08 - null null
2026-08-08 17:53:08.005 +05:30 [INF] Executing endpoint 'Billing.API.Controllers.DashboardController.GetDashboard (Billing.API)'
2026-08-08 17:53:08.005 +05:30 [INF] Route matched with {action = "GetDashboard", controller = "Dashboard"}. Executing controller action with signature System.Threading.Tasks.Task`1[Microsoft.AspNetCore.Mvc.IActionResult] GetDashboard(System.Nullable`1[System.DateTime], System.Nullable`1[System.DateTime], System.Threading.CancellationToken) on controller Billing.API.Controllers.DashboardController (Billing.API).
2026-08-08 17:53:08.005 +05:30 [INF] Handling GetDashboardQuery
2026-08-08 17:53:08.111 +05:30 [INF] Handled GetDashboardQuery in 105ms
2026-08-08 17:53:08.111 +05:30 [INF] Executing OkObjectResult, writing value of type 'Billing.Shared.Results.Result`1[[Billing.Application.DTOs.DashboardDto, Billing.Application, Version=1.0.0.0, Culture=neutral, PublicKeyToken=null]]'.
2026-08-08 17:53:08.111 +05:30 [INF] Executed action Billing.API.Controllers.DashboardController.GetDashboard (Billing.API) in 106.1135ms
2026-08-08 17:53:08.111 +05:30 [INF] Executed endpoint 'Billing.API.Controllers.DashboardController.GetDashboard (Billing.API)'
2026-08-08 17:53:08.111 +05:30 [INF] HTTP GET /api/dashboard responded 200 in 106.5403 ms
2026-08-08 17:53:08.111 +05:30 [INF] Request finished HTTP/1.1 GET http://localhost:5000/api/dashboard?from=2026-07-09&to=2026-08-08 - 200 null application/json; charset=utf-8 106.7417ms
2026-08-08 17:53:40.394 +05:30 [INF] Request starting HTTP/1.1 GET http://localhost:5000/api/sales/7fc268ba-c80c-4917-b206-7c74546e115c - null null
2026-08-08 17:53:40.394 +05:30 [INF] Executing endpoint 'Billing.API.Controllers.SalesController.GetSale (Billing.API)'
2026-08-08 17:53:40.395 +05:30 [INF] Route matched with {action = "GetSale", controller = "Sales"}. Executing controller action with signature System.Threading.Tasks.Task`1[Microsoft.AspNetCore.Mvc.IActionResult] GetSale(System.Guid, System.Threading.CancellationToken) on controller Billing.API.Controllers.SalesController (Billing.API).
2026-08-08 17:53:40.395 +05:30 [INF] Handling GetSaleByIdQuery
2026-08-08 17:53:40.422 +05:30 [INF] Handled GetSaleByIdQuery in 27ms
2026-08-08 17:53:40.423 +05:30 [INF] Executing OkObjectResult, writing value of type 'Billing.Shared.Results.Result`1[[Billing.Application.DTOs.Sales.SaleDto, Billing.Application, Version=1.0.0.0, Culture=neutral, PublicKeyToken=null]]'.
2026-08-08 17:53:40.423 +05:30 [INF] Executed action Billing.API.Controllers.SalesController.GetSale (Billing.API) in 28.6156ms
2026-08-08 17:53:40.423 +05:30 [INF] Executed endpoint 'Billing.API.Controllers.SalesController.GetSale (Billing.API)'
2026-08-08 17:53:40.423 +05:30 [INF] HTTP GET /api/sales/7fc268ba-c80c-4917-b206-7c74546e115c responded 200 in 29.6017 ms
2026-08-08 17:53:40.424 +05:30 [INF] Request finished HTTP/1.1 GET http://localhost:5000/api/sales/7fc268ba-c80c-4917-b206-7c74546e115c - 200 null application/json; charset=utf-8 29.8104ms
2026-08-08 17:56:18.629 +05:30 [INF] Request starting HTTP/1.1 GET http://localhost:5000/api/products?page=1&pageSize=10 - null null
2026-08-08 17:56:18.635 +05:30 [INF] Failed to validate the token.
Microsoft.IdentityModel.Tokens.SecurityTokenExpiredException: IDX10223: Lifetime validation failed. The token is expired. ValidTo (UTC): '8/8/2026 12:24:50 PM', Current time (UTC): '8/8/2026 12:26:18 PM'.
   at Microsoft.IdentityModel.Tokens.ValidatorUtilities.ValidateLifetime(Nullable`1 notBefore, Nullable`1 expires, SecurityToken securityToken, TokenValidationParameters validationParameters)
   at Microsoft.IdentityModel.JsonWebTokens.JsonWebTokenHandler.ValidateTokenPayloadAsync(JsonWebToken jsonWebToken, TokenValidationParameters validationParameters, BaseConfiguration configuration)
   at Microsoft.IdentityModel.JsonWebTokens.JsonWebTokenHandler.ValidateJWSAsync(JsonWebToken jsonWebToken, TokenValidationParameters validationParameters, BaseConfiguration configuration)
2026-08-08 17:56:18.635 +05:30 [INF] Bearer was not authenticated. Failure message: IDX10223: Lifetime validation failed. The token is expired. ValidTo (UTC): '8/8/2026 12:24:50 PM', Current time (UTC): '8/8/2026 12:26:18 PM'.
2026-08-08 17:56:18.636 +05:30 [INF] Authorization failed. These requirements were not met:
DenyAnonymousAuthorizationRequirement: Requires an authenticated user.
2026-08-08 17:56:18.639 +05:30 [INF] AuthenticationScheme: Bearer was challenged.
2026-08-08 17:56:18.639 +05:30 [INF] HTTP GET /api/products responded 401 in 9.8777 ms
2026-08-08 17:56:18.639 +05:30 [INF] Request finished HTTP/1.1 GET http://localhost:5000/api/products?page=1&pageSize=10 - 401 0 null 10.1698ms
2026-08-08 17:56:18.666 +05:30 [INF] Request starting HTTP/1.1 POST http://localhost:5000/api/auth/refresh - application/json 1640
2026-08-08 17:56:18.667 +05:30 [INF] CORS policy execution successful.
2026-08-08 17:56:18.668 +05:30 [INF] Failed to validate the token.
Microsoft.IdentityModel.Tokens.SecurityTokenExpiredException: IDX10223: Lifetime validation failed. The token is expired. ValidTo (UTC): '8/8/2026 12:24:50 PM', Current time (UTC): '8/8/2026 12:26:18 PM'.
   at Microsoft.IdentityModel.Tokens.ValidatorUtilities.ValidateLifetime(Nullable`1 notBefore, Nullable`1 expires, SecurityToken securityToken, TokenValidationParameters validationParameters)
   at Microsoft.IdentityModel.JsonWebTokens.JsonWebTokenHandler.ValidateTokenPayloadAsync(JsonWebToken jsonWebToken, TokenValidationParameters validationParameters, BaseConfiguration configuration)
   at Microsoft.IdentityModel.JsonWebTokens.JsonWebTokenHandler.ValidateJWSAsync(JsonWebToken jsonWebToken, TokenValidationParameters validationParameters, BaseConfiguration configuration)
2026-08-08 17:56:18.668 +05:30 [INF] Bearer was not authenticated. Failure message: IDX10223: Lifetime validation failed. The token is expired. ValidTo (UTC): '8/8/2026 12:24:50 PM', Current time (UTC): '8/8/2026 12:26:18 PM'.
2026-08-08 17:56:18.668 +05:30 [INF] Executing endpoint 'Billing.API.Controllers.AuthController.Refresh (Billing.API)'
2026-08-08 17:56:18.668 +05:30 [INF] Route matched with {action = "Refresh", controller = "Auth"}. Executing controller action with signature System.Threading.Tasks.Task`1[Microsoft.AspNetCore.Mvc.IActionResult] Refresh(Billing.Application.DTOs.Auth.RefreshRequest, System.Threading.CancellationToken) on controller Billing.API.Controllers.AuthController (Billing.API).
2026-08-08 17:56:18.938 +05:30 [INF] Executing OkObjectResult, writing value of type 'Billing.Shared.Results.Result`1[[Billing.Application.DTOs.Auth.RefreshResponse, Billing.Application, Version=1.0.0.0, Culture=neutral, PublicKeyToken=null]]'.
2026-08-08 17:56:18.939 +05:30 [INF] Executed action Billing.API.Controllers.AuthController.Refresh (Billing.API) in 270.4434ms
2026-08-08 17:56:18.939 +05:30 [INF] Executed endpoint 'Billing.API.Controllers.AuthController.Refresh (Billing.API)'
2026-08-08 17:56:18.939 +05:30 [INF] HTTP POST /api/auth/refresh responded 200 in 271.8058 ms
2026-08-08 17:56:18.939 +05:30 [INF] Request finished HTTP/1.1 POST http://localhost:5000/api/auth/refresh - 200 null application/json; charset=utf-8 272.2554ms
2026-08-08 17:56:18.950 +05:30 [INF] Request starting HTTP/1.1 GET http://localhost:5000/api/products?page=1&pageSize=10 - null null
2026-08-08 17:56:18.951 +05:30 [INF] Executing endpoint 'Billing.API.Controllers.ProductsController.GetProducts (Billing.API)'
2026-08-08 17:56:18.951 +05:30 [INF] Route matched with {action = "GetProducts", controller = "Products"}. Executing controller action with signature System.Threading.Tasks.Task`1[Microsoft.AspNetCore.Mvc.IActionResult] GetProducts(Int32, Int32, System.String, System.String, Boolean, System.Threading.CancellationToken) on controller Billing.API.Controllers.ProductsController (Billing.API).
2026-08-08 17:56:18.951 +05:30 [INF] Handling GetProductsQuery
2026-08-08 17:56:18.988 +05:30 [INF] Handled GetProductsQuery in 37ms
2026-08-08 17:56:18.989 +05:30 [INF] Executing OkObjectResult, writing value of type 'Billing.Shared.Results.Result`1[[Billing.Application.Common.PagedResult`1[[Billing.Application.DTOs.Products.ProductDto, Billing.Application, Version=1.0.0.0, Culture=neutral, PublicKeyToken=null]], Billing.Application, Version=1.0.0.0, Culture=neutral, PublicKeyToken=null]]'.
2026-08-08 17:56:18.989 +05:30 [INF] Executed action Billing.API.Controllers.ProductsController.GetProducts (Billing.API) in 38.0607ms
2026-08-08 17:56:18.989 +05:30 [INF] Executed endpoint 'Billing.API.Controllers.ProductsController.GetProducts (Billing.API)'
2026-08-08 17:56:18.989 +05:30 [INF] HTTP GET /api/products responded 200 in 38.8447 ms
2026-08-08 17:56:18.989 +05:30 [INF] Request finished HTTP/1.1 GET http://localhost:5000/api/products?page=1&pageSize=10 - 200 null application/json; charset=utf-8 39.0529ms
2026-08-08 17:58:08.810 +05:30 [INF] Request starting HTTP/1.1 GET http://localhost:5000/api/products/44444444-0000-0000-0000-000000000001 - null null
2026-08-08 17:58:08.811 +05:30 [INF] Executing endpoint 'Billing.API.Controllers.ProductsController.GetProduct (Billing.API)'
2026-08-08 17:58:08.811 +05:30 [INF] Route matched with {action = "GetProduct", controller = "Products"}. Executing controller action with signature System.Threading.Tasks.Task`1[Microsoft.AspNetCore.Mvc.IActionResult] GetProduct(System.Guid, System.Threading.CancellationToken) on controller Billing.API.Controllers.ProductsController (Billing.API).
2026-08-08 17:58:08.811 +05:30 [INF] Handling GetProductByIdQuery
2026-08-08 17:58:08.811 +05:30 [INF] Handled GetProductByIdQuery in 0ms
2026-08-08 17:58:08.811 +05:30 [INF] Executing OkObjectResult, writing value of type 'Billing.Shared.Results.Result`1[[Billing.Application.DTOs.Products.ProductDto, Billing.Application, Version=1.0.0.0, Culture=neutral, PublicKeyToken=null]]'.
2026-08-08 17:58:08.811 +05:30 [INF] Executed action Billing.API.Controllers.ProductsController.GetProduct (Billing.API) in 0.5988ms
2026-08-08 17:58:08.812 +05:30 [INF] Executed endpoint 'Billing.API.Controllers.ProductsController.GetProduct (Billing.API)'
2026-08-08 17:58:08.812 +05:30 [INF] HTTP GET /api/products/44444444-0000-0000-0000-000000000001 responded 200 in 1.1178 ms
2026-08-08 17:58:08.812 +05:30 [INF] Request finished HTTP/1.1 GET http://localhost:5000/api/products/44444444-0000-0000-0000-000000000001 - 200 null application/json; charset=utf-8 1.4773ms
2026-08-08 18:00:45.779 +05:30 [INF] User profile is available. Using 'C:\Users\susha\AppData\Local\ASP.NET\DataProtection-Keys' as key repository and Windows DPAPI to encrypt keys at rest.
2026-08-08 18:00:45.915 +05:30 [INF] Now listening on: http://localhost:5000
2026-08-08 18:00:45.917 +05:30 [INF] Application started. Press Ctrl+C to shut down.
2026-08-08 18:00:45.917 +05:30 [INF] Hosting environment: Development
2026-08-08 18:00:45.917 +05:30 [INF] Content root path: D:\Projects\ERP\NewShop\src\Billing.API
2026-08-08 18:04:19.163 +05:30 [INF] Request starting HTTP/1.1 GET http://localhost:5000/api/products/44444444-0000-0000-0000-000000000001 - null null
2026-08-08 18:04:19.297 +05:30 [INF] Executing endpoint 'Billing.API.Controllers.ProductsController.GetProduct (Billing.API)'
2026-08-08 18:04:19.323 +05:30 [INF] Route matched with {action = "GetProduct", controller = "Products"}. Executing controller action with signature System.Threading.Tasks.Task`1[Microsoft.AspNetCore.Mvc.IActionResult] GetProduct(System.Guid, System.Threading.CancellationToken) on controller Billing.API.Controllers.ProductsController (Billing.API).
2026-08-08 18:04:19.346 +05:30 [INF] Handling GetProductByIdQuery
2026-08-08 18:04:27.679 +05:30 [WRN] Redis connection failed; falling back to in-memory cache.
StackExchange.Redis.RedisConnectionException: It was not possible to connect to the redis server(s). Error connecting right now. To allow this multiplexer to continue retrying until it's able to connect, use abortConnect=false in your connection string or AbortOnConnectFail=false; in your code.
   at StackExchange.Redis.ConnectionMultiplexer.ConnectImplAsync(ConfigurationOptions configuration, TextWriter writer, Nullable`1 serverType) in /_/src/StackExchange.Redis/ConnectionMultiplexer.cs:line 620
   at Billing.Infrastructure.Caching.RedisCacheService.GetDatabaseAsync() in D:\Projects\ERP\NewShop\src\Billing.Infrastructure\Caching\RedisCacheService.cs:line 44
2026-08-08 18:04:28.082 +05:30 [INF] Handled GetProductByIdQuery in 8736ms
2026-08-08 18:04:28.088 +05:30 [INF] Executing OkObjectResult, writing value of type 'Billing.Shared.Results.Result`1[[Billing.Application.DTOs.Products.ProductDto, Billing.Application, Version=1.0.0.0, Culture=neutral, PublicKeyToken=null]]'.
2026-08-08 18:04:28.124 +05:30 [INF] Executed action Billing.API.Controllers.ProductsController.GetProduct (Billing.API) in 8798.5413ms
2026-08-08 18:04:28.124 +05:30 [INF] Executed endpoint 'Billing.API.Controllers.ProductsController.GetProduct (Billing.API)'
2026-08-08 18:04:28.126 +05:30 [INF] HTTP GET /api/products/44444444-0000-0000-0000-000000000001 responded 200 in 8938.3758 ms
2026-08-08 18:04:28.128 +05:30 [INF] Request finished HTTP/1.1 GET http://localhost:5000/api/products/44444444-0000-0000-0000-000000000001 - 200 null application/json; charset=utf-8 8967.1279ms
2026-08-08 18:12:43.555 +05:30 [INF] User profile is available. Using 'C:\Users\susha\AppData\Local\ASP.NET\DataProtection-Keys' as key repository and Windows DPAPI to encrypt keys at rest.
2026-08-08 18:12:43.606 +05:30 [INF] Now listening on: http://localhost:5000
2026-08-08 18:12:43.607 +05:30 [INF] Application started. Press Ctrl+C to shut down.
2026-08-08 18:12:43.608 +05:30 [INF] Hosting environment: Development
2026-08-08 18:12:43.608 +05:30 [INF] Content root path: D:\Projects\ERP\NewShop\src\Billing.API
2026-08-08 18:14:52.212 +05:30 [INF] Request starting HTTP/1.1 GET http://localhost:5000/api/products/44444444-0000-0000-0000-000000000001 - null null
2026-08-08 18:14:52.449 +05:30 [INF] Failed to validate the token.
Microsoft.IdentityModel.Tokens.SecurityTokenExpiredException: IDX10223: Lifetime validation failed. The token is expired. ValidTo (UTC): '8/8/2026 12:41:18 PM', Current time (UTC): '8/8/2026 12:44:52 PM'.
   at Microsoft.IdentityModel.Tokens.ValidatorUtilities.ValidateLifetime(Nullable`1 notBefore, Nullable`1 expires, SecurityToken securityToken, TokenValidationParameters validationParameters)
   at Microsoft.IdentityModel.Tokens.Validators.ValidateLifetime(Nullable`1 notBefore, Nullable`1 expires, SecurityToken securityToken, TokenValidationParameters validationParameters)
   at Microsoft.IdentityModel.JsonWebTokens.JsonWebTokenHandler.ValidateTokenPayloadAsync(JsonWebToken jsonWebToken, TokenValidationParameters validationParameters, BaseConfiguration configuration)
   at Microsoft.IdentityModel.JsonWebTokens.JsonWebTokenHandler.ValidateJWSAsync(JsonWebToken jsonWebToken, TokenValidationParameters validationParameters, BaseConfiguration configuration)
2026-08-08 18:14:52.453 +05:30 [INF] Bearer was not authenticated. Failure message: IDX10223: Lifetime validation failed. The token is expired. ValidTo (UTC): '8/8/2026 12:41:18 PM', Current time (UTC): '8/8/2026 12:44:52 PM'.
2026-08-08 18:14:52.465 +05:30 [INF] Authorization failed. These requirements were not met:
DenyAnonymousAuthorizationRequirement: Requires an authenticated user.
2026-08-08 18:14:52.471 +05:30 [INF] AuthenticationScheme: Bearer was challenged.
2026-08-08 18:14:52.474 +05:30 [INF] HTTP GET /api/products/44444444-0000-0000-0000-000000000001 responded 401 in 192.6773 ms
2026-08-08 18:14:52.495 +05:30 [INF] Request finished HTTP/1.1 GET http://localhost:5000/api/products/44444444-0000-0000-0000-000000000001 - 401 0 null 286.6223ms
2026-08-08 18:14:52.507 +05:30 [INF] Request starting HTTP/1.1 POST http://localhost:5000/api/auth/refresh - application/json 1640
2026-08-08 18:14:52.511 +05:30 [INF] CORS policy execution successful.
2026-08-08 18:14:52.518 +05:30 [INF] Failed to validate the token.
Microsoft.IdentityModel.Tokens.SecurityTokenExpiredException: IDX10223: Lifetime validation failed. The token is expired. ValidTo (UTC): '8/8/2026 12:41:18 PM', Current time (UTC): '8/8/2026 12:44:52 PM'.
   at Microsoft.IdentityModel.Tokens.ValidatorUtilities.ValidateLifetime(Nullable`1 notBefore, Nullable`1 expires, SecurityToken securityToken, TokenValidationParameters validationParameters)
   at Microsoft.IdentityModel.Tokens.Validators.ValidateLifetime(Nullable`1 notBefore, Nullable`1 expires, SecurityToken securityToken, TokenValidationParameters validationParameters)
   at Microsoft.IdentityModel.JsonWebTokens.JsonWebTokenHandler.ValidateTokenPayloadAsync(JsonWebToken jsonWebToken, TokenValidationParameters validationParameters, BaseConfiguration configuration)
   at Microsoft.IdentityModel.JsonWebTokens.JsonWebTokenHandler.ValidateJWSAsync(JsonWebToken jsonWebToken, TokenValidationParameters validationParameters, BaseConfiguration configuration)
2026-08-08 18:14:52.518 +05:30 [INF] Bearer was not authenticated. Failure message: IDX10223: Lifetime validation failed. The token is expired. ValidTo (UTC): '8/8/2026 12:41:18 PM', Current time (UTC): '8/8/2026 12:44:52 PM'.
2026-08-08 18:14:52.522 +05:30 [INF] Executing endpoint 'Billing.API.Controllers.AuthController.Refresh (Billing.API)'
2026-08-08 18:14:52.555 +05:30 [INF] Route matched with {action = "Refresh", controller = "Auth"}. Executing controller action with signature System.Threading.Tasks.Task`1[Microsoft.AspNetCore.Mvc.IActionResult] Refresh(Billing.Application.DTOs.Auth.RefreshRequest, System.Threading.CancellationToken) on controller Billing.API.Controllers.AuthController (Billing.API).
2026-08-08 18:14:55.249 +05:30 [INF] Request starting HTTP/1.1 GET http://localhost:5000/api/customers?page=1&pageSize=50 - null null
2026-08-08 18:14:55.253 +05:30 [INF] Failed to validate the token.
Microsoft.IdentityModel.Tokens.SecurityTokenExpiredException: IDX10223: Lifetime validation failed. The token is expired. ValidTo (UTC): '8/8/2026 12:41:18 PM', Current time (UTC): '8/8/2026 12:44:55 PM'.
   at Microsoft.IdentityModel.Tokens.ValidatorUtilities.ValidateLifetime(Nullable`1 notBefore, Nullable`1 expires, SecurityToken securityToken, TokenValidationParameters validationParameters)
   at Microsoft.IdentityModel.Tokens.Validators.ValidateLifetime(Nullable`1 notBefore, Nullable`1 expires, SecurityToken securityToken, TokenValidationParameters validationParameters)
   at Microsoft.IdentityModel.JsonWebTokens.JsonWebTokenHandler.ValidateTokenPayloadAsync(JsonWebToken jsonWebToken, TokenValidationParameters validationParameters, BaseConfiguration configuration)
   at Microsoft.IdentityModel.JsonWebTokens.JsonWebTokenHandler.ValidateJWSAsync(JsonWebToken jsonWebToken, TokenValidationParameters validationParameters, BaseConfiguration configuration)
2026-08-08 18:14:55.253 +05:30 [INF] Bearer was not authenticated. Failure message: IDX10223: Lifetime validation failed. The token is expired. ValidTo (UTC): '8/8/2026 12:41:18 PM', Current time (UTC): '8/8/2026 12:44:55 PM'.
2026-08-08 18:14:55.257 +05:30 [INF] Authorization failed. These requirements were not met:
DenyAnonymousAuthorizationRequirement: Requires an authenticated user.
Billing.Identity.Authorization.PermissionRequirement
2026-08-08 18:14:55.258 +05:30 [INF] AuthenticationScheme: Bearer was challenged.
2026-08-08 18:14:55.258 +05:30 [INF] HTTP GET /api/customers responded 401 in 8.5422 ms
2026-08-08 18:14:55.258 +05:30 [INF] Request finished HTTP/1.1 GET http://localhost:5000/api/customers?page=1&pageSize=50 - 401 0 null 9.0943ms
2026-08-08 18:15:00.385 +05:30 [INF] Request starting HTTP/1.1 GET http://localhost:5000/api/products/search?term=wa&limit=20 - null null
2026-08-08 18:15:00.387 +05:30 [INF] Failed to validate the token.
Microsoft.IdentityModel.Tokens.SecurityTokenExpiredException: IDX10223: Lifetime validation failed. The token is expired. ValidTo (UTC): '8/8/2026 12:41:18 PM', Current time (UTC): '8/8/2026 12:45:00 PM'.
   at Microsoft.IdentityModel.Tokens.ValidatorUtilities.ValidateLifetime(Nullable`1 notBefore, Nullable`1 expires, SecurityToken securityToken, TokenValidationParameters validationParameters)
   at Microsoft.IdentityModel.Tokens.Validators.ValidateLifetime(Nullable`1 notBefore, Nullable`1 expires, SecurityToken securityToken, TokenValidationParameters validationParameters)
   at Microsoft.IdentityModel.JsonWebTokens.JsonWebTokenHandler.ValidateTokenPayloadAsync(JsonWebToken jsonWebToken, TokenValidationParameters validationParameters, BaseConfiguration configuration)
   at Microsoft.IdentityModel.JsonWebTokens.JsonWebTokenHandler.ValidateJWSAsync(JsonWebToken jsonWebToken, TokenValidationParameters validationParameters, BaseConfiguration configuration)
2026-08-08 18:15:00.388 +05:30 [INF] Bearer was not authenticated. Failure message: IDX10223: Lifetime validation failed. The token is expired. ValidTo (UTC): '8/8/2026 12:41:18 PM', Current time (UTC): '8/8/2026 12:45:00 PM'.
2026-08-08 18:15:00.393 +05:30 [INF] Authorization failed. These requirements were not met:
DenyAnonymousAuthorizationRequirement: Requires an authenticated user.
Billing.Identity.Authorization.PermissionRequirement
2026-08-08 18:15:00.394 +05:30 [INF] AuthenticationScheme: Bearer was challenged.
2026-08-08 18:15:00.395 +05:30 [INF] HTTP GET /api/products/search responded 401 in 8.6671 ms
2026-08-08 18:15:00.395 +05:30 [INF] Request finished HTTP/1.1 GET http://localhost:5000/api/products/search?term=wa&limit=20 - 401 0 null 10.4208ms
2026-08-08 18:15:14.807 +05:30 [INF] Executing OkObjectResult, writing value of type 'Billing.Shared.Results.Result`1[[Billing.Application.DTOs.Auth.RefreshResponse, Billing.Application, Version=1.0.0.0, Culture=neutral, PublicKeyToken=null]]'.
2026-08-08 18:15:14.873 +05:30 [INF] Executed action Billing.API.Controllers.AuthController.Refresh (Billing.API) in 22312.3397ms
2026-08-08 18:15:14.874 +05:30 [INF] Executed endpoint 'Billing.API.Controllers.AuthController.Refresh (Billing.API)'
2026-08-08 18:15:14.878 +05:30 [INF] HTTP POST /api/auth/refresh responded 200 in 22367.3323 ms
2026-08-08 18:15:14.889 +05:30 [INF] Request starting HTTP/1.1 GET http://localhost:5000/api/products/44444444-0000-0000-0000-000000000001 - null null
2026-08-08 18:15:14.893 +05:30 [INF] Request finished HTTP/1.1 POST http://localhost:5000/api/auth/refresh - 200 null application/json; charset=utf-8 22385.4139ms
2026-08-08 18:15:14.893 +05:30 [INF] Request starting HTTP/1.1 GET http://localhost:5000/api/customers?page=1&pageSize=50 - null null
2026-08-08 18:15:14.894 +05:30 [INF] Request starting HTTP/1.1 GET http://localhost:5000/api/products/search?term=wa&limit=20 - null null
2026-08-08 18:15:14.902 +05:30 [INF] Executing endpoint 'Billing.API.Controllers.CustomersController.GetCustomers (Billing.API)'
2026-08-08 18:15:14.902 +05:30 [INF] Executing endpoint 'Billing.API.Controllers.ProductsController.Search (Billing.API)'
2026-08-08 18:15:14.901 +05:30 [INF] Executing endpoint 'Billing.API.Controllers.ProductsController.GetProduct (Billing.API)'
2026-08-08 18:15:14.916 +05:30 [INF] Route matched with {action = "Search", controller = "Products"}. Executing controller action with signature System.Threading.Tasks.Task`1[Microsoft.AspNetCore.Mvc.IActionResult] Search(System.String, Int32, System.Threading.CancellationToken) on controller Billing.API.Controllers.ProductsController (Billing.API).
2026-08-08 18:15:14.917 +05:30 [INF] Route matched with {action = "GetProduct", controller = "Products"}. Executing controller action with signature System.Threading.Tasks.Task`1[Microsoft.AspNetCore.Mvc.IActionResult] GetProduct(System.Guid, System.Threading.CancellationToken) on controller Billing.API.Controllers.ProductsController (Billing.API).
2026-08-08 18:15:14.917 +05:30 [INF] Route matched with {action = "GetCustomers", controller = "Customers"}. Executing controller action with signature System.Threading.Tasks.Task`1[Microsoft.AspNetCore.Mvc.IActionResult] GetCustomers(Int32, Int32, System.String, System.Threading.CancellationToken) on controller Billing.API.Controllers.CustomersController (Billing.API).
2026-08-08 18:15:14.944 +05:30 [INF] Handling SearchProductsQuery
2026-08-08 18:15:14.944 +05:30 [INF] Handling GetProductByIdQuery
2026-08-08 18:15:14.944 +05:30 [INF] Handling GetCustomersQuery
2026-08-08 18:15:15.210 +05:30 [INF] Handled SearchProductsQuery in 266ms
2026-08-08 18:15:15.213 +05:30 [INF] Executing OkObjectResult, writing value of type 'Billing.Shared.Results.Result`1[[System.Collections.Generic.IReadOnlyList`1[[Billing.Application.DTOs.Products.ProductDto, Billing.Application, Version=1.0.0.0, Culture=neutral, PublicKeyToken=null]], System.Private.CoreLib, Version=9.0.0.0, Culture=neutral, PublicKeyToken=7cec85d7bea7798e]]'.
2026-08-08 18:15:15.240 +05:30 [INF] Handled GetCustomersQuery in 295ms
2026-08-08 18:15:15.241 +05:30 [INF] Executing OkObjectResult, writing value of type 'Billing.Shared.Results.Result`1[[Billing.Application.Common.PagedResult`1[[Billing.Application.DTOs.CustomerDto, Billing.Application, Version=1.0.0.0, Culture=neutral, PublicKeyToken=null]], Billing.Application, Version=1.0.0.0, Culture=neutral, PublicKeyToken=null]]'.
2026-08-08 18:15:15.274 +05:30 [INF] Executed action Billing.API.Controllers.ProductsController.Search (Billing.API) in 357.4659ms
2026-08-08 18:15:15.274 +05:30 [INF] Executed endpoint 'Billing.API.Controllers.ProductsController.Search (Billing.API)'
2026-08-08 18:15:15.275 +05:30 [INF] HTTP GET /api/products/search responded 200 in 381.2579 ms
2026-08-08 18:15:15.276 +05:30 [INF] Request finished HTTP/1.1 GET http://localhost:5000/api/products/search?term=wa&limit=20 - 200 null application/json; charset=utf-8 381.7417ms
2026-08-08 18:15:15.276 +05:30 [INF] Executed action Billing.API.Controllers.CustomersController.GetCustomers (Billing.API) in 358.2245ms
2026-08-08 18:15:15.276 +05:30 [INF] Executed endpoint 'Billing.API.Controllers.CustomersController.GetCustomers (Billing.API)'
2026-08-08 18:15:15.276 +05:30 [INF] HTTP GET /api/customers responded 200 in 383.1670 ms
2026-08-08 18:15:15.277 +05:30 [INF] Request finished HTTP/1.1 GET http://localhost:5000/api/customers?page=1&pageSize=50 - 200 null application/json; charset=utf-8 383.7022ms
2026-08-08 18:15:28.491 +05:30 [WRN] Redis connection failed; falling back to in-memory cache.
StackExchange.Redis.RedisConnectionException: It was not possible to connect to the redis server(s). Error connecting right now. To allow this multiplexer to continue retrying until it's able to connect, use abortConnect=false in your connection string or AbortOnConnectFail=false; in your code.
   at StackExchange.Redis.ConnectionMultiplexer.ConnectImplAsync(ConfigurationOptions configuration, TextWriter writer, Nullable`1 serverType) in /_/src/StackExchange.Redis/ConnectionMultiplexer.cs:line 620
   at Billing.Infrastructure.Caching.RedisCacheService.GetDatabaseAsync() in D:\Projects\ERP\NewShop\src\Billing.Infrastructure\Caching\RedisCacheService.cs:line 44
2026-08-08 18:15:28.539 +05:30 [INF] Handled GetProductByIdQuery in 13595ms
2026-08-08 18:15:28.540 +05:30 [INF] Executing OkObjectResult, writing value of type 'Billing.Shared.Results.Result`1[[Billing.Application.DTOs.Products.ProductDto, Billing.Application, Version=1.0.0.0, Culture=neutral, PublicKeyToken=null]]'.
2026-08-08 18:15:28.542 +05:30 [INF] Executed action Billing.API.Controllers.ProductsController.GetProduct (Billing.API) in 13624.9952ms
2026-08-08 18:15:28.542 +05:30 [INF] Executed endpoint 'Billing.API.Controllers.ProductsController.GetProduct (Billing.API)'
2026-08-08 18:15:28.542 +05:30 [INF] HTTP GET /api/products/44444444-0000-0000-0000-000000000001 responded 200 in 13652.3659 ms
2026-08-08 18:15:28.542 +05:30 [INF] Request finished HTTP/1.1 GET http://localhost:5000/api/products/44444444-0000-0000-0000-000000000001 - 200 null application/json; charset=utf-8 13652.9853ms
2026-08-08 18:15:30.196 +05:30 [INF] Request starting HTTP/1.1 GET http://localhost:5000/api/suppliers?page=1&pageSize=10 - null null
2026-08-08 18:15:30.197 +05:30 [INF] Executing endpoint 'Billing.API.Controllers.SuppliersController.GetSuppliers (Billing.API)'
2026-08-08 18:15:30.202 +05:30 [INF] Route matched with {action = "GetSuppliers", controller = "Suppliers"}. Executing controller action with signature System.Threading.Tasks.Task`1[Microsoft.AspNetCore.Mvc.IActionResult] GetSuppliers(Int32, Int32, System.String, System.Threading.CancellationToken) on controller Billing.API.Controllers.SuppliersController (Billing.API).
2026-08-08 18:15:30.206 +05:30 [INF] Handling GetSuppliersQuery
2026-08-08 18:15:30.273 +05:30 [INF] Handled GetSuppliersQuery in 67ms
2026-08-08 18:15:30.273 +05:30 [INF] Executing OkObjectResult, writing value of type 'Billing.Shared.Results.Result`1[[Billing.Application.Common.PagedResult`1[[Billing.Application.DTOs.SupplierDto, Billing.Application, Version=1.0.0.0, Culture=neutral, PublicKeyToken=null]], Billing.Application, Version=1.0.0.0, Culture=neutral, PublicKeyToken=null]]'.
2026-08-08 18:15:30.279 +05:30 [INF] Executed action Billing.API.Controllers.SuppliersController.GetSuppliers (Billing.API) in 77.0703ms
2026-08-08 18:15:30.279 +05:30 [INF] Executed endpoint 'Billing.API.Controllers.SuppliersController.GetSuppliers (Billing.API)'
2026-08-08 18:15:30.279 +05:30 [INF] HTTP GET /api/suppliers responded 200 in 83.1531 ms
2026-08-08 18:15:30.279 +05:30 [INF] Request finished HTTP/1.1 GET http://localhost:5000/api/suppliers?page=1&pageSize=10 - 200 null application/json; charset=utf-8 83.3344ms
2026-08-08 18:15:37.966 +05:30 [INF] Request starting HTTP/1.1 GET http://localhost:5000/api/dashboard?from=2026-07-09&to=2026-08-08 - null null
2026-08-08 18:15:37.968 +05:30 [INF] Executing endpoint 'Billing.API.Controllers.DashboardController.GetDashboard (Billing.API)'
2026-08-08 18:15:37.980 +05:30 [INF] Route matched with {action = "GetDashboard", controller = "Dashboard"}. Executing controller action with signature System.Threading.Tasks.Task`1[Microsoft.AspNetCore.Mvc.IActionResult] GetDashboard(System.Nullable`1[System.DateTime], System.Nullable`1[System.DateTime], System.Threading.CancellationToken) on controller Billing.API.Controllers.DashboardController (Billing.API).
2026-08-08 18:15:37.989 +05:30 [INF] Handling GetDashboardQuery
2026-08-08 18:15:38.277 +05:30 [INF] Handled GetDashboardQuery in 289ms
2026-08-08 18:15:38.278 +05:30 [INF] Executing OkObjectResult, writing value of type 'Billing.Shared.Results.Result`1[[Billing.Application.DTOs.DashboardDto, Billing.Application, Version=1.0.0.0, Culture=neutral, PublicKeyToken=null]]'.
2026-08-08 18:15:38.287 +05:30 [INF] Executed action Billing.API.Controllers.DashboardController.GetDashboard (Billing.API) in 306.1417ms
2026-08-08 18:15:38.287 +05:30 [INF] Executed endpoint 'Billing.API.Controllers.DashboardController.GetDashboard (Billing.API)'
2026-08-08 18:15:38.287 +05:30 [INF] HTTP GET /api/dashboard responded 200 in 319.9972 ms
2026-08-08 18:15:38.287 +05:30 [INF] Request finished HTTP/1.1 GET http://localhost:5000/api/dashboard?from=2026-07-09&to=2026-08-08 - 200 null application/json; charset=utf-8 320.451ms
2026-08-08 18:15:53.565 +05:30 [INF] Request starting HTTP/1.1 GET http://localhost:5000/api/dashboard?from=2026-07-09&to=2026-08-08 - null null
2026-08-08 18:15:53.566 +05:30 [INF] Executing endpoint 'Billing.API.Controllers.DashboardController.GetDashboard (Billing.API)'
2026-08-08 18:15:53.566 +05:30 [INF] Route matched with {action = "GetDashboard", controller = "Dashboard"}. Executing controller action with signature System.Threading.Tasks.Task`1[Microsoft.AspNetCore.Mvc.IActionResult] GetDashboard(System.Nullable`1[System.DateTime], System.Nullable`1[System.DateTime], System.Threading.CancellationToken) on controller Billing.API.Controllers.DashboardController (Billing.API).
2026-08-08 18:15:53.567 +05:30 [INF] Handling GetDashboardQuery
2026-08-08 18:15:53.568 +05:30 [INF] Handled GetDashboardQuery in 0ms
2026-08-08 18:15:53.568 +05:30 [INF] Executing OkObjectResult, writing value of type 'Billing.Shared.Results.Result`1[[Billing.Application.DTOs.DashboardDto, Billing.Application, Version=1.0.0.0, Culture=neutral, PublicKeyToken=null]]'.
2026-08-08 18:15:53.568 +05:30 [INF] Executed action Billing.API.Controllers.DashboardController.GetDashboard (Billing.API) in 2.2679ms
2026-08-08 18:15:53.568 +05:30 [INF] Executed endpoint 'Billing.API.Controllers.DashboardController.GetDashboard (Billing.API)'
2026-08-08 18:15:53.568 +05:30 [INF] HTTP GET /api/dashboard responded 200 in 3.6338 ms
2026-08-08 18:15:53.569 +05:30 [INF] Request finished HTTP/1.1 GET http://localhost:5000/api/dashboard?from=2026-07-09&to=2026-08-08 - 200 null application/json; charset=utf-8 3.8491ms
2026-08-08 18:16:19.006 +05:30 [INF] Request starting HTTP/1.1 GET http://localhost:5000/api/dashboard?from=2026-07-09&to=2026-08-08 - null null
2026-08-08 18:16:19.007 +05:30 [INF] Executing endpoint 'Billing.API.Controllers.DashboardController.GetDashboard (Billing.API)'
2026-08-08 18:16:19.007 +05:30 [INF] Route matched with {action = "GetDashboard", controller = "Dashboard"}. Executing controller action with signature System.Threading.Tasks.Task`1[Microsoft.AspNetCore.Mvc.IActionResult] GetDashboard(System.Nullable`1[System.DateTime], System.Nullable`1[System.DateTime], System.Threading.CancellationToken) on controller Billing.API.Controllers.DashboardController (Billing.API).
2026-08-08 18:16:19.011 +05:30 [INF] Handling GetDashboardQuery
2026-08-08 18:16:19.012 +05:30 [INF] Handled GetDashboardQuery in 1ms
2026-08-08 18:16:19.012 +05:30 [INF] Executing OkObjectResult, writing value of type 'Billing.Shared.Results.Result`1[[Billing.Application.DTOs.DashboardDto, Billing.Application, Version=1.0.0.0, Culture=neutral, PublicKeyToken=null]]'.
2026-08-08 18:16:19.013 +05:30 [INF] Executed action Billing.API.Controllers.DashboardController.GetDashboard (Billing.API) in 5.6255ms
2026-08-08 18:16:19.013 +05:30 [INF] Executed endpoint 'Billing.API.Controllers.DashboardController.GetDashboard (Billing.API)'
2026-08-08 18:16:19.013 +05:30 [INF] HTTP GET /api/dashboard responded 200 in 6.7719 ms
2026-08-08 18:16:19.013 +05:30 [INF] Request finished HTTP/1.1 GET http://localhost:5000/api/dashboard?from=2026-07-09&to=2026-08-08 - 200 null application/json; charset=utf-8 6.9956ms
2026-08-08 18:16:21.474 +05:30 [INF] Request starting HTTP/1.1 GET http://localhost:5000/api/dashboard?from=2026-07-09&to=2026-08-08 - null null
2026-08-08 18:16:21.475 +05:30 [INF] Executing endpoint 'Billing.API.Controllers.DashboardController.GetDashboard (Billing.API)'
2026-08-08 18:16:21.475 +05:30 [INF] Route matched with {action = "GetDashboard", controller = "Dashboard"}. Executing controller action with signature System.Threading.Tasks.Task`1[Microsoft.AspNetCore.Mvc.IActionResult] GetDashboard(System.Nullable`1[System.DateTime], System.Nullable`1[System.DateTime], System.Threading.CancellationToken) on controller Billing.API.Controllers.DashboardController (Billing.API).
2026-08-08 18:16:21.476 +05:30 [INF] Handling GetDashboardQuery
2026-08-08 18:16:21.476 +05:30 [INF] Handled GetDashboardQuery in 0ms
2026-08-08 18:16:21.476 +05:30 [INF] Executing OkObjectResult, writing value of type 'Billing.Shared.Results.Result`1[[Billing.Application.DTOs.DashboardDto, Billing.Application, Version=1.0.0.0, Culture=neutral, PublicKeyToken=null]]'.
2026-08-08 18:16:21.477 +05:30 [INF] Executed action Billing.API.Controllers.DashboardController.GetDashboard (Billing.API) in 1.1718ms
2026-08-08 18:16:21.477 +05:30 [INF] Executed endpoint 'Billing.API.Controllers.DashboardController.GetDashboard (Billing.API)'
2026-08-08 18:16:21.477 +05:30 [INF] HTTP GET /api/dashboard responded 200 in 2.1291 ms
2026-08-08 18:16:21.477 +05:30 [INF] Request finished HTTP/1.1 GET http://localhost:5000/api/dashboard?from=2026-07-09&to=2026-08-08 - 200 null application/json; charset=utf-8 2.4232ms
2026-08-08 18:16:21.754 +05:30 [INF] Request starting HTTP/1.1 GET http://localhost:5000/api/suppliers?page=1&pageSize=10 - null null
2026-08-08 18:16:21.755 +05:30 [INF] Executing endpoint 'Billing.API.Controllers.SuppliersController.GetSuppliers (Billing.API)'
2026-08-08 18:16:21.755 +05:30 [INF] Route matched with {action = "GetSuppliers", controller = "Suppliers"}. Executing controller action with signature System.Threading.Tasks.Task`1[Microsoft.AspNetCore.Mvc.IActionResult] GetSuppliers(Int32, Int32, System.String, System.Threading.CancellationToken) on controller Billing.API.Controllers.SuppliersController (Billing.API).
2026-08-08 18:16:21.756 +05:30 [INF] Handling GetSuppliersQuery
2026-08-08 18:16:21.775 +05:30 [INF] Handled GetSuppliersQuery in 19ms
2026-08-08 18:16:21.776 +05:30 [INF] Executing OkObjectResult, writing value of type 'Billing.Shared.Results.Result`1[[Billing.Application.Common.PagedResult`1[[Billing.Application.DTOs.SupplierDto, Billing.Application, Version=1.0.0.0, Culture=neutral, PublicKeyToken=null]], Billing.Application, Version=1.0.0.0, Culture=neutral, PublicKeyToken=null]]'.
2026-08-08 18:16:21.776 +05:30 [INF] Executed action Billing.API.Controllers.SuppliersController.GetSuppliers (Billing.API) in 20.5534ms
2026-08-08 18:16:21.776 +05:30 [INF] Executed endpoint 'Billing.API.Controllers.SuppliersController.GetSuppliers (Billing.API)'
2026-08-08 18:16:21.776 +05:30 [INF] HTTP GET /api/suppliers responded 200 in 21.4440 ms
2026-08-08 18:16:21.776 +05:30 [INF] Request finished HTTP/1.1 GET http://localhost:5000/api/suppliers?page=1&pageSize=10 - 200 null application/json; charset=utf-8 21.6157ms
2026-08-08 18:16:47.097 +05:30 [INF] User profile is available. Using 'C:\Users\susha\AppData\Local\ASP.NET\DataProtection-Keys' as key repository and Windows DPAPI to encrypt keys at rest.
2026-08-08 18:16:47.166 +05:30 [INF] Now listening on: http://localhost:5000
2026-08-08 18:16:47.167 +05:30 [INF] Application started. Press Ctrl+C to shut down.
2026-08-08 18:16:47.167 +05:30 [INF] Hosting environment: Development
2026-08-08 18:16:47.167 +05:30 [INF] Content root path: D:\Projects\ERP\NewShop\src\Billing.API
2026-08-08 18:16:54.706 +05:30 [INF] Request starting HTTP/1.1 GET http://localhost:5000/api/suppliers?page=1&pageSize=1000 - null null
2026-08-08 18:16:54.706 +05:30 [INF] Request starting HTTP/1.1 GET http://localhost:5000/api/purchases?page=1&pageSize=10 - null null
2026-08-08 18:16:54.952 +05:30 [INF] Executing endpoint 'Billing.API.Controllers.PurchasesController.GetPurchases (Billing.API)'
2026-08-08 18:16:54.952 +05:30 [INF] Executing endpoint 'Billing.API.Controllers.SuppliersController.GetSuppliers (Billing.API)'
2026-08-08 18:16:54.990 +05:30 [INF] Route matched with {action = "GetSuppliers", controller = "Suppliers"}. Executing controller action with signature System.Threading.Tasks.Task`1[Microsoft.AspNetCore.Mvc.IActionResult] GetSuppliers(Int32, Int32, System.String, System.Threading.CancellationToken) on controller Billing.API.Controllers.SuppliersController (Billing.API).
2026-08-08 18:16:54.990 +05:30 [INF] Route matched with {action = "GetPurchases", controller = "Purchases"}. Executing controller action with signature System.Threading.Tasks.Task`1[Microsoft.AspNetCore.Mvc.IActionResult] GetPurchases(Int32, Int32, System.Threading.CancellationToken) on controller Billing.API.Controllers.PurchasesController (Billing.API).
2026-08-08 18:16:55.030 +05:30 [INF] Handling GetPurchasesQuery
2026-08-08 18:16:55.030 +05:30 [INF] Handling GetSuppliersQuery
2026-08-08 18:16:56.020 +05:30 [INF] Handled GetSuppliersQuery in 990ms
2026-08-08 18:16:56.023 +05:30 [INF] Handled GetPurchasesQuery in 994ms
2026-08-08 18:16:56.034 +05:30 [INF] Executing OkObjectResult, writing value of type 'Billing.Shared.Results.Result`1[[Billing.Application.Common.PagedResult`1[[Billing.Application.DTOs.SupplierDto, Billing.Application, Version=1.0.0.0, Culture=neutral, PublicKeyToken=null]], Billing.Application, Version=1.0.0.0, Culture=neutral, PublicKeyToken=null]]'.
2026-08-08 18:16:56.034 +05:30 [INF] Executing OkObjectResult, writing value of type 'Billing.Shared.Results.Result`1[[Billing.Application.Common.PagedResult`1[[Billing.Application.DTOs.PurchaseDto, Billing.Application, Version=1.0.0.0, Culture=neutral, PublicKeyToken=null]], Billing.Application, Version=1.0.0.0, Culture=neutral, PublicKeyToken=null]]'.
2026-08-08 18:16:56.148 +05:30 [INF] Executed action Billing.API.Controllers.SuppliersController.GetSuppliers (Billing.API) in 1152.6317ms
2026-08-08 18:16:56.148 +05:30 [INF] Executed action Billing.API.Controllers.PurchasesController.GetPurchases (Billing.API) in 1152.6291ms
2026-08-08 18:16:56.148 +05:30 [INF] Executed endpoint 'Billing.API.Controllers.PurchasesController.GetPurchases (Billing.API)'
2026-08-08 18:16:56.148 +05:30 [INF] Executed endpoint 'Billing.API.Controllers.SuppliersController.GetSuppliers (Billing.API)'
2026-08-08 18:16:56.157 +05:30 [INF] HTTP GET /api/purchases responded 200 in 1386.4229 ms
2026-08-08 18:16:56.157 +05:30 [INF] HTTP GET /api/suppliers responded 200 in 1386.3990 ms
2026-08-08 18:16:56.161 +05:30 [INF] Request finished HTTP/1.1 GET http://localhost:5000/api/suppliers?page=1&pageSize=1000 - 200 null application/json; charset=utf-8 1457.8769ms
2026-08-08 18:16:56.161 +05:30 [INF] Request finished HTTP/1.1 GET http://localhost:5000/api/purchases?page=1&pageSize=10 - 200 null application/json; charset=utf-8 1457.9114ms
2026-08-08 18:17:17.907 +05:30 [INF] Request starting HTTP/1.1 GET http://localhost:5000/api/customers?page=1&pageSize=50 - null null
2026-08-08 18:17:17.931 +05:30 [INF] Executing endpoint 'Billing.API.Controllers.CustomersController.GetCustomers (Billing.API)'
2026-08-08 18:17:17.947 +05:30 [INF] Route matched with {action = "GetCustomers", controller = "Customers"}. Executing controller action with signature System.Threading.Tasks.Task`1[Microsoft.AspNetCore.Mvc.IActionResult] GetCustomers(Int32, Int32, System.String, System.Threading.CancellationToken) on controller Billing.API.Controllers.CustomersController (Billing.API).
2026-08-08 18:17:17.957 +05:30 [INF] Handling GetCustomersQuery
2026-08-08 18:17:17.998 +05:30 [INF] Handled GetCustomersQuery in 40ms
2026-08-08 18:17:17.998 +05:30 [INF] Executing OkObjectResult, writing value of type 'Billing.Shared.Results.Result`1[[Billing.Application.Common.PagedResult`1[[Billing.Application.DTOs.CustomerDto, Billing.Application, Version=1.0.0.0, Culture=neutral, PublicKeyToken=null]], Billing.Application, Version=1.0.0.0, Culture=neutral, PublicKeyToken=null]]'.
2026-08-08 18:17:18.029 +05:30 [INF] Executed action Billing.API.Controllers.CustomersController.GetCustomers (Billing.API) in 82.1352ms
2026-08-08 18:17:18.029 +05:30 [INF] Executed endpoint 'Billing.API.Controllers.CustomersController.GetCustomers (Billing.API)'
2026-08-08 18:17:18.031 +05:30 [INF] HTTP GET /api/customers responded 200 in 119.8713 ms
2026-08-08 18:17:18.032 +05:30 [INF] Request finished HTTP/1.1 GET http://localhost:5000/api/customers?page=1&pageSize=50 - 200 null application/json; charset=utf-8 124.3525ms
2026-08-08 18:17:19.184 +05:30 [INF] Request starting HTTP/1.1 GET http://localhost:5000/api/dashboard?from=2026-07-09&to=2026-08-08 - null null
2026-08-08 18:17:19.186 +05:30 [INF] Executing endpoint 'Billing.API.Controllers.DashboardController.GetDashboard (Billing.API)'
2026-08-08 18:17:19.195 +05:30 [INF] Route matched with {action = "GetDashboard", controller = "Dashboard"}. Executing controller action with signature System.Threading.Tasks.Task`1[Microsoft.AspNetCore.Mvc.IActionResult] GetDashboard(System.Nullable`1[System.DateTime], System.Nullable`1[System.DateTime], System.Threading.CancellationToken) on controller Billing.API.Controllers.DashboardController (Billing.API).
2026-08-08 18:17:19.202 +05:30 [INF] Handling GetDashboardQuery
2026-08-08 18:17:27.471 +05:30 [WRN] Redis connection failed; falling back to in-memory cache.
StackExchange.Redis.RedisConnectionException: It was not possible to connect to the redis server(s). Error connecting right now. To allow this multiplexer to continue retrying until it's able to connect, use abortConnect=false in your connection string or AbortOnConnectFail=false; in your code.
   at StackExchange.Redis.ConnectionMultiplexer.ConnectImplAsync(ConfigurationOptions configuration, TextWriter writer, Nullable`1 serverType) in /_/src/StackExchange.Redis/ConnectionMultiplexer.cs:line 620
   at Billing.Infrastructure.Caching.RedisCacheService.GetDatabaseAsync() in D:\Projects\ERP\NewShop\src\Billing.Infrastructure\Caching\RedisCacheService.cs:line 44
2026-08-08 18:17:43.948 +05:30 [INF] Handled GetDashboardQuery in 24747ms
2026-08-08 18:17:43.949 +05:30 [INF] Executing OkObjectResult, writing value of type 'Billing.Shared.Results.Result`1[[Billing.Application.DTOs.DashboardDto, Billing.Application, Version=1.0.0.0, Culture=neutral, PublicKeyToken=null]]'.
2026-08-08 18:17:43.957 +05:30 [INF] Executed action Billing.API.Controllers.DashboardController.GetDashboard (Billing.API) in 24762.0538ms
2026-08-08 18:17:43.957 +05:30 [INF] Executed endpoint 'Billing.API.Controllers.DashboardController.GetDashboard (Billing.API)'
2026-08-08 18:17:43.957 +05:30 [INF] HTTP GET /api/dashboard responded 200 in 24773.0453 ms
2026-08-08 18:17:43.957 +05:30 [INF] Request finished HTTP/1.1 GET http://localhost:5000/api/dashboard?from=2026-07-09&to=2026-08-08 - 200 null application/json; charset=utf-8 24773.4524ms
2026-08-08 18:17:49.923 +05:30 [INF] Request starting HTTP/1.1 GET http://localhost:5000/api/dashboard?from=2026-07-09&to=2026-08-08 - null null
2026-08-08 18:17:49.924 +05:30 [INF] Executing endpoint 'Billing.API.Controllers.DashboardController.GetDashboard (Billing.API)'
2026-08-08 18:17:49.924 +05:30 [INF] Route matched with {action = "GetDashboard", controller = "Dashboard"}. Executing controller action with signature System.Threading.Tasks.Task`1[Microsoft.AspNetCore.Mvc.IActionResult] GetDashboard(System.Nullable`1[System.DateTime], System.Nullable`1[System.DateTime], System.Threading.CancellationToken) on controller Billing.API.Controllers.DashboardController (Billing.API).
2026-08-08 18:17:49.926 +05:30 [INF] Handling GetDashboardQuery
2026-08-08 18:17:49.927 +05:30 [INF] Handled GetDashboardQuery in 0ms
2026-08-08 18:17:49.927 +05:30 [INF] Executing OkObjectResult, writing value of type 'Billing.Shared.Results.Result`1[[Billing.Application.DTOs.DashboardDto, Billing.Application, Version=1.0.0.0, Culture=neutral, PublicKeyToken=null]]'.
2026-08-08 18:17:49.928 +05:30 [INF] Executed action Billing.API.Controllers.DashboardController.GetDashboard (Billing.API) in 3.0907ms
2026-08-08 18:17:49.928 +05:30 [INF] Executed endpoint 'Billing.API.Controllers.DashboardController.GetDashboard (Billing.API)'
2026-08-08 18:17:49.928 +05:30 [INF] HTTP GET /api/dashboard responded 200 in 4.1542 ms
2026-08-08 18:17:49.928 +05:30 [INF] Request finished HTTP/1.1 GET http://localhost:5000/api/dashboard?from=2026-07-09&to=2026-08-08 - 200 null application/json; charset=utf-8 4.4357ms
2026-08-08 18:18:21.763 +05:30 [INF] Request starting HTTP/1.1 GET http://localhost:5000/api/dashboard?from=2026-07-09&to=2026-08-08 - null null
2026-08-08 18:18:21.764 +05:30 [INF] Executing endpoint 'Billing.API.Controllers.DashboardController.GetDashboard (Billing.API)'
2026-08-08 18:18:21.764 +05:30 [INF] Route matched with {action = "GetDashboard", controller = "Dashboard"}. Executing controller action with signature System.Threading.Tasks.Task`1[Microsoft.AspNetCore.Mvc.IActionResult] GetDashboard(System.Nullable`1[System.DateTime], System.Nullable`1[System.DateTime], System.Threading.CancellationToken) on controller Billing.API.Controllers.DashboardController (Billing.API).
2026-08-08 18:18:21.767 +05:30 [INF] Handling GetDashboardQuery
2026-08-08 18:18:21.768 +05:30 [INF] Handled GetDashboardQuery in 1ms
2026-08-08 18:18:21.768 +05:30 [INF] Executing OkObjectResult, writing value of type 'Billing.Shared.Results.Result`1[[Billing.Application.DTOs.DashboardDto, Billing.Application, Version=1.0.0.0, Culture=neutral, PublicKeyToken=null]]'.
2026-08-08 18:18:21.769 +05:30 [INF] Executed action Billing.API.Controllers.DashboardController.GetDashboard (Billing.API) in 5.058ms
2026-08-08 18:18:21.769 +05:30 [INF] Executed endpoint 'Billing.API.Controllers.DashboardController.GetDashboard (Billing.API)'
2026-08-08 18:18:21.769 +05:30 [INF] HTTP GET /api/dashboard responded 200 in 6.0582 ms
2026-08-08 18:18:21.769 +05:30 [INF] Request finished HTTP/1.1 GET http://localhost:5000/api/dashboard?from=2026-07-09&to=2026-08-08 - 200 null application/json; charset=utf-8 6.2572ms
2026-08-08 18:18:25.821 +05:30 [INF] Request starting HTTP/1.1 GET http://localhost:5000/api/dashboard?from=2026-07-09&to=2026-08-08 - null null
2026-08-08 18:18:25.822 +05:30 [INF] Executing endpoint 'Billing.API.Controllers.DashboardController.GetDashboard (Billing.API)'
2026-08-08 18:18:25.822 +05:30 [INF] Route matched with {action = "GetDashboard", controller = "Dashboard"}. Executing controller action with signature System.Threading.Tasks.Task`1[Microsoft.AspNetCore.Mvc.IActionResult] GetDashboard(System.Nullable`1[System.DateTime], System.Nullable`1[System.DateTime], System.Threading.CancellationToken) on controller Billing.API.Controllers.DashboardController (Billing.API).
2026-08-08 18:18:25.823 +05:30 [INF] Handling GetDashboardQuery
2026-08-08 18:18:25.823 +05:30 [INF] Handled GetDashboardQuery in 0ms
2026-08-08 18:18:25.823 +05:30 [INF] Executing OkObjectResult, writing value of type 'Billing.Shared.Results.Result`1[[Billing.Application.DTOs.DashboardDto, Billing.Application, Version=1.0.0.0, Culture=neutral, PublicKeyToken=null]]'.
2026-08-08 18:18:25.824 +05:30 [INF] Executed action Billing.API.Controllers.DashboardController.GetDashboard (Billing.API) in 1.6207ms
2026-08-08 18:18:25.824 +05:30 [INF] Executed endpoint 'Billing.API.Controllers.DashboardController.GetDashboard (Billing.API)'
2026-08-08 18:18:25.824 +05:30 [INF] HTTP GET /api/dashboard responded 200 in 2.9527 ms
2026-08-08 18:18:25.824 +05:30 [INF] Request finished HTTP/1.1 GET http://localhost:5000/api/dashboard?from=2026-07-09&to=2026-08-08 - 200 null application/json; charset=utf-8 3.244ms
2026-08-08 18:18:26.833 +05:30 [INF] Request starting HTTP/1.1 GET http://localhost:5000/api/dashboard?from=2026-07-09&to=2026-08-08 - null null
2026-08-08 18:18:26.834 +05:30 [INF] Executing endpoint 'Billing.API.Controllers.DashboardController.GetDashboard (Billing.API)'
2026-08-08 18:18:26.834 +05:30 [INF] Route matched with {action = "GetDashboard", controller = "Dashboard"}. Executing controller action with signature System.Threading.Tasks.Task`1[Microsoft.AspNetCore.Mvc.IActionResult] GetDashboard(System.Nullable`1[System.DateTime], System.Nullable`1[System.DateTime], System.Threading.CancellationToken) on controller Billing.API.Controllers.DashboardController (Billing.API).
2026-08-08 18:18:26.834 +05:30 [INF] Handling GetDashboardQuery
2026-08-08 18:18:26.834 +05:30 [INF] Handled GetDashboardQuery in 0ms
2026-08-08 18:18:26.834 +05:30 [INF] Executing OkObjectResult, writing value of type 'Billing.Shared.Results.Result`1[[Billing.Application.DTOs.DashboardDto, Billing.Application, Version=1.0.0.0, Culture=neutral, PublicKeyToken=null]]'.
2026-08-08 18:18:26.835 +05:30 [INF] Executed action Billing.API.Controllers.DashboardController.GetDashboard (Billing.API) in 0.8017ms
2026-08-08 18:18:26.835 +05:30 [INF] Executed endpoint 'Billing.API.Controllers.DashboardController.GetDashboard (Billing.API)'
2026-08-08 18:18:26.835 +05:30 [INF] HTTP GET /api/dashboard responded 200 in 1.9484 ms
2026-08-08 18:18:26.835 +05:30 [INF] Request finished HTTP/1.1 GET http://localhost:5000/api/dashboard?from=2026-07-09&to=2026-08-08 - 200 null application/json; charset=utf-8 2.2614ms
2026-08-08 18:24:29.623 +05:30 [INF] Request starting HTTP/1.1 GET http://localhost:5000/api/dashboard?from=2026-07-09&to=2026-08-08 - null null
2026-08-08 18:24:29.629 +05:30 [INF] Executing endpoint 'Billing.API.Controllers.DashboardController.GetDashboard (Billing.API)'
2026-08-08 18:24:29.634 +05:30 [INF] Route matched with {action = "GetDashboard", controller = "Dashboard"}. Executing controller action with signature System.Threading.Tasks.Task`1[Microsoft.AspNetCore.Mvc.IActionResult] GetDashboard(System.Nullable`1[System.DateTime], System.Nullable`1[System.DateTime], System.Threading.CancellationToken) on controller Billing.API.Controllers.DashboardController (Billing.API).
2026-08-08 18:24:29.639 +05:30 [INF] Handling GetDashboardQuery
2026-08-08 18:24:29.991 +05:30 [INF] Handled GetDashboardQuery in 352ms
2026-08-08 18:24:29.991 +05:30 [INF] Executing OkObjectResult, writing value of type 'Billing.Shared.Results.Result`1[[Billing.Application.DTOs.DashboardDto, Billing.Application, Version=1.0.0.0, Culture=neutral, PublicKeyToken=null]]'.
2026-08-08 18:24:29.993 +05:30 [INF] Executed action Billing.API.Controllers.DashboardController.GetDashboard (Billing.API) in 358.1309ms
2026-08-08 18:24:29.993 +05:30 [INF] Executed endpoint 'Billing.API.Controllers.DashboardController.GetDashboard (Billing.API)'
2026-08-08 18:24:29.993 +05:30 [INF] HTTP GET /api/dashboard responded 200 in 368.1210 ms
2026-08-08 18:24:29.994 +05:30 [INF] Request finished HTTP/1.1 GET http://localhost:5000/api/dashboard?from=2026-07-09&to=2026-08-08 - 200 null application/json; charset=utf-8 369.8804ms
2026-08-08 18:24:55.386 +05:30 [INF] Request starting HTTP/1.1 GET http://localhost:5000/api/customers?page=1&pageSize=50 - null null
2026-08-08 18:24:55.387 +05:30 [INF] Executing endpoint 'Billing.API.Controllers.CustomersController.GetCustomers (Billing.API)'
2026-08-08 18:24:55.387 +05:30 [INF] Route matched with {action = "GetCustomers", controller = "Customers"}. Executing controller action with signature System.Threading.Tasks.Task`1[Microsoft.AspNetCore.Mvc.IActionResult] GetCustomers(Int32, Int32, System.String, System.Threading.CancellationToken) on controller Billing.API.Controllers.CustomersController (Billing.API).
2026-08-08 18:24:55.388 +05:30 [INF] Handling GetCustomersQuery
2026-08-08 18:24:55.428 +05:30 [INF] Handled GetCustomersQuery in 39ms
2026-08-08 18:24:55.429 +05:30 [INF] Executing OkObjectResult, writing value of type 'Billing.Shared.Results.Result`1[[Billing.Application.Common.PagedResult`1[[Billing.Application.DTOs.CustomerDto, Billing.Application, Version=1.0.0.0, Culture=neutral, PublicKeyToken=null]], Billing.Application, Version=1.0.0.0, Culture=neutral, PublicKeyToken=null]]'.
2026-08-08 18:24:55.431 +05:30 [INF] Executed action Billing.API.Controllers.CustomersController.GetCustomers (Billing.API) in 44.0599ms
2026-08-08 18:24:55.431 +05:30 [INF] Executed endpoint 'Billing.API.Controllers.CustomersController.GetCustomers (Billing.API)'
2026-08-08 18:24:55.431 +05:30 [INF] HTTP GET /api/customers responded 200 in 45.3235 ms
2026-08-08 18:24:55.431 +05:30 [INF] Request finished HTTP/1.1 GET http://localhost:5000/api/customers?page=1&pageSize=50 - 200 null application/json; charset=utf-8 45.6965ms
2026-08-08 18:24:58.733 +05:30 [INF] Request starting HTTP/1.1 GET http://localhost:5000/api/products/search?term=wa&limit=20 - null null
2026-08-08 18:24:58.736 +05:30 [INF] Executing endpoint 'Billing.API.Controllers.ProductsController.Search (Billing.API)'
2026-08-08 18:24:58.743 +05:30 [INF] Route matched with {action = "Search", controller = "Products"}. Executing controller action with signature System.Threading.Tasks.Task`1[Microsoft.AspNetCore.Mvc.IActionResult] Search(System.String, Int32, System.Threading.CancellationToken) on controller Billing.API.Controllers.ProductsController (Billing.API).
2026-08-08 18:24:58.779 +05:30 [INF] Handling SearchProductsQuery
2026-08-08 18:24:58.819 +05:30 [INF] Request starting HTTP/1.1 GET http://localhost:5000/api/products/search?term=wat&limit=20 - null null
2026-08-08 18:24:58.824 +05:30 [INF] Executing endpoint 'Billing.API.Controllers.ProductsController.Search (Billing.API)'
2026-08-08 18:24:58.824 +05:30 [INF] Route matched with {action = "Search", controller = "Products"}. Executing controller action with signature System.Threading.Tasks.Task`1[Microsoft.AspNetCore.Mvc.IActionResult] Search(System.String, Int32, System.Threading.CancellationToken) on controller Billing.API.Controllers.ProductsController (Billing.API).
2026-08-08 18:24:58.827 +05:30 [INF] Handling SearchProductsQuery
2026-08-08 18:24:58.873 +05:30 [INF] Handled SearchProductsQuery in 94ms
2026-08-08 18:24:58.873 +05:30 [INF] Handled SearchProductsQuery in 45ms
2026-08-08 18:24:58.873 +05:30 [INF] Executing OkObjectResult, writing value of type 'Billing.Shared.Results.Result`1[[System.Collections.Generic.IReadOnlyList`1[[Billing.Application.DTOs.Products.ProductDto, Billing.Application, Version=1.0.0.0, Culture=neutral, PublicKeyToken=null]], System.Private.CoreLib, Version=9.0.0.0, Culture=neutral, PublicKeyToken=7cec85d7bea7798e]]'.
2026-08-08 18:24:58.873 +05:30 [INF] Executing OkObjectResult, writing value of type 'Billing.Shared.Results.Result`1[[System.Collections.Generic.IReadOnlyList`1[[Billing.Application.DTOs.Products.ProductDto, Billing.Application, Version=1.0.0.0, Culture=neutral, PublicKeyToken=null]], System.Private.CoreLib, Version=9.0.0.0, Culture=neutral, PublicKeyToken=7cec85d7bea7798e]]'.
2026-08-08 18:24:58.882 +05:30 [INF] Executed action Billing.API.Controllers.ProductsController.Search (Billing.API) in 139.0959ms
2026-08-08 18:24:58.882 +05:30 [INF] Executed endpoint 'Billing.API.Controllers.ProductsController.Search (Billing.API)'
2026-08-08 18:24:58.882 +05:30 [INF] HTTP GET /api/products/search responded 200 in 148.3075 ms
2026-08-08 18:24:58.882 +05:30 [INF] Request finished HTTP/1.1 GET http://localhost:5000/api/products/search?term=wa&limit=20 - 200 null application/json; charset=utf-8 149.3734ms
2026-08-08 18:24:58.904 +05:30 [INF] Executed action Billing.API.Controllers.ProductsController.Search (Billing.API) in 79.7635ms
2026-08-08 18:24:58.904 +05:30 [INF] Executed endpoint 'Billing.API.Controllers.ProductsController.Search (Billing.API)'
2026-08-08 18:24:58.904 +05:30 [INF] HTTP GET /api/products/search responded 200 in 82.9201 ms
2026-08-08 18:24:58.905 +05:30 [INF] Request finished HTTP/1.1 GET http://localhost:5000/api/products/search?term=wat&limit=20 - 200 null application/json; charset=utf-8 85.4652ms
2026-08-08 18:24:59.086 +05:30 [INF] Request starting HTTP/1.1 GET http://localhost:5000/api/products/search?term=wate&limit=20 - null null
2026-08-08 18:24:59.087 +05:30 [INF] Executing endpoint 'Billing.API.Controllers.ProductsController.Search (Billing.API)'
2026-08-08 18:24:59.087 +05:30 [INF] Route matched with {action = "Search", controller = "Products"}. Executing controller action with signature System.Threading.Tasks.Task`1[Microsoft.AspNetCore.Mvc.IActionResult] Search(System.String, Int32, System.Threading.CancellationToken) on controller Billing.API.Controllers.ProductsController (Billing.API).
2026-08-08 18:24:59.093 +05:30 [INF] Handling SearchProductsQuery
2026-08-08 18:24:59.158 +05:30 [INF] Handled SearchProductsQuery in 64ms
2026-08-08 18:24:59.158 +05:30 [INF] Executing OkObjectResult, writing value of type 'Billing.Shared.Results.Result`1[[System.Collections.Generic.IReadOnlyList`1[[Billing.Application.DTOs.Products.ProductDto, Billing.Application, Version=1.0.0.0, Culture=neutral, PublicKeyToken=null]], System.Private.CoreLib, Version=9.0.0.0, Culture=neutral, PublicKeyToken=7cec85d7bea7798e]]'.
2026-08-08 18:24:59.159 +05:30 [INF] Executed action Billing.API.Controllers.ProductsController.Search (Billing.API) in 71.1999ms
2026-08-08 18:24:59.159 +05:30 [INF] Executed endpoint 'Billing.API.Controllers.ProductsController.Search (Billing.API)'
2026-08-08 18:24:59.159 +05:30 [INF] HTTP GET /api/products/search responded 200 in 72.9618 ms
2026-08-08 18:24:59.159 +05:30 [INF] Request finished HTTP/1.1 GET http://localhost:5000/api/products/search?term=wate&limit=20 - 200 null application/json; charset=utf-8 73.2724ms
2026-08-08 18:24:59.227 +05:30 [INF] Request starting HTTP/1.1 GET http://localhost:5000/api/products/search?term=water&limit=20 - null null
2026-08-08 18:24:59.229 +05:30 [INF] Executing endpoint 'Billing.API.Controllers.ProductsController.Search (Billing.API)'
2026-08-08 18:24:59.229 +05:30 [INF] Route matched with {action = "Search", controller = "Products"}. Executing controller action with signature System.Threading.Tasks.Task`1[Microsoft.AspNetCore.Mvc.IActionResult] Search(System.String, Int32, System.Threading.CancellationToken) on controller Billing.API.Controllers.ProductsController (Billing.API).
2026-08-08 18:24:59.230 +05:30 [INF] Handling SearchProductsQuery
2026-08-08 18:24:59.251 +05:30 [INF] Handled SearchProductsQuery in 21ms
2026-08-08 18:24:59.251 +05:30 [INF] Executing OkObjectResult, writing value of type 'Billing.Shared.Results.Result`1[[System.Collections.Generic.IReadOnlyList`1[[Billing.Application.DTOs.Products.ProductDto, Billing.Application, Version=1.0.0.0, Culture=neutral, PublicKeyToken=null]], System.Private.CoreLib, Version=9.0.0.0, Culture=neutral, PublicKeyToken=7cec85d7bea7798e]]'.
2026-08-08 18:24:59.252 +05:30 [INF] Executed action Billing.API.Controllers.ProductsController.Search (Billing.API) in 22.4148ms
2026-08-08 18:24:59.252 +05:30 [INF] Executed endpoint 'Billing.API.Controllers.ProductsController.Search (Billing.API)'
2026-08-08 18:24:59.252 +05:30 [INF] HTTP GET /api/products/search responded 200 in 24.5781 ms
2026-08-08 18:24:59.252 +05:30 [INF] Request finished HTTP/1.1 GET http://localhost:5000/api/products/search?term=water&limit=20 - 200 null application/json; charset=utf-8 24.942ms
2026-08-08 18:26:52.110 +05:30 [INF] Request starting HTTP/1.1 GET http://localhost:5000/api/purchases?page=1&pageSize=10 - null null
2026-08-08 18:26:52.112 +05:30 [INF] Request starting HTTP/1.1 GET http://localhost:5000/api/suppliers?page=1&pageSize=1000 - null null
2026-08-08 18:26:52.112 +05:30 [INF] Executing endpoint 'Billing.API.Controllers.SuppliersController.GetSuppliers (Billing.API)'
2026-08-08 18:26:52.112 +05:30 [INF] Executing endpoint 'Billing.API.Controllers.PurchasesController.GetPurchases (Billing.API)'
2026-08-08 18:26:52.113 +05:30 [INF] Route matched with {action = "GetSuppliers", controller = "Suppliers"}. Executing controller action with signature System.Threading.Tasks.Task`1[Microsoft.AspNetCore.Mvc.IActionResult] GetSuppliers(Int32, Int32, System.String, System.Threading.CancellationToken) on controller Billing.API.Controllers.SuppliersController (Billing.API).
2026-08-08 18:26:52.113 +05:30 [INF] Route matched with {action = "GetPurchases", controller = "Purchases"}. Executing controller action with signature System.Threading.Tasks.Task`1[Microsoft.AspNetCore.Mvc.IActionResult] GetPurchases(Int32, Int32, System.Threading.CancellationToken) on controller Billing.API.Controllers.PurchasesController (Billing.API).
2026-08-08 18:26:52.116 +05:30 [INF] Handling GetPurchasesQuery
2026-08-08 18:26:52.118 +05:30 [INF] Handling GetSuppliersQuery
2026-08-08 18:26:52.148 +05:30 [INF] Handled GetPurchasesQuery in 32ms
2026-08-08 18:26:52.149 +05:30 [INF] Executing OkObjectResult, writing value of type 'Billing.Shared.Results.Result`1[[Billing.Application.Common.PagedResult`1[[Billing.Application.DTOs.PurchaseDto, Billing.Application, Version=1.0.0.0, Culture=neutral, PublicKeyToken=null]], Billing.Application, Version=1.0.0.0, Culture=neutral, PublicKeyToken=null]]'.
2026-08-08 18:26:52.160 +05:30 [INF] Executed action Billing.API.Controllers.PurchasesController.GetPurchases (Billing.API) in 47.4482ms
2026-08-08 18:26:52.160 +05:30 [INF] Executed endpoint 'Billing.API.Controllers.PurchasesController.GetPurchases (Billing.API)'
2026-08-08 18:26:52.161 +05:30 [INF] HTTP GET /api/purchases responded 200 in 49.7950 ms
2026-08-08 18:26:52.161 +05:30 [INF] Request finished HTTP/1.1 GET http://localhost:5000/api/purchases?page=1&pageSize=10 - 200 null application/json; charset=utf-8 50.1507ms
2026-08-08 18:26:52.161 +05:30 [INF] Handled GetSuppliersQuery in 42ms
2026-08-08 18:26:52.161 +05:30 [INF] Executing OkObjectResult, writing value of type 'Billing.Shared.Results.Result`1[[Billing.Application.Common.PagedResult`1[[Billing.Application.DTOs.SupplierDto, Billing.Application, Version=1.0.0.0, Culture=neutral, PublicKeyToken=null]], Billing.Application, Version=1.0.0.0, Culture=neutral, PublicKeyToken=null]]'.
2026-08-08 18:26:52.163 +05:30 [INF] Executed action Billing.API.Controllers.SuppliersController.GetSuppliers (Billing.API) in 49.7304ms
2026-08-08 18:26:52.163 +05:30 [INF] Executed endpoint 'Billing.API.Controllers.SuppliersController.GetSuppliers (Billing.API)'
2026-08-08 18:26:52.163 +05:30 [INF] HTTP GET /api/suppliers responded 200 in 50.9542 ms
2026-08-08 18:26:52.163 +05:30 [INF] Request finished HTTP/1.1 GET http://localhost:5000/api/suppliers?page=1&pageSize=1000 - 200 null application/json; charset=utf-8 51.1688ms
2026-08-08 18:26:53.844 +05:30 [INF] Request starting HTTP/1.1 GET http://localhost:5000/api/suppliers?page=1&pageSize=10 - null null
2026-08-08 18:26:53.845 +05:30 [INF] Executing endpoint 'Billing.API.Controllers.SuppliersController.GetSuppliers (Billing.API)'
2026-08-08 18:26:53.845 +05:30 [INF] Route matched with {action = "GetSuppliers", controller = "Suppliers"}. Executing controller action with signature System.Threading.Tasks.Task`1[Microsoft.AspNetCore.Mvc.IActionResult] GetSuppliers(Int32, Int32, System.String, System.Threading.CancellationToken) on controller Billing.API.Controllers.SuppliersController (Billing.API).
2026-08-08 18:26:53.850 +05:30 [INF] Handling GetSuppliersQuery
2026-08-08 18:26:53.878 +05:30 [INF] Handled GetSuppliersQuery in 28ms
2026-08-08 18:26:53.878 +05:30 [INF] Executing OkObjectResult, writing value of type 'Billing.Shared.Results.Result`1[[Billing.Application.Common.PagedResult`1[[Billing.Application.DTOs.SupplierDto, Billing.Application, Version=1.0.0.0, Culture=neutral, PublicKeyToken=null]], Billing.Application, Version=1.0.0.0, Culture=neutral, PublicKeyToken=null]]'.
2026-08-08 18:26:53.879 +05:30 [INF] Executed action Billing.API.Controllers.SuppliersController.GetSuppliers (Billing.API) in 33.4334ms
2026-08-08 18:26:53.879 +05:30 [INF] Executed endpoint 'Billing.API.Controllers.SuppliersController.GetSuppliers (Billing.API)'
2026-08-08 18:26:53.879 +05:30 [INF] HTTP GET /api/suppliers responded 200 in 34.6087 ms
2026-08-08 18:26:53.880 +05:30 [INF] Request finished HTTP/1.1 GET http://localhost:5000/api/suppliers?page=1&pageSize=10 - 200 null application/json; charset=utf-8 35.1885ms
2026-08-08 18:27:06.079 +05:30 [INF] Request starting HTTP/1.1 GET http://localhost:5000/api/reports/profit-loss?from=2026-07-09&to=2026-08-08 - null null
2026-08-08 18:27:06.080 +05:30 [INF] Executing endpoint 'Billing.API.Controllers.ReportsController.GetProfitLoss (Billing.API)'
2026-08-08 18:27:06.095 +05:30 [INF] Route matched with {action = "GetProfitLoss", controller = "Reports"}. Executing controller action with signature System.Threading.Tasks.Task`1[Microsoft.AspNetCore.Mvc.IActionResult] GetProfitLoss(System.Nullable`1[System.DateTime], System.Nullable`1[System.DateTime], System.Threading.CancellationToken) on controller Billing.API.Controllers.ReportsController (Billing.API).
2026-08-08 18:27:06.100 +05:30 [INF] Handling GetProfitLossReportQuery
2026-08-08 18:27:06.187 +05:30 [INF] Handled GetProfitLossReportQuery in 87ms
2026-08-08 18:27:06.187 +05:30 [INF] Executing OkObjectResult, writing value of type 'Billing.Shared.Results.Result`1[[Billing.Application.DTOs.ProfitLossDto, Billing.Application, Version=1.0.0.0, Culture=neutral, PublicKeyToken=null]]'.
2026-08-08 18:27:06.192 +05:30 [INF] Executed action Billing.API.Controllers.ReportsController.GetProfitLoss (Billing.API) in 96.9902ms
2026-08-08 18:27:06.192 +05:30 [INF] Executed endpoint 'Billing.API.Controllers.ReportsController.GetProfitLoss (Billing.API)'
2026-08-08 18:27:06.192 +05:30 [INF] HTTP GET /api/reports/profit-loss responded 200 in 112.5525 ms
2026-08-08 18:27:06.192 +05:30 [INF] Request finished HTTP/1.1 GET http://localhost:5000/api/reports/profit-loss?from=2026-07-09&to=2026-08-08 - 200 null application/json; charset=utf-8 113.143ms
2026-08-08 18:28:33.413 +05:30 [INF] Request starting HTTP/1.1 GET http://localhost:5000/api/products?page=1&pageSize=10 - null null
2026-08-08 18:28:33.414 +05:30 [INF] Executing endpoint 'Billing.API.Controllers.ProductsController.GetProducts (Billing.API)'
2026-08-08 18:28:33.424 +05:30 [INF] Route matched with {action = "GetProducts", controller = "Products"}. Executing controller action with signature System.Threading.Tasks.Task`1[Microsoft.AspNetCore.Mvc.IActionResult] GetProducts(Int32, Int32, System.String, System.String, Boolean, System.Threading.CancellationToken) on controller Billing.API.Controllers.ProductsController (Billing.API).
2026-08-08 18:28:33.428 +05:30 [INF] Handling GetProductsQuery
2026-08-08 18:28:33.474 +05:30 [INF] Handled GetProductsQuery in 46ms
2026-08-08 18:28:33.475 +05:30 [INF] Executing OkObjectResult, writing value of type 'Billing.Shared.Results.Result`1[[Billing.Application.Common.PagedResult`1[[Billing.Application.DTOs.Products.ProductDto, Billing.Application, Version=1.0.0.0, Culture=neutral, PublicKeyToken=null]], Billing.Application, Version=1.0.0.0, Culture=neutral, PublicKeyToken=null]]'.
2026-08-08 18:28:33.484 +05:30 [INF] Executed action Billing.API.Controllers.ProductsController.GetProducts (Billing.API) in 60.5067ms
2026-08-08 18:28:33.484 +05:30 [INF] Executed endpoint 'Billing.API.Controllers.ProductsController.GetProducts (Billing.API)'
2026-08-08 18:28:33.485 +05:30 [INF] HTTP GET /api/products responded 200 in 71.6718 ms
2026-08-08 18:28:33.485 +05:30 [INF] Request finished HTTP/1.1 GET http://localhost:5000/api/products?page=1&pageSize=10 - 200 null application/json; charset=utf-8 71.9303ms
2026-08-08 18:28:35.849 +05:30 [INF] Request starting HTTP/1.1 GET http://localhost:5000/api/sales?page=1&pageSize=10 - null null
2026-08-08 18:28:35.849 +05:30 [INF] Executing endpoint 'Billing.API.Controllers.SalesController.GetSales (Billing.API)'
2026-08-08 18:28:35.858 +05:30 [INF] Route matched with {action = "GetSales", controller = "Sales"}. Executing controller action with signature System.Threading.Tasks.Task`1[Microsoft.AspNetCore.Mvc.IActionResult] GetSales(System.Nullable`1[System.DateTime], System.Nullable`1[System.DateTime], Int32, Int32, System.Threading.CancellationToken) on controller Billing.API.Controllers.SalesController (Billing.API).
2026-08-08 18:28:35.865 +05:30 [INF] Handling GetSalesQuery
2026-08-08 18:28:35.944 +05:30 [INF] Handled GetSalesQuery in 79ms
2026-08-08 18:28:35.944 +05:30 [INF] Executing OkObjectResult, writing value of type 'Billing.Shared.Results.Result`1[[Billing.Application.Common.PagedResult`1[[Billing.Application.DTOs.Sales.SaleDto, Billing.Application, Version=1.0.0.0, Culture=neutral, PublicKeyToken=null]], Billing.Application, Version=1.0.0.0, Culture=neutral, PublicKeyToken=null]]'.
2026-08-08 18:28:35.973 +05:30 [INF] Executed action Billing.API.Controllers.SalesController.GetSales (Billing.API) in 115.416ms
2026-08-08 18:28:35.973 +05:30 [INF] Executed endpoint 'Billing.API.Controllers.SalesController.GetSales (Billing.API)'
2026-08-08 18:28:35.973 +05:30 [INF] HTTP GET /api/sales responded 200 in 124.6819 ms
2026-08-08 18:28:35.973 +05:30 [INF] Request finished HTTP/1.1 GET http://localhost:5000/api/sales?page=1&pageSize=10 - 200 null application/json; charset=utf-8 124.8288ms
2026-08-08 18:28:42.850 +05:30 [INF] Request starting HTTP/1.1 GET http://localhost:5000/api/customers?page=1&pageSize=10 - null null
2026-08-08 18:28:42.851 +05:30 [INF] Executing endpoint 'Billing.API.Controllers.CustomersController.GetCustomers (Billing.API)'
2026-08-08 18:28:42.851 +05:30 [INF] Route matched with {action = "GetCustomers", controller = "Customers"}. Executing controller action with signature System.Threading.Tasks.Task`1[Microsoft.AspNetCore.Mvc.IActionResult] GetCustomers(Int32, Int32, System.String, System.Threading.CancellationToken) on controller Billing.API.Controllers.CustomersController (Billing.API).
2026-08-08 18:28:42.857 +05:30 [INF] Handling GetCustomersQuery
2026-08-08 18:28:42.879 +05:30 [INF] Handled GetCustomersQuery in 21ms
2026-08-08 18:28:42.880 +05:30 [INF] Executing OkObjectResult, writing value of type 'Billing.Shared.Results.Result`1[[Billing.Application.Common.PagedResult`1[[Billing.Application.DTOs.CustomerDto, Billing.Application, Version=1.0.0.0, Culture=neutral, PublicKeyToken=null]], Billing.Application, Version=1.0.0.0, Culture=neutral, PublicKeyToken=null]]'.
2026-08-08 18:28:42.881 +05:30 [INF] Executed action Billing.API.Controllers.CustomersController.GetCustomers (Billing.API) in 29.3469ms
2026-08-08 18:28:42.881 +05:30 [INF] Executed endpoint 'Billing.API.Controllers.CustomersController.GetCustomers (Billing.API)'
2026-08-08 18:28:42.881 +05:30 [INF] HTTP GET /api/customers responded 200 in 30.2069 ms
2026-08-08 18:28:42.882 +05:30 [INF] Request finished HTTP/1.1 GET http://localhost:5000/api/customers?page=1&pageSize=10 - 200 null application/json; charset=utf-8 31.1775ms
2026-08-08 18:30:38.186 +05:30 [INF] Request starting HTTP/1.1 GET http://localhost:5000/api/customers?page=1&pageSize=50 - null null
2026-08-08 18:30:38.188 +05:30 [INF] Executing endpoint 'Billing.API.Controllers.CustomersController.GetCustomers (Billing.API)'
2026-08-08 18:30:38.188 +05:30 [INF] Route matched with {action = "GetCustomers", controller = "Customers"}. Executing controller action with signature System.Threading.Tasks.Task`1[Microsoft.AspNetCore.Mvc.IActionResult] GetCustomers(Int32, Int32, System.String, System.Threading.CancellationToken) on controller Billing.API.Controllers.CustomersController (Billing.API).
2026-08-08 18:30:38.189 +05:30 [INF] Handling GetCustomersQuery
2026-08-08 18:30:38.229 +05:30 [INF] Handled GetCustomersQuery in 40ms
2026-08-08 18:30:38.230 +05:30 [INF] Executing OkObjectResult, writing value of type 'Billing.Shared.Results.Result`1[[Billing.Application.Common.PagedResult`1[[Billing.Application.DTOs.CustomerDto, Billing.Application, Version=1.0.0.0, Culture=neutral, PublicKeyToken=null]], Billing.Application, Version=1.0.0.0, Culture=neutral, PublicKeyToken=null]]'.
2026-08-08 18:30:38.230 +05:30 [INF] Executed action Billing.API.Controllers.CustomersController.GetCustomers (Billing.API) in 42.3778ms
2026-08-08 18:30:38.230 +05:30 [INF] Executed endpoint 'Billing.API.Controllers.CustomersController.GetCustomers (Billing.API)'
2026-08-08 18:30:38.231 +05:30 [INF] HTTP GET /api/customers responded 200 in 44.8893 ms
2026-08-08 18:30:38.231 +05:30 [INF] Request finished HTTP/1.1 GET http://localhost:5000/api/customers?page=1&pageSize=50 - 200 null application/json; charset=utf-8 45.0777ms
2026-08-08 18:30:40.723 +05:30 [INF] Request starting HTTP/1.1 GET http://localhost:5000/api/products/search?term=wa&limit=20 - null null
2026-08-08 18:30:40.724 +05:30 [INF] Executing endpoint 'Billing.API.Controllers.ProductsController.Search (Billing.API)'
2026-08-08 18:30:40.725 +05:30 [INF] Route matched with {action = "Search", controller = "Products"}. Executing controller action with signature System.Threading.Tasks.Task`1[Microsoft.AspNetCore.Mvc.IActionResult] Search(System.String, Int32, System.Threading.CancellationToken) on controller Billing.API.Controllers.ProductsController (Billing.API).
2026-08-08 18:30:40.725 +05:30 [INF] Handling SearchProductsQuery
2026-08-08 18:30:40.769 +05:30 [INF] Handled SearchProductsQuery in 43ms
2026-08-08 18:30:40.769 +05:30 [INF] Executing OkObjectResult, writing value of type 'Billing.Shared.Results.Result`1[[System.Collections.Generic.IReadOnlyList`1[[Billing.Application.DTOs.Products.ProductDto, Billing.Application, Version=1.0.0.0, Culture=neutral, PublicKeyToken=null]], System.Private.CoreLib, Version=9.0.0.0, Culture=neutral, PublicKeyToken=7cec85d7bea7798e]]'.
2026-08-08 18:30:40.770 +05:30 [INF] Executed action Billing.API.Controllers.ProductsController.Search (Billing.API) in 45.1473ms
2026-08-08 18:30:40.770 +05:30 [INF] Executed endpoint 'Billing.API.Controllers.ProductsController.Search (Billing.API)'
2026-08-08 18:30:40.770 +05:30 [INF] HTTP GET /api/products/search responded 200 in 46.3876 ms
2026-08-08 18:30:40.770 +05:30 [INF] Request finished HTTP/1.1 GET http://localhost:5000/api/products/search?term=wa&limit=20 - 200 null application/json; charset=utf-8 46.5988ms
2026-08-08 18:30:41.283 +05:30 [INF] Request starting HTTP/1.1 GET http://localhost:5000/api/products/search?term=wat&limit=20 - null null
2026-08-08 18:30:41.284 +05:30 [INF] Executing endpoint 'Billing.API.Controllers.ProductsController.Search (Billing.API)'
2026-08-08 18:30:41.284 +05:30 [INF] Route matched with {action = "Search", controller = "Products"}. Executing controller action with signature System.Threading.Tasks.Task`1[Microsoft.AspNetCore.Mvc.IActionResult] Search(System.String, Int32, System.Threading.CancellationToken) on controller Billing.API.Controllers.ProductsController (Billing.API).
2026-08-08 18:30:41.285 +05:30 [INF] Handling SearchProductsQuery
2026-08-08 18:30:41.331 +05:30 [INF] Handled SearchProductsQuery in 46ms
2026-08-08 18:30:41.331 +05:30 [INF] Executing OkObjectResult, writing value of type 'Billing.Shared.Results.Result`1[[System.Collections.Generic.IReadOnlyList`1[[Billing.Application.DTOs.Products.ProductDto, Billing.Application, Version=1.0.0.0, Culture=neutral, PublicKeyToken=null]], System.Private.CoreLib, Version=9.0.0.0, Culture=neutral, PublicKeyToken=7cec85d7bea7798e]]'.
2026-08-08 18:30:41.332 +05:30 [INF] Executed action Billing.API.Controllers.ProductsController.Search (Billing.API) in 47.2666ms
2026-08-08 18:30:41.332 +05:30 [INF] Executed endpoint 'Billing.API.Controllers.ProductsController.Search (Billing.API)'
2026-08-08 18:30:41.332 +05:30 [INF] HTTP GET /api/products/search responded 200 in 48.6586 ms
2026-08-08 18:30:41.332 +05:30 [INF] Request finished HTTP/1.1 GET http://localhost:5000/api/products/search?term=wat&limit=20 - 200 null application/json; charset=utf-8 49.0388ms
2026-08-08 18:30:54.474 +05:30 [INF] Request starting HTTP/1.1 GET http://localhost:5000/api/customers?page=1&pageSize=50 - null null
2026-08-08 18:30:54.485 +05:30 [INF] Failed to validate the token.
Microsoft.IdentityModel.Tokens.SecurityTokenExpiredException: IDX10223: Lifetime validation failed. The token is expired. ValidTo (UTC): '8/8/2026 1:00:14 PM', Current time (UTC): '8/8/2026 1:00:54 PM'.
   at Microsoft.IdentityModel.Tokens.ValidatorUtilities.ValidateLifetime(Nullable`1 notBefore, Nullable`1 expires, SecurityToken securityToken, TokenValidationParameters validationParameters)
   at Microsoft.IdentityModel.Tokens.Validators.ValidateLifetime(Nullable`1 notBefore, Nullable`1 expires, SecurityToken securityToken, TokenValidationParameters validationParameters)
   at Microsoft.IdentityModel.JsonWebTokens.JsonWebTokenHandler.ValidateTokenPayloadAsync(JsonWebToken jsonWebToken, TokenValidationParameters validationParameters, BaseConfiguration configuration)
   at Microsoft.IdentityModel.JsonWebTokens.JsonWebTokenHandler.ValidateJWSAsync(JsonWebToken jsonWebToken, TokenValidationParameters validationParameters, BaseConfiguration configuration)
2026-08-08 18:30:54.487 +05:30 [INF] Bearer was not authenticated. Failure message: IDX10223: Lifetime validation failed. The token is expired. ValidTo (UTC): '8/8/2026 1:00:14 PM', Current time (UTC): '8/8/2026 1:00:54 PM'.
2026-08-08 18:30:54.489 +05:30 [INF] Authorization failed. These requirements were not met:
DenyAnonymousAuthorizationRequirement: Requires an authenticated user.
Billing.Identity.Authorization.PermissionRequirement
2026-08-08 18:30:54.502 +05:30 [INF] AuthenticationScheme: Bearer was challenged.
2026-08-08 18:30:54.502 +05:30 [INF] HTTP GET /api/customers responded 401 in 27.9825 ms
2026-08-08 18:30:54.503 +05:30 [INF] Request finished HTTP/1.1 GET http://localhost:5000/api/customers?page=1&pageSize=50 - 401 0 null 28.2007ms
2026-08-08 18:30:54.518 +05:30 [INF] Request starting HTTP/1.1 POST http://localhost:5000/api/auth/refresh - application/json 1640
2026-08-08 18:30:54.523 +05:30 [INF] CORS policy execution successful.
2026-08-08 18:30:54.525 +05:30 [INF] Failed to validate the token.
Microsoft.IdentityModel.Tokens.SecurityTokenExpiredException: IDX10223: Lifetime validation failed. The token is expired. ValidTo (UTC): '8/8/2026 1:00:14 PM', Current time (UTC): '8/8/2026 1:00:54 PM'.
   at Microsoft.IdentityModel.Tokens.ValidatorUtilities.ValidateLifetime(Nullable`1 notBefore, Nullable`1 expires, SecurityToken securityToken, TokenValidationParameters validationParameters)
   at Microsoft.IdentityModel.Tokens.Validators.ValidateLifetime(Nullable`1 notBefore, Nullable`1 expires, SecurityToken securityToken, TokenValidationParameters validationParameters)
   at Microsoft.IdentityModel.JsonWebTokens.JsonWebTokenHandler.ValidateTokenPayloadAsync(JsonWebToken jsonWebToken, TokenValidationParameters validationParameters, BaseConfiguration configuration)
   at Microsoft.IdentityModel.JsonWebTokens.JsonWebTokenHandler.ValidateJWSAsync(JsonWebToken jsonWebToken, TokenValidationParameters validationParameters, BaseConfiguration configuration)
2026-08-08 18:30:54.525 +05:30 [INF] Bearer was not authenticated. Failure message: IDX10223: Lifetime validation failed. The token is expired. ValidTo (UTC): '8/8/2026 1:00:14 PM', Current time (UTC): '8/8/2026 1:00:54 PM'.
2026-08-08 18:30:54.525 +05:30 [INF] Executing endpoint 'Billing.API.Controllers.AuthController.Refresh (Billing.API)'
2026-08-08 18:30:54.535 +05:30 [INF] Route matched with {action = "Refresh", controller = "Auth"}. Executing controller action with signature System.Threading.Tasks.Task`1[Microsoft.AspNetCore.Mvc.IActionResult] Refresh(Billing.Application.DTOs.Auth.RefreshRequest, System.Threading.CancellationToken) on controller Billing.API.Controllers.AuthController (Billing.API).
2026-08-08 18:30:54.930 +05:30 [INF] Executing OkObjectResult, writing value of type 'Billing.Shared.Results.Result`1[[Billing.Application.DTOs.Auth.RefreshResponse, Billing.Application, Version=1.0.0.0, Culture=neutral, PublicKeyToken=null]]'.
2026-08-08 18:30:54.947 +05:30 [INF] Executed action Billing.API.Controllers.AuthController.Refresh (Billing.API) in 403.6196ms
2026-08-08 18:30:54.947 +05:30 [INF] Executed endpoint 'Billing.API.Controllers.AuthController.Refresh (Billing.API)'
2026-08-08 18:30:54.947 +05:30 [INF] HTTP POST /api/auth/refresh responded 200 in 429.2982 ms
2026-08-08 18:30:54.950 +05:30 [INF] Request finished HTTP/1.1 POST http://localhost:5000/api/auth/refresh - 200 null application/json; charset=utf-8 431.9437ms
2026-08-08 18:30:54.961 +05:30 [INF] Request starting HTTP/1.1 GET http://localhost:5000/api/customers?page=1&pageSize=50 - null null
2026-08-08 18:30:54.961 +05:30 [INF] Executing endpoint 'Billing.API.Controllers.CustomersController.GetCustomers (Billing.API)'
2026-08-08 18:30:54.961 +05:30 [INF] Route matched with {action = "GetCustomers", controller = "Customers"}. Executing controller action with signature System.Threading.Tasks.Task`1[Microsoft.AspNetCore.Mvc.IActionResult] GetCustomers(Int32, Int32, System.String, System.Threading.CancellationToken) on controller Billing.API.Controllers.CustomersController (Billing.API).
2026-08-08 18:30:54.962 +05:30 [INF] Handling GetCustomersQuery
2026-08-08 18:30:54.977 +05:30 [INF] Handled GetCustomersQuery in 15ms
2026-08-08 18:30:54.977 +05:30 [INF] Executing OkObjectResult, writing value of type 'Billing.Shared.Results.Result`1[[Billing.Application.Common.PagedResult`1[[Billing.Application.DTOs.CustomerDto, Billing.Application, Version=1.0.0.0, Culture=neutral, PublicKeyToken=null]], Billing.Application, Version=1.0.0.0, Culture=neutral, PublicKeyToken=null]]'.
2026-08-08 18:30:54.978 +05:30 [INF] Executed action Billing.API.Controllers.CustomersController.GetCustomers (Billing.API) in 16.5242ms
2026-08-08 18:30:54.978 +05:30 [INF] Executed endpoint 'Billing.API.Controllers.CustomersController.GetCustomers (Billing.API)'
2026-08-08 18:30:54.978 +05:30 [INF] HTTP GET /api/customers responded 200 in 17.3832 ms
2026-08-08 18:30:54.978 +05:30 [INF] Request finished HTTP/1.1 GET http://localhost:5000/api/customers?page=1&pageSize=50 - 200 null application/json; charset=utf-8 17.6283ms
2026-08-08 18:30:57.226 +05:30 [INF] Request starting HTTP/1.1 GET http://localhost:5000/api/products/search?term=wa&limit=20 - null null
2026-08-08 18:30:57.227 +05:30 [INF] Executing endpoint 'Billing.API.Controllers.ProductsController.Search (Billing.API)'
2026-08-08 18:30:57.227 +05:30 [INF] Route matched with {action = "Search", controller = "Products"}. Executing controller action with signature System.Threading.Tasks.Task`1[Microsoft.AspNetCore.Mvc.IActionResult] Search(System.String, Int32, System.Threading.CancellationToken) on controller Billing.API.Controllers.ProductsController (Billing.API).
2026-08-08 18:30:57.227 +05:30 [INF] Handling SearchProductsQuery
2026-08-08 18:30:57.262 +05:30 [INF] Handled SearchProductsQuery in 34ms
2026-08-08 18:30:57.263 +05:30 [INF] Executing OkObjectResult, writing value of type 'Billing.Shared.Results.Result`1[[System.Collections.Generic.IReadOnlyList`1[[Billing.Application.DTOs.Products.ProductDto, Billing.Application, Version=1.0.0.0, Culture=neutral, PublicKeyToken=null]], System.Private.CoreLib, Version=9.0.0.0, Culture=neutral, PublicKeyToken=7cec85d7bea7798e]]'.
2026-08-08 18:30:57.263 +05:30 [INF] Executed action Billing.API.Controllers.ProductsController.Search (Billing.API) in 35.7373ms
2026-08-08 18:30:57.263 +05:30 [INF] Executed endpoint 'Billing.API.Controllers.ProductsController.Search (Billing.API)'
2026-08-08 18:30:57.263 +05:30 [INF] HTTP GET /api/products/search responded 200 in 36.4896 ms
2026-08-08 18:30:57.263 +05:30 [INF] Request finished HTTP/1.1 GET http://localhost:5000/api/products/search?term=wa&limit=20 - 200 null application/json; charset=utf-8 36.6213ms
2026-08-08 18:33:16.635 +05:30 [INF] Request starting HTTP/1.1 GET http://localhost:5000/api/sales?page=1&pageSize=10 - null null
2026-08-08 18:33:16.636 +05:30 [INF] Executing endpoint 'Billing.API.Controllers.SalesController.GetSales (Billing.API)'
2026-08-08 18:33:16.636 +05:30 [INF] Route matched with {action = "GetSales", controller = "Sales"}. Executing controller action with signature System.Threading.Tasks.Task`1[Microsoft.AspNetCore.Mvc.IActionResult] GetSales(System.Nullable`1[System.DateTime], System.Nullable`1[System.DateTime], Int32, Int32, System.Threading.CancellationToken) on controller Billing.API.Controllers.SalesController (Billing.API).
2026-08-08 18:33:16.637 +05:30 [INF] Handling GetSalesQuery
2026-08-08 18:33:16.666 +05:30 [INF] Handled GetSalesQuery in 28ms
2026-08-08 18:33:16.667 +05:30 [INF] Executing OkObjectResult, writing value of type 'Billing.Shared.Results.Result`1[[Billing.Application.Common.PagedResult`1[[Billing.Application.DTOs.Sales.SaleDto, Billing.Application, Version=1.0.0.0, Culture=neutral, PublicKeyToken=null]], Billing.Application, Version=1.0.0.0, Culture=neutral, PublicKeyToken=null]]'.
2026-08-08 18:33:16.667 +05:30 [INF] Executed action Billing.API.Controllers.SalesController.GetSales (Billing.API) in 31.5105ms
2026-08-08 18:33:16.668 +05:30 [INF] Executed endpoint 'Billing.API.Controllers.SalesController.GetSales (Billing.API)'
2026-08-08 18:33:16.668 +05:30 [INF] HTTP GET /api/sales responded 200 in 32.4779 ms
2026-08-08 18:33:16.668 +05:30 [INF] Request finished HTTP/1.1 GET http://localhost:5000/api/sales?page=1&pageSize=10 - 200 null application/json; charset=utf-8 32.6609ms
2026-08-08 18:33:27.975 +05:30 [INF] Request starting HTTP/1.1 GET http://localhost:5000/api/products?page=1&pageSize=10 - null null
2026-08-08 18:33:27.976 +05:30 [INF] Executing endpoint 'Billing.API.Controllers.ProductsController.GetProducts (Billing.API)'
2026-08-08 18:33:27.976 +05:30 [INF] Route matched with {action = "GetProducts", controller = "Products"}. Executing controller action with signature System.Threading.Tasks.Task`1[Microsoft.AspNetCore.Mvc.IActionResult] GetProducts(Int32, Int32, System.String, System.String, Boolean, System.Threading.CancellationToken) on controller Billing.API.Controllers.ProductsController (Billing.API).
2026-08-08 18:33:27.977 +05:30 [INF] Handling GetProductsQuery
2026-08-08 18:33:27.978 +05:30 [INF] Handled GetProductsQuery in 1ms
2026-08-08 18:33:27.978 +05:30 [INF] Executing OkObjectResult, writing value of type 'Billing.Shared.Results.Result`1[[Billing.Application.Common.PagedResult`1[[Billing.Application.DTOs.Products.ProductDto, Billing.Application, Version=1.0.0.0, Culture=neutral, PublicKeyToken=null]], Billing.Application, Version=1.0.0.0, Culture=neutral, PublicKeyToken=null]]'.
2026-08-08 18:33:27.979 +05:30 [INF] Executed action Billing.API.Controllers.ProductsController.GetProducts (Billing.API) in 3.1869ms
2026-08-08 18:33:27.979 +05:30 [INF] Executed endpoint 'Billing.API.Controllers.ProductsController.GetProducts (Billing.API)'
2026-08-08 18:33:27.979 +05:30 [INF] HTTP GET /api/products responded 200 in 4.0837 ms
2026-08-08 18:33:27.979 +05:30 [INF] Request finished HTTP/1.1 GET http://localhost:5000/api/products?page=1&pageSize=10 - 200 null application/json; charset=utf-8 4.2653ms
2026-08-08 18:33:29.655 +05:30 [INF] Request starting HTTP/1.1 GET http://localhost:5000/api/customers?page=1&pageSize=10 - null null
2026-08-08 18:33:29.656 +05:30 [INF] Executing endpoint 'Billing.API.Controllers.CustomersController.GetCustomers (Billing.API)'
2026-08-08 18:33:29.656 +05:30 [INF] Route matched with {action = "GetCustomers", controller = "Customers"}. Executing controller action with signature System.Threading.Tasks.Task`1[Microsoft.AspNetCore.Mvc.IActionResult] GetCustomers(Int32, Int32, System.String, System.Threading.CancellationToken) on controller Billing.API.Controllers.CustomersController (Billing.API).
2026-08-08 18:33:29.656 +05:30 [INF] Handling GetCustomersQuery
2026-08-08 18:33:29.669 +05:30 [INF] Handled GetCustomersQuery in 12ms
2026-08-08 18:33:29.669 +05:30 [INF] Executing OkObjectResult, writing value of type 'Billing.Shared.Results.Result`1[[Billing.Application.Common.PagedResult`1[[Billing.Application.DTOs.CustomerDto, Billing.Application, Version=1.0.0.0, Culture=neutral, PublicKeyToken=null]], Billing.Application, Version=1.0.0.0, Culture=neutral, PublicKeyToken=null]]'.
2026-08-08 18:33:29.670 +05:30 [INF] Executed action Billing.API.Controllers.CustomersController.GetCustomers (Billing.API) in 13.6588ms
2026-08-08 18:33:29.670 +05:30 [INF] Executed endpoint 'Billing.API.Controllers.CustomersController.GetCustomers (Billing.API)'
2026-08-08 18:33:29.670 +05:30 [INF] HTTP GET /api/customers responded 200 in 14.3557 ms
2026-08-08 18:33:29.670 +05:30 [INF] Request finished HTTP/1.1 GET http://localhost:5000/api/customers?page=1&pageSize=10 - 200 null application/json; charset=utf-8 14.5676ms
2026-08-08 18:33:30.168 +05:30 [INF] Request starting HTTP/1.1 GET http://localhost:5000/api/suppliers?page=1&pageSize=10 - null null
2026-08-08 18:33:30.169 +05:30 [INF] Executing endpoint 'Billing.API.Controllers.SuppliersController.GetSuppliers (Billing.API)'
2026-08-08 18:33:30.169 +05:30 [INF] Route matched with {action = "GetSuppliers", controller = "Suppliers"}. Executing controller action with signature System.Threading.Tasks.Task`1[Microsoft.AspNetCore.Mvc.IActionResult] GetSuppliers(Int32, Int32, System.String, System.Threading.CancellationToken) on controller Billing.API.Controllers.SuppliersController (Billing.API).
2026-08-08 18:33:30.169 +05:30 [INF] Handling GetSuppliersQuery
2026-08-08 18:33:30.191 +05:30 [INF] Handled GetSuppliersQuery in 22ms
2026-08-08 18:33:30.192 +05:30 [INF] Executing OkObjectResult, writing value of type 'Billing.Shared.Results.Result`1[[Billing.Application.Common.PagedResult`1[[Billing.Application.DTOs.SupplierDto, Billing.Application, Version=1.0.0.0, Culture=neutral, PublicKeyToken=null]], Billing.Application, Version=1.0.0.0, Culture=neutral, PublicKeyToken=null]]'.
2026-08-08 18:33:30.192 +05:30 [INF] Executed action Billing.API.Controllers.SuppliersController.GetSuppliers (Billing.API) in 23.4084ms
2026-08-08 18:33:30.192 +05:30 [INF] Executed endpoint 'Billing.API.Controllers.SuppliersController.GetSuppliers (Billing.API)'
2026-08-08 18:33:30.193 +05:30 [INF] HTTP GET /api/suppliers responded 200 in 24.8294 ms
2026-08-08 18:33:30.193 +05:30 [INF] Request finished HTTP/1.1 GET http://localhost:5000/api/suppliers?page=1&pageSize=10 - 200 null application/json; charset=utf-8 25.1875ms
2026-08-08 18:33:30.849 +05:30 [INF] Request starting HTTP/1.1 GET http://localhost:5000/api/suppliers?page=1&pageSize=1000 - null null
2026-08-08 18:33:30.850 +05:30 [INF] Request starting HTTP/1.1 GET http://localhost:5000/api/purchases?page=1&pageSize=10 - null null
2026-08-08 18:33:30.850 +05:30 [INF] Executing endpoint 'Billing.API.Controllers.SuppliersController.GetSuppliers (Billing.API)'
2026-08-08 18:33:30.850 +05:30 [INF] Executing endpoint 'Billing.API.Controllers.PurchasesController.GetPurchases (Billing.API)'
2026-08-08 18:33:30.850 +05:30 [INF] Route matched with {action = "GetPurchases", controller = "Purchases"}. Executing controller action with signature System.Threading.Tasks.Task`1[Microsoft.AspNetCore.Mvc.IActionResult] GetPurchases(Int32, Int32, System.Threading.CancellationToken) on controller Billing.API.Controllers.PurchasesController (Billing.API).
2026-08-08 18:33:30.850 +05:30 [INF] Route matched with {action = "GetSuppliers", controller = "Suppliers"}. Executing controller action with signature System.Threading.Tasks.Task`1[Microsoft.AspNetCore.Mvc.IActionResult] GetSuppliers(Int32, Int32, System.String, System.Threading.CancellationToken) on controller Billing.API.Controllers.SuppliersController (Billing.API).
2026-08-08 18:33:30.850 +05:30 [INF] Handling GetSuppliersQuery
2026-08-08 18:33:30.855 +05:30 [INF] Handling GetPurchasesQuery
2026-08-08 18:33:30.865 +05:30 [INF] Handled GetSuppliersQuery in 14ms
2026-08-08 18:33:30.865 +05:30 [INF] Executing OkObjectResult, writing value of type 'Billing.Shared.Results.Result`1[[Billing.Application.Common.PagedResult`1[[Billing.Application.DTOs.SupplierDto, Billing.Application, Version=1.0.0.0, Culture=neutral, PublicKeyToken=null]], Billing.Application, Version=1.0.0.0, Culture=neutral, PublicKeyToken=null]]'.
2026-08-08 18:33:30.866 +05:30 [INF] Executed action Billing.API.Controllers.SuppliersController.GetSuppliers (Billing.API) in 16.0058ms
2026-08-08 18:33:30.866 +05:30 [INF] Executed endpoint 'Billing.API.Controllers.SuppliersController.GetSuppliers (Billing.API)'
2026-08-08 18:33:30.866 +05:30 [INF] HTTP GET /api/suppliers responded 200 in 16.7931 ms
2026-08-08 18:33:30.866 +05:30 [INF] Request finished HTTP/1.1 GET http://localhost:5000/api/suppliers?page=1&pageSize=1000 - 200 null application/json; charset=utf-8 17.5427ms
2026-08-08 18:33:30.892 +05:30 [INF] Handled GetPurchasesQuery in 37ms
2026-08-08 18:33:30.893 +05:30 [INF] Executing OkObjectResult, writing value of type 'Billing.Shared.Results.Result`1[[Billing.Application.Common.PagedResult`1[[Billing.Application.DTOs.PurchaseDto, Billing.Application, Version=1.0.0.0, Culture=neutral, PublicKeyToken=null]], Billing.Application, Version=1.0.0.0, Culture=neutral, PublicKeyToken=null]]'.
2026-08-08 18:33:30.894 +05:30 [INF] Executed action Billing.API.Controllers.PurchasesController.GetPurchases (Billing.API) in 44.2079ms
2026-08-08 18:33:30.894 +05:30 [INF] Executed endpoint 'Billing.API.Controllers.PurchasesController.GetPurchases (Billing.API)'
2026-08-08 18:33:30.894 +05:30 [INF] HTTP GET /api/purchases responded 200 in 44.7628 ms
2026-08-08 18:33:30.895 +05:30 [INF] Request finished HTTP/1.1 GET http://localhost:5000/api/purchases?page=1&pageSize=10 - 200 null application/json; charset=utf-8 44.9056ms
2026-08-08 18:33:32.439 +05:30 [INF] Request starting HTTP/1.1 GET http://localhost:5000/api/reports/profit-loss?from=2026-07-09&to=2026-08-08 - null null
2026-08-08 18:33:32.443 +05:30 [INF] Executing endpoint 'Billing.API.Controllers.ReportsController.GetProfitLoss (Billing.API)'
2026-08-08 18:33:32.444 +05:30 [INF] Route matched with {action = "GetProfitLoss", controller = "Reports"}. Executing controller action with signature System.Threading.Tasks.Task`1[Microsoft.AspNetCore.Mvc.IActionResult] GetProfitLoss(System.Nullable`1[System.DateTime], System.Nullable`1[System.DateTime], System.Threading.CancellationToken) on controller Billing.API.Controllers.ReportsController (Billing.API).
2026-08-08 18:33:32.446 +05:30 [INF] Handling GetProfitLossReportQuery
2026-08-08 18:33:32.512 +05:30 [INF] Handled GetProfitLossReportQuery in 66ms
2026-08-08 18:33:32.513 +05:30 [INF] Executing OkObjectResult, writing value of type 'Billing.Shared.Results.Result`1[[Billing.Application.DTOs.ProfitLossDto, Billing.Application, Version=1.0.0.0, Culture=neutral, PublicKeyToken=null]]'.
2026-08-08 18:33:32.513 +05:30 [INF] Executed action Billing.API.Controllers.ReportsController.GetProfitLoss (Billing.API) in 69.065ms
2026-08-08 18:33:32.513 +05:30 [INF] Executed endpoint 'Billing.API.Controllers.ReportsController.GetProfitLoss (Billing.API)'
2026-08-08 18:33:32.513 +05:30 [INF] HTTP GET /api/reports/profit-loss responded 200 in 71.1703 ms
2026-08-08 18:33:32.513 +05:30 [INF] Request finished HTTP/1.1 GET http://localhost:5000/api/reports/profit-loss?from=2026-07-09&to=2026-08-08 - 200 null application/json; charset=utf-8 74.2115ms
2026-08-08 18:33:44.012 +05:30 [INF] Request starting HTTP/1.1 GET http://localhost:5000/api/products/search?term=po&limit=20 - null null
2026-08-08 18:33:44.013 +05:30 [INF] Executing endpoint 'Billing.API.Controllers.ProductsController.Search (Billing.API)'
2026-08-08 18:33:44.013 +05:30 [INF] Route matched with {action = "Search", controller = "Products"}. Executing controller action with signature System.Threading.Tasks.Task`1[Microsoft.AspNetCore.Mvc.IActionResult] Search(System.String, Int32, System.Threading.CancellationToken) on controller Billing.API.Controllers.ProductsController (Billing.API).
2026-08-08 18:33:44.014 +05:30 [INF] Handling SearchProductsQuery
2026-08-08 18:33:44.031 +05:30 [INF] Handled SearchProductsQuery in 16ms
2026-08-08 18:33:44.031 +05:30 [INF] Executing OkObjectResult, writing value of type 'Billing.Shared.Results.Result`1[[System.Collections.Generic.IReadOnlyList`1[[Billing.Application.DTOs.Products.ProductDto, Billing.Application, Version=1.0.0.0, Culture=neutral, PublicKeyToken=null]], System.Private.CoreLib, Version=9.0.0.0, Culture=neutral, PublicKeyToken=7cec85d7bea7798e]]'.
2026-08-08 18:33:44.031 +05:30 [INF] Executed action Billing.API.Controllers.ProductsController.Search (Billing.API) in 17.941ms
2026-08-08 18:33:44.032 +05:30 [INF] Executed endpoint 'Billing.API.Controllers.ProductsController.Search (Billing.API)'
2026-08-08 18:33:44.032 +05:30 [INF] HTTP GET /api/products/search responded 200 in 19.1124 ms
2026-08-08 18:33:44.032 +05:30 [INF] Request finished HTTP/1.1 GET http://localhost:5000/api/products/search?term=po&limit=20 - 200 null application/json; charset=utf-8 19.3151ms
2026-08-08 18:33:44.151 +05:30 [INF] Request starting HTTP/1.1 GET http://localhost:5000/api/products/search?term=pos&limit=20 - null null
2026-08-08 18:33:44.152 +05:30 [INF] Executing endpoint 'Billing.API.Controllers.ProductsController.Search (Billing.API)'
2026-08-08 18:33:44.152 +05:30 [INF] Route matched with {action = "Search", controller = "Products"}. Executing controller action with signature System.Threading.Tasks.Task`1[Microsoft.AspNetCore.Mvc.IActionResult] Search(System.String, Int32, System.Threading.CancellationToken) on controller Billing.API.Controllers.ProductsController (Billing.API).
2026-08-08 18:33:44.152 +05:30 [INF] Handling SearchProductsQuery
2026-08-08 18:33:44.173 +05:30 [INF] Handled SearchProductsQuery in 20ms
2026-08-08 18:33:44.173 +05:30 [INF] Executing OkObjectResult, writing value of type 'Billing.Shared.Results.Result`1[[System.Collections.Generic.IReadOnlyList`1[[Billing.Application.DTOs.Products.ProductDto, Billing.Application, Version=1.0.0.0, Culture=neutral, PublicKeyToken=null]], System.Private.CoreLib, Version=9.0.0.0, Culture=neutral, PublicKeyToken=7cec85d7bea7798e]]'.
2026-08-08 18:33:44.173 +05:30 [INF] Executed action Billing.API.Controllers.ProductsController.Search (Billing.API) in 21.5536ms
2026-08-08 18:33:44.173 +05:30 [INF] Executed endpoint 'Billing.API.Controllers.ProductsController.Search (Billing.API)'
2026-08-08 18:33:44.173 +05:30 [INF] HTTP GET /api/products/search responded 200 in 22.4652 ms
2026-08-08 18:33:44.173 +05:30 [INF] Request finished HTTP/1.1 GET http://localhost:5000/api/products/search?term=pos&limit=20 - 200 null application/json; charset=utf-8 22.6529ms
2026-08-08 18:38:14.692 +05:30 [INF] Request starting HTTP/1.1 GET http://localhost:5000/api/customers?page=1&pageSize=50 - null null
2026-08-08 18:38:14.698 +05:30 [INF] Executing endpoint 'Billing.API.Controllers.CustomersController.GetCustomers (Billing.API)'
2026-08-08 18:38:14.698 +05:30 [INF] Route matched with {action = "GetCustomers", controller = "Customers"}. Executing controller action with signature System.Threading.Tasks.Task`1[Microsoft.AspNetCore.Mvc.IActionResult] GetCustomers(Int32, Int32, System.String, System.Threading.CancellationToken) on controller Billing.API.Controllers.CustomersController (Billing.API).
2026-08-08 18:38:14.699 +05:30 [INF] Handling GetCustomersQuery
2026-08-08 18:38:14.721 +05:30 [INF] Handled GetCustomersQuery in 21ms
2026-08-08 18:38:14.721 +05:30 [INF] Executing OkObjectResult, writing value of type 'Billing.Shared.Results.Result`1[[Billing.Application.Common.PagedResult`1[[Billing.Application.DTOs.CustomerDto, Billing.Application, Version=1.0.0.0, Culture=neutral, PublicKeyToken=null]], Billing.Application, Version=1.0.0.0, Culture=neutral, PublicKeyToken=null]]'.
2026-08-08 18:38:14.723 +05:30 [INF] Executed action Billing.API.Controllers.CustomersController.GetCustomers (Billing.API) in 24.8354ms
2026-08-08 18:38:14.723 +05:30 [INF] Executed endpoint 'Billing.API.Controllers.CustomersController.GetCustomers (Billing.API)'
2026-08-08 18:38:14.723 +05:30 [INF] HTTP GET /api/customers responded 200 in 30.4049 ms
2026-08-08 18:38:14.723 +05:30 [INF] Request finished HTTP/1.1 GET http://localhost:5000/api/customers?page=1&pageSize=50 - 200 null application/json; charset=utf-8 31.4276ms
2026-08-08 18:38:23.246 +05:30 [INF] Request starting HTTP/1.1 GET http://localhost:5000/api/dashboard?from=2026-07-09&to=2026-08-08 - null null
2026-08-08 18:38:23.246 +05:30 [INF] Executing endpoint 'Billing.API.Controllers.DashboardController.GetDashboard (Billing.API)'
2026-08-08 18:38:23.246 +05:30 [INF] Route matched with {action = "GetDashboard", controller = "Dashboard"}. Executing controller action with signature System.Threading.Tasks.Task`1[Microsoft.AspNetCore.Mvc.IActionResult] GetDashboard(System.Nullable`1[System.DateTime], System.Nullable`1[System.DateTime], System.Threading.CancellationToken) on controller Billing.API.Controllers.DashboardController (Billing.API).
2026-08-08 18:38:23.250 +05:30 [INF] Handling GetDashboardQuery
2026-08-08 18:38:23.434 +05:30 [INF] Handled GetDashboardQuery in 184ms
2026-08-08 18:38:23.434 +05:30 [INF] Executing OkObjectResult, writing value of type 'Billing.Shared.Results.Result`1[[Billing.Application.DTOs.DashboardDto, Billing.Application, Version=1.0.0.0, Culture=neutral, PublicKeyToken=null]]'.
2026-08-08 18:38:23.435 +05:30 [INF] Executed action Billing.API.Controllers.DashboardController.GetDashboard (Billing.API) in 188.3473ms
2026-08-08 18:38:23.435 +05:30 [INF] Executed endpoint 'Billing.API.Controllers.DashboardController.GetDashboard (Billing.API)'
2026-08-08 18:38:23.435 +05:30 [INF] HTTP GET /api/dashboard responded 200 in 189.1214 ms
2026-08-08 18:38:23.435 +05:30 [INF] Request finished HTTP/1.1 GET http://localhost:5000/api/dashboard?from=2026-07-09&to=2026-08-08 - 200 null application/json; charset=utf-8 189.2845ms
2026-08-08 18:38:26.130 +05:30 [INF] Request starting HTTP/1.1 GET http://localhost:5000/api/products/search?term=wa&limit=20 - null null
2026-08-08 18:38:26.131 +05:30 [INF] Executing endpoint 'Billing.API.Controllers.ProductsController.Search (Billing.API)'
2026-08-08 18:38:26.131 +05:30 [INF] Route matched with {action = "Search", controller = "Products"}. Executing controller action with signature System.Threading.Tasks.Task`1[Microsoft.AspNetCore.Mvc.IActionResult] Search(System.String, Int32, System.Threading.CancellationToken) on controller Billing.API.Controllers.ProductsController (Billing.API).
2026-08-08 18:38:26.133 +05:30 [INF] Handling SearchProductsQuery
2026-08-08 18:38:26.177 +05:30 [INF] Handled SearchProductsQuery in 44ms
2026-08-08 18:38:26.177 +05:30 [INF] Executing OkObjectResult, writing value of type 'Billing.Shared.Results.Result`1[[System.Collections.Generic.IReadOnlyList`1[[Billing.Application.DTOs.Products.ProductDto, Billing.Application, Version=1.0.0.0, Culture=neutral, PublicKeyToken=null]], System.Private.CoreLib, Version=9.0.0.0, Culture=neutral, PublicKeyToken=7cec85d7bea7798e]]'.
2026-08-08 18:38:26.178 +05:30 [INF] Executed action Billing.API.Controllers.ProductsController.Search (Billing.API) in 46.8359ms
2026-08-08 18:38:26.178 +05:30 [INF] Executed endpoint 'Billing.API.Controllers.ProductsController.Search (Billing.API)'
2026-08-08 18:38:26.178 +05:30 [INF] HTTP GET /api/products/search responded 200 in 47.8169 ms
2026-08-08 18:38:26.178 +05:30 [INF] Request finished HTTP/1.1 GET http://localhost:5000/api/products/search?term=wa&limit=20 - 200 null application/json; charset=utf-8 48.0846ms
2026-08-08 18:39:02.455 +05:30 [INF] Request starting HTTP/1.1 GET http://localhost:5000/api/products?page=1&pageSize=10 - null null
2026-08-08 18:39:02.456 +05:30 [INF] Executing endpoint 'Billing.API.Controllers.ProductsController.GetProducts (Billing.API)'
2026-08-08 18:39:02.456 +05:30 [INF] Route matched with {action = "GetProducts", controller = "Products"}. Executing controller action with signature System.Threading.Tasks.Task`1[Microsoft.AspNetCore.Mvc.IActionResult] GetProducts(Int32, Int32, System.String, System.String, Boolean, System.Threading.CancellationToken) on controller Billing.API.Controllers.ProductsController (Billing.API).
2026-08-08 18:39:02.461 +05:30 [INF] Handling GetProductsQuery
2026-08-08 18:39:02.485 +05:30 [INF] Handled GetProductsQuery in 23ms
2026-08-08 18:39:02.485 +05:30 [INF] Executing OkObjectResult, writing value of type 'Billing.Shared.Results.Result`1[[Billing.Application.Common.PagedResult`1[[Billing.Application.DTOs.Products.ProductDto, Billing.Application, Version=1.0.0.0, Culture=neutral, PublicKeyToken=null]], Billing.Application, Version=1.0.0.0, Culture=neutral, PublicKeyToken=null]]'.
2026-08-08 18:39:02.487 +05:30 [INF] Executed action Billing.API.Controllers.ProductsController.GetProducts (Billing.API) in 30.7802ms
2026-08-08 18:39:02.487 +05:30 [INF] Executed endpoint 'Billing.API.Controllers.ProductsController.GetProducts (Billing.API)'
2026-08-08 18:39:02.487 +05:30 [INF] HTTP GET /api/products responded 200 in 31.5401 ms
2026-08-08 18:39:02.487 +05:30 [INF] Request finished HTTP/1.1 GET http://localhost:5000/api/products?page=1&pageSize=10 - 200 null application/json; charset=utf-8 31.7027ms
2026-08-08 18:39:08.977 +05:30 [INF] Request starting HTTP/1.1 GET http://localhost:5000/api/products/44444444-0000-0000-0000-000000000001 - null null
2026-08-08 18:39:08.989 +05:30 [INF] Executing endpoint 'Billing.API.Controllers.ProductsController.GetProduct (Billing.API)'
2026-08-08 18:39:09.030 +05:30 [INF] Route matched with {action = "GetProduct", controller = "Products"}. Executing controller action with signature System.Threading.Tasks.Task`1[Microsoft.AspNetCore.Mvc.IActionResult] GetProduct(System.Guid, System.Threading.CancellationToken) on controller Billing.API.Controllers.ProductsController (Billing.API).
2026-08-08 18:39:09.051 +05:30 [INF] Handling GetProductByIdQuery
2026-08-08 18:39:09.080 +05:30 [INF] Handled GetProductByIdQuery in 29ms
2026-08-08 18:39:09.081 +05:30 [INF] Executing OkObjectResult, writing value of type 'Billing.Shared.Results.Result`1[[Billing.Application.DTOs.Products.ProductDto, Billing.Application, Version=1.0.0.0, Culture=neutral, PublicKeyToken=null]]'.
2026-08-08 18:39:09.088 +05:30 [INF] Executed action Billing.API.Controllers.ProductsController.GetProduct (Billing.API) in 58.0905ms
2026-08-08 18:39:09.088 +05:30 [INF] Executed endpoint 'Billing.API.Controllers.ProductsController.GetProduct (Billing.API)'
2026-08-08 18:39:09.088 +05:30 [INF] HTTP GET /api/products/44444444-0000-0000-0000-000000000001 responded 200 in 101.7243 ms
2026-08-08 18:39:09.088 +05:30 [INF] Request finished HTTP/1.1 GET http://localhost:5000/api/products/44444444-0000-0000-0000-000000000001 - 200 null application/json; charset=utf-8 111.1262ms
2026-08-08 18:39:22.055 +05:30 [INF] Request starting HTTP/1.1 PUT http://localhost:5000/api/products/44444444-0000-0000-0000-000000000001 - application/json 397
2026-08-08 18:39:22.058 +05:30 [INF] CORS policy execution successful.
2026-08-08 18:39:22.060 +05:30 [INF] Executing endpoint 'Billing.API.Controllers.ProductsController.UpdateProduct (Billing.API)'
2026-08-08 18:39:22.069 +05:30 [INF] Route matched with {action = "UpdateProduct", controller = "Products"}. Executing controller action with signature System.Threading.Tasks.Task`1[Microsoft.AspNetCore.Mvc.IActionResult] UpdateProduct(System.Guid, Billing.Application.DTOs.Products.UpdateProductRequest, System.Threading.CancellationToken) on controller Billing.API.Controllers.ProductsController (Billing.API).
2026-08-08 18:39:22.141 +05:30 [INF] Handling UpdateProductCommand
2026-08-08 18:39:22.367 +05:30 [INF] Handled UpdateProductCommand in 226ms
2026-08-08 18:39:22.368 +05:30 [INF] Executing OkObjectResult, writing value of type 'Billing.Shared.Results.Result'.
2026-08-08 18:39:22.371 +05:30 [INF] Executed action Billing.API.Controllers.ProductsController.UpdateProduct (Billing.API) in 302.1174ms
2026-08-08 18:39:22.372 +05:30 [INF] Executed endpoint 'Billing.API.Controllers.ProductsController.UpdateProduct (Billing.API)'
2026-08-08 18:39:22.372 +05:30 [INF] HTTP PUT /api/products/44444444-0000-0000-0000-000000000001 responded 200 in 316.2225 ms
2026-08-08 18:39:22.372 +05:30 [INF] Request finished HTTP/1.1 PUT http://localhost:5000/api/products/44444444-0000-0000-0000-000000000001 - 200 null application/json; charset=utf-8 316.9125ms
2026-08-08 18:39:22.406 +05:30 [INF] Request starting HTTP/1.1 GET http://localhost:5000/api/products/44444444-0000-0000-0000-000000000001 - null null
2026-08-08 18:39:22.407 +05:30 [INF] Executing endpoint 'Billing.API.Controllers.ProductsController.GetProduct (Billing.API)'
2026-08-08 18:39:22.407 +05:30 [INF] Route matched with {action = "GetProduct", controller = "Products"}. Executing controller action with signature System.Threading.Tasks.Task`1[Microsoft.AspNetCore.Mvc.IActionResult] GetProduct(System.Guid, System.Threading.CancellationToken) on controller Billing.API.Controllers.ProductsController (Billing.API).
2026-08-08 18:39:22.409 +05:30 [INF] Handling GetProductByIdQuery
2026-08-08 18:39:22.413 +05:30 [INF] Handled GetProductByIdQuery in 3ms
2026-08-08 18:39:22.413 +05:30 [INF] Executing OkObjectResult, writing value of type 'Billing.Shared.Results.Result`1[[Billing.Application.DTOs.Products.ProductDto, Billing.Application, Version=1.0.0.0, Culture=neutral, PublicKeyToken=null]]'.
2026-08-08 18:39:22.413 +05:30 [INF] Executed action Billing.API.Controllers.ProductsController.GetProduct (Billing.API) in 5.9879ms
2026-08-08 18:39:22.413 +05:30 [INF] Executed endpoint 'Billing.API.Controllers.ProductsController.GetProduct (Billing.API)'
2026-08-08 18:39:22.413 +05:30 [INF] HTTP GET /api/products/44444444-0000-0000-0000-000000000001 responded 200 in 7.3819 ms
2026-08-08 18:39:22.413 +05:30 [INF] Request finished HTTP/1.1 GET http://localhost:5000/api/products/44444444-0000-0000-0000-000000000001 - 200 null application/json; charset=utf-8 7.807ms
2026-08-08 18:39:22.502 +05:30 [INF] Request starting HTTP/1.1 GET http://localhost:5000/api/products?page=1&pageSize=10 - null null
2026-08-08 18:39:22.502 +05:30 [INF] Executing endpoint 'Billing.API.Controllers.ProductsController.GetProducts (Billing.API)'
2026-08-08 18:39:22.502 +05:30 [INF] Route matched with {action = "GetProducts", controller = "Products"}. Executing controller action with signature System.Threading.Tasks.Task`1[Microsoft.AspNetCore.Mvc.IActionResult] GetProducts(Int32, Int32, System.String, System.String, Boolean, System.Threading.CancellationToken) on controller Billing.API.Controllers.ProductsController (Billing.API).
2026-08-08 18:39:22.503 +05:30 [INF] Handling GetProductsQuery
2026-08-08 18:39:22.538 +05:30 [INF] Handled GetProductsQuery in 35ms
2026-08-08 18:39:22.538 +05:30 [INF] Executing OkObjectResult, writing value of type 'Billing.Shared.Results.Result`1[[Billing.Application.Common.PagedResult`1[[Billing.Application.DTOs.Products.ProductDto, Billing.Application, Version=1.0.0.0, Culture=neutral, PublicKeyToken=null]], Billing.Application, Version=1.0.0.0, Culture=neutral, PublicKeyToken=null]]'.
2026-08-08 18:39:22.538 +05:30 [INF] Executed action Billing.API.Controllers.ProductsController.GetProducts (Billing.API) in 35.6609ms
2026-08-08 18:39:22.538 +05:30 [INF] Executed endpoint 'Billing.API.Controllers.ProductsController.GetProducts (Billing.API)'
2026-08-08 18:39:22.538 +05:30 [INF] HTTP GET /api/products responded 200 in 36.4254 ms
2026-08-08 18:39:22.538 +05:30 [INF] Request finished HTTP/1.1 GET http://localhost:5000/api/products?page=1&pageSize=10 - 200 null application/json; charset=utf-8 36.7058ms
2026-08-08 18:39:26.105 +05:30 [INF] Request starting HTTP/1.1 GET http://localhost:5000/api/sales?page=1&pageSize=10 - null null
2026-08-08 18:39:26.105 +05:30 [INF] Executing endpoint 'Billing.API.Controllers.SalesController.GetSales (Billing.API)'
2026-08-08 18:39:26.106 +05:30 [INF] Route matched with {action = "GetSales", controller = "Sales"}. Executing controller action with signature System.Threading.Tasks.Task`1[Microsoft.AspNetCore.Mvc.IActionResult] GetSales(System.Nullable`1[System.DateTime], System.Nullable`1[System.DateTime], Int32, Int32, System.Threading.CancellationToken) on controller Billing.API.Controllers.SalesController (Billing.API).
2026-08-08 18:39:26.111 +05:30 [INF] Handling GetSalesQuery
2026-08-08 18:39:26.152 +05:30 [INF] Handled GetSalesQuery in 41ms
2026-08-08 18:39:26.152 +05:30 [INF] Executing OkObjectResult, writing value of type 'Billing.Shared.Results.Result`1[[Billing.Application.Common.PagedResult`1[[Billing.Application.DTOs.Sales.SaleDto, Billing.Application, Version=1.0.0.0, Culture=neutral, PublicKeyToken=null]], Billing.Application, Version=1.0.0.0, Culture=neutral, PublicKeyToken=null]]'.
2026-08-08 18:39:26.154 +05:30 [INF] Executed action Billing.API.Controllers.SalesController.GetSales (Billing.API) in 48.3205ms
2026-08-08 18:39:26.154 +05:30 [INF] Executed endpoint 'Billing.API.Controllers.SalesController.GetSales (Billing.API)'
2026-08-08 18:39:26.154 +05:30 [INF] HTTP GET /api/sales responded 200 in 49.5036 ms
2026-08-08 18:39:26.154 +05:30 [INF] Request finished HTTP/1.1 GET http://localhost:5000/api/sales?page=1&pageSize=10 - 200 null application/json; charset=utf-8 49.7677ms
2026-08-08 18:44:38.867 +05:30 [INF] Request starting HTTP/1.1 GET http://localhost:5000/api/customers?page=1&pageSize=50 - null null
2026-08-08 18:44:38.867 +05:30 [INF] Executing endpoint 'Billing.API.Controllers.CustomersController.GetCustomers (Billing.API)'
2026-08-08 18:44:38.867 +05:30 [INF] Route matched with {action = "GetCustomers", controller = "Customers"}. Executing controller action with signature System.Threading.Tasks.Task`1[Microsoft.AspNetCore.Mvc.IActionResult] GetCustomers(Int32, Int32, System.String, System.Threading.CancellationToken) on controller Billing.API.Controllers.CustomersController (Billing.API).
2026-08-08 18:44:38.868 +05:30 [INF] Handling GetCustomersQuery
2026-08-08 18:44:38.909 +05:30 [INF] Handled GetCustomersQuery in 41ms
2026-08-08 18:44:38.909 +05:30 [INF] Executing OkObjectResult, writing value of type 'Billing.Shared.Results.Result`1[[Billing.Application.Common.PagedResult`1[[Billing.Application.DTOs.CustomerDto, Billing.Application, Version=1.0.0.0, Culture=neutral, PublicKeyToken=null]], Billing.Application, Version=1.0.0.0, Culture=neutral, PublicKeyToken=null]]'.
2026-08-08 18:44:38.909 +05:30 [INF] Executed action Billing.API.Controllers.CustomersController.GetCustomers (Billing.API) in 41.7356ms
2026-08-08 18:44:38.909 +05:30 [INF] Executed endpoint 'Billing.API.Controllers.CustomersController.GetCustomers (Billing.API)'
2026-08-08 18:44:38.909 +05:30 [INF] HTTP GET /api/customers responded 200 in 42.5959 ms
2026-08-08 18:44:38.909 +05:30 [INF] Request finished HTTP/1.1 GET http://localhost:5000/api/customers?page=1&pageSize=50 - 200 null application/json; charset=utf-8 42.7696ms
2026-08-08 18:44:41.450 +05:30 [INF] Request starting HTTP/1.1 GET http://localhost:5000/api/dashboard?from=2026-07-09&to=2026-08-08 - null null
2026-08-08 18:44:41.452 +05:30 [INF] Executing endpoint 'Billing.API.Controllers.DashboardController.GetDashboard (Billing.API)'
2026-08-08 18:44:41.452 +05:30 [INF] Route matched with {action = "GetDashboard", controller = "Dashboard"}. Executing controller action with signature System.Threading.Tasks.Task`1[Microsoft.AspNetCore.Mvc.IActionResult] GetDashboard(System.Nullable`1[System.DateTime], System.Nullable`1[System.DateTime], System.Threading.CancellationToken) on controller Billing.API.Controllers.DashboardController (Billing.API).
2026-08-08 18:44:41.453 +05:30 [INF] Handling GetDashboardQuery
2026-08-08 18:44:41.586 +05:30 [INF] Handled GetDashboardQuery in 132ms
2026-08-08 18:44:41.586 +05:30 [INF] Executing OkObjectResult, writing value of type 'Billing.Shared.Results.Result`1[[Billing.Application.DTOs.DashboardDto, Billing.Application, Version=1.0.0.0, Culture=neutral, PublicKeyToken=null]]'.
2026-08-08 18:44:41.586 +05:30 [INF] Executed action Billing.API.Controllers.DashboardController.GetDashboard (Billing.API) in 133.6668ms
2026-08-08 18:44:41.586 +05:30 [INF] Executed endpoint 'Billing.API.Controllers.DashboardController.GetDashboard (Billing.API)'
2026-08-08 18:44:41.586 +05:30 [INF] HTTP GET /api/dashboard responded 200 in 135.8308 ms
2026-08-08 18:44:41.586 +05:30 [INF] Request finished HTTP/1.1 GET http://localhost:5000/api/dashboard?from=2026-07-09&to=2026-08-08 - 200 null application/json; charset=utf-8 136.1017ms
2026-08-08 18:44:44.468 +05:30 [INF] Request starting HTTP/1.1 GET http://localhost:5000/api/suppliers?page=1&pageSize=10 - null null
2026-08-08 18:44:44.468 +05:30 [INF] Executing endpoint 'Billing.API.Controllers.SuppliersController.GetSuppliers (Billing.API)'
2026-08-08 18:44:44.468 +05:30 [INF] Route matched with {action = "GetSuppliers", controller = "Suppliers"}. Executing controller action with signature System.Threading.Tasks.Task`1[Microsoft.AspNetCore.Mvc.IActionResult] GetSuppliers(Int32, Int32, System.String, System.Threading.CancellationToken) on controller Billing.API.Controllers.SuppliersController (Billing.API).
2026-08-08 18:44:44.468 +05:30 [INF] Handling GetSuppliersQuery
2026-08-08 18:44:44.560 +05:30 [INF] Handled GetSuppliersQuery in 91ms
2026-08-08 18:44:44.560 +05:30 [INF] Executing OkObjectResult, writing value of type 'Billing.Shared.Results.Result`1[[Billing.Application.Common.PagedResult`1[[Billing.Application.DTOs.SupplierDto, Billing.Application, Version=1.0.0.0, Culture=neutral, PublicKeyToken=null]], Billing.Application, Version=1.0.0.0, Culture=neutral, PublicKeyToken=null]]'.
2026-08-08 18:44:44.560 +05:30 [INF] Executed action Billing.API.Controllers.SuppliersController.GetSuppliers (Billing.API) in 92.2288ms
2026-08-08 18:44:44.560 +05:30 [INF] Executed endpoint 'Billing.API.Controllers.SuppliersController.GetSuppliers (Billing.API)'
2026-08-08 18:44:44.561 +05:30 [INF] HTTP GET /api/suppliers responded 200 in 92.7976 ms
2026-08-08 18:44:44.561 +05:30 [INF] Request finished HTTP/1.1 GET http://localhost:5000/api/suppliers?page=1&pageSize=10 - 200 null application/json; charset=utf-8 92.9309ms
2026-08-08 18:44:52.048 +05:30 [INF] Request starting HTTP/1.1 GET http://localhost:5000/api/suppliers?page=1&pageSize=10 - null null
2026-08-08 18:44:52.048 +05:30 [INF] Executing endpoint 'Billing.API.Controllers.SuppliersController.GetSuppliers (Billing.API)'
2026-08-08 18:44:52.048 +05:30 [INF] Route matched with {action = "GetSuppliers", controller = "Suppliers"}. Executing controller action with signature System.Threading.Tasks.Task`1[Microsoft.AspNetCore.Mvc.IActionResult] GetSuppliers(Int32, Int32, System.String, System.Threading.CancellationToken) on controller Billing.API.Controllers.SuppliersController (Billing.API).
2026-08-08 18:44:52.049 +05:30 [INF] Handling GetSuppliersQuery
2026-08-08 18:44:52.061 +05:30 [INF] Handled GetSuppliersQuery in 11ms
2026-08-08 18:44:52.061 +05:30 [INF] Executing OkObjectResult, writing value of type 'Billing.Shared.Results.Result`1[[Billing.Application.Common.PagedResult`1[[Billing.Application.DTOs.SupplierDto, Billing.Application, Version=1.0.0.0, Culture=neutral, PublicKeyToken=null]], Billing.Application, Version=1.0.0.0, Culture=neutral, PublicKeyToken=null]]'.
2026-08-08 18:44:52.061 +05:30 [INF] Executed action Billing.API.Controllers.SuppliersController.GetSuppliers (Billing.API) in 12.5124ms
2026-08-08 18:44:52.061 +05:30 [INF] Executed endpoint 'Billing.API.Controllers.SuppliersController.GetSuppliers (Billing.API)'
2026-08-08 18:44:52.061 +05:30 [INF] HTTP GET /api/suppliers responded 200 in 13.0053 ms
2026-08-08 18:44:52.061 +05:30 [INF] Request finished HTTP/1.1 GET http://localhost:5000/api/suppliers?page=1&pageSize=10 - 200 null application/json; charset=utf-8 13.1057ms
2026-08-08 18:53:16.126 +05:30 [INF] User profile is available. Using 'C:\Users\susha\AppData\Local\ASP.NET\DataProtection-Keys' as key repository and Windows DPAPI to encrypt keys at rest.
2026-08-08 18:53:16.234 +05:30 [INF] Now listening on: http://localhost:5000
2026-08-08 18:53:16.236 +05:30 [INF] Application started. Press Ctrl+C to shut down.
2026-08-08 18:53:16.237 +05:30 [INF] Hosting environment: Development
2026-08-08 18:53:16.237 +05:30 [INF] Content root path: D:\Projects\ERP\NewShop\src\Billing.API
2026-08-08 18:55:19.622 +05:30 [INF] Request starting HTTP/1.1 GET http://localhost:5000/ - null null
2026-08-08 18:55:19.780 +05:30 [INF] HTTP GET / responded 404 in 113.4047 ms
2026-08-08 18:55:19.794 +05:30 [INF] Request finished HTTP/1.1 GET http://localhost:5000/ - 404 0 null 174.4044ms
2026-08-08 18:55:19.797 +05:30 [INF] Request reached the end of the middleware pipeline without being handled by application code. Request path: GET http://localhost:5000/, Response status code: 404
2026-08-08 18:55:21.626 +05:30 [INF] Request starting HTTP/1.1 GET http://localhost:5000/ - null null
2026-08-08 18:55:21.629 +05:30 [INF] HTTP GET / responded 404 in 3.4749 ms
2026-08-08 18:55:21.630 +05:30 [INF] Request finished HTTP/1.1 GET http://localhost:5000/ - 404 0 null 4.4216ms
2026-08-08 18:55:21.630 +05:30 [INF] Request reached the end of the middleware pipeline without being handled by application code. Request path: GET http://localhost:5000/, Response status code: 404
2026-08-08 18:56:50.050 +05:30 [INF] Request starting HTTP/1.1 GET http://localhost:5000/api/dashboard?from=2026-07-09&to=2026-08-08 - null null
2026-08-08 18:56:50.133 +05:30 [INF] Failed to validate the token.
Microsoft.IdentityModel.Tokens.SecurityTokenExpiredException: IDX10223: Lifetime validation failed. The token is expired. ValidTo (UTC): '8/8/2026 1:15:54 PM', Current time (UTC): '8/8/2026 1:26:50 PM'.
   at Microsoft.IdentityModel.Tokens.ValidatorUtilities.ValidateLifetime(Nullable`1 notBefore, Nullable`1 expires, SecurityToken securityToken, TokenValidationParameters validationParameters)
   at Microsoft.IdentityModel.Tokens.Validators.ValidateLifetime(Nullable`1 notBefore, Nullable`1 expires, SecurityToken securityToken, TokenValidationParameters validationParameters)
   at Microsoft.IdentityModel.JsonWebTokens.JsonWebTokenHandler.ValidateTokenPayloadAsync(JsonWebToken jsonWebToken, TokenValidationParameters validationParameters, BaseConfiguration configuration)
   at Microsoft.IdentityModel.JsonWebTokens.JsonWebTokenHandler.ValidateJWSAsync(JsonWebToken jsonWebToken, TokenValidationParameters validationParameters, BaseConfiguration configuration)
2026-08-08 18:56:50.136 +05:30 [INF] Bearer was not authenticated. Failure message: IDX10223: Lifetime validation failed. The token is expired. ValidTo (UTC): '8/8/2026 1:15:54 PM', Current time (UTC): '8/8/2026 1:26:50 PM'.
2026-08-08 18:56:50.143 +05:30 [INF] Authorization failed. These requirements were not met:
DenyAnonymousAuthorizationRequirement: Requires an authenticated user.
Billing.Identity.Authorization.PermissionRequirement
2026-08-08 18:56:50.147 +05:30 [INF] AuthenticationScheme: Bearer was challenged.
2026-08-08 18:56:50.147 +05:30 [INF] HTTP GET /api/dashboard responded 401 in 93.8760 ms
2026-08-08 18:56:50.147 +05:30 [INF] Request finished HTTP/1.1 GET http://localhost:5000/api/dashboard?from=2026-07-09&to=2026-08-08 - 401 0 null 97.5831ms
2026-08-08 18:56:50.160 +05:30 [INF] Request starting HTTP/1.1 POST http://localhost:5000/api/auth/refresh - application/json 1640
2026-08-08 18:56:50.163 +05:30 [INF] CORS policy execution successful.
2026-08-08 18:56:50.165 +05:30 [INF] Failed to validate the token.
Microsoft.IdentityModel.Tokens.SecurityTokenExpiredException: IDX10223: Lifetime validation failed. The token is expired. ValidTo (UTC): '8/8/2026 1:15:54 PM', Current time (UTC): '8/8/2026 1:26:50 PM'.
   at Microsoft.IdentityModel.Tokens.ValidatorUtilities.ValidateLifetime(Nullable`1 notBefore, Nullable`1 expires, SecurityToken securityToken, TokenValidationParameters validationParameters)
   at Microsoft.IdentityModel.Tokens.Validators.ValidateLifetime(Nullable`1 notBefore, Nullable`1 expires, SecurityToken securityToken, TokenValidationParameters validationParameters)
   at Microsoft.IdentityModel.JsonWebTokens.JsonWebTokenHandler.ValidateTokenPayloadAsync(JsonWebToken jsonWebToken, TokenValidationParameters validationParameters, BaseConfiguration configuration)
   at Microsoft.IdentityModel.JsonWebTokens.JsonWebTokenHandler.ValidateJWSAsync(JsonWebToken jsonWebToken, TokenValidationParameters validationParameters, BaseConfiguration configuration)
2026-08-08 18:56:50.165 +05:30 [INF] Bearer was not authenticated. Failure message: IDX10223: Lifetime validation failed. The token is expired. ValidTo (UTC): '8/8/2026 1:15:54 PM', Current time (UTC): '8/8/2026 1:26:50 PM'.
2026-08-08 18:56:50.167 +05:30 [INF] Executing endpoint 'Billing.API.Controllers.AuthController.Refresh (Billing.API)'
2026-08-08 18:56:50.203 +05:30 [INF] Route matched with {action = "Refresh", controller = "Auth"}. Executing controller action with signature System.Threading.Tasks.Task`1[Microsoft.AspNetCore.Mvc.IActionResult] Refresh(Billing.Application.DTOs.Auth.RefreshRequest, System.Threading.CancellationToken) on controller Billing.API.Controllers.AuthController (Billing.API).
2026-08-08 18:56:51.023 +05:30 [INF] Executing OkObjectResult, writing value of type 'Billing.Shared.Results.Result`1[[Billing.Application.DTOs.Auth.RefreshResponse, Billing.Application, Version=1.0.0.0, Culture=neutral, PublicKeyToken=null]]'.
2026-08-08 18:56:51.063 +05:30 [INF] Executed action Billing.API.Controllers.AuthController.Refresh (Billing.API) in 857.1378ms
2026-08-08 18:56:51.064 +05:30 [INF] Executed endpoint 'Billing.API.Controllers.AuthController.Refresh (Billing.API)'
2026-08-08 18:56:51.065 +05:30 [INF] HTTP POST /api/auth/refresh responded 200 in 902.9213 ms
2026-08-08 18:56:51.077 +05:30 [INF] Request finished HTTP/1.1 POST http://localhost:5000/api/auth/refresh - 200 null application/json; charset=utf-8 916.5844ms
2026-08-08 18:56:51.080 +05:30 [INF] Request starting HTTP/1.1 GET http://localhost:5000/api/dashboard?from=2026-07-09&to=2026-08-08 - null null
2026-08-08 18:56:51.094 +05:30 [INF] Executing endpoint 'Billing.API.Controllers.DashboardController.GetDashboard (Billing.API)'
2026-08-08 18:56:51.104 +05:30 [INF] Route matched with {action = "GetDashboard", controller = "Dashboard"}. Executing controller action with signature System.Threading.Tasks.Task`1[Microsoft.AspNetCore.Mvc.IActionResult] GetDashboard(System.Nullable`1[System.DateTime], System.Nullable`1[System.DateTime], System.Threading.CancellationToken) on controller Billing.API.Controllers.DashboardController (Billing.API).
2026-08-08 18:56:51.122 +05:30 [INF] Handling GetDashboardQuery
2026-08-08 18:56:59.368 +05:30 [WRN] Redis connection failed; falling back to in-memory cache.
StackExchange.Redis.RedisConnectionException: It was not possible to connect to the redis server(s). Error connecting right now. To allow this multiplexer to continue retrying until it's able to connect, use abortConnect=false in your connection string or AbortOnConnectFail=false; in your code.
   at StackExchange.Redis.ConnectionMultiplexer.ConnectImplAsync(ConfigurationOptions configuration, TextWriter writer, Nullable`1 serverType) in /_/src/StackExchange.Redis/ConnectionMultiplexer.cs:line 620
   at Billing.Infrastructure.Caching.RedisCacheService.GetDatabaseAsync() in D:\Projects\ERP\NewShop\src\Billing.Infrastructure\Caching\RedisCacheService.cs:line 44
2026-08-08 18:57:05.100 +05:30 [INF] Handled GetDashboardQuery in 13977ms
2026-08-08 18:57:05.101 +05:30 [INF] Executing OkObjectResult, writing value of type 'Billing.Shared.Results.Result`1[[Billing.Application.DTOs.DashboardDto, Billing.Application, Version=1.0.0.0, Culture=neutral, PublicKeyToken=null]]'.
2026-08-08 18:57:05.141 +05:30 [INF] Executed action Billing.API.Controllers.DashboardController.GetDashboard (Billing.API) in 14037.5843ms
2026-08-08 18:57:05.142 +05:30 [INF] Executed endpoint 'Billing.API.Controllers.DashboardController.GetDashboard (Billing.API)'
2026-08-08 18:57:05.142 +05:30 [INF] HTTP GET /api/dashboard responded 200 in 14062.0390 ms
2026-08-08 18:57:05.143 +05:30 [INF] Request finished HTTP/1.1 GET http://localhost:5000/api/dashboard?from=2026-07-09&to=2026-08-08 - 200 null application/json; charset=utf-8 14062.8633ms
2026-08-08 18:57:05.738 +05:30 [INF] Request starting HTTP/1.1 GET http://localhost:5000/api/sales?page=1&pageSize=10 - null null
2026-08-08 18:57:05.743 +05:30 [INF] Executing endpoint 'Billing.API.Controllers.SalesController.GetSales (Billing.API)'
2026-08-08 18:57:05.752 +05:30 [INF] Route matched with {action = "GetSales", controller = "Sales"}. Executing controller action with signature System.Threading.Tasks.Task`1[Microsoft.AspNetCore.Mvc.IActionResult] GetSales(System.Nullable`1[System.DateTime], System.Nullable`1[System.DateTime], Int32, Int32, System.Threading.CancellationToken) on controller Billing.API.Controllers.SalesController (Billing.API).
2026-08-08 18:57:05.760 +05:30 [INF] Handling GetSalesQuery
2026-08-08 18:57:13.766 +05:30 [INF] Request starting HTTP/1.1 GET http://localhost:5000/api/customers?page=1&pageSize=50 - null null
2026-08-08 18:57:13.768 +05:30 [INF] Executing endpoint 'Billing.API.Controllers.CustomersController.GetCustomers (Billing.API)'
2026-08-08 18:57:13.774 +05:30 [INF] Route matched with {action = "GetCustomers", controller = "Customers"}. Executing controller action with signature System.Threading.Tasks.Task`1[Microsoft.AspNetCore.Mvc.IActionResult] GetCustomers(Int32, Int32, System.String, System.Threading.CancellationToken) on controller Billing.API.Controllers.CustomersController (Billing.API).
2026-08-08 18:57:13.777 +05:30 [INF] Handling GetCustomersQuery
2026-08-08 18:57:15.192 +05:30 [INF] Handled GetSalesQuery in 9432ms
2026-08-08 18:57:15.192 +05:30 [INF] Executing OkObjectResult, writing value of type 'Billing.Shared.Results.Result`1[[Billing.Application.Common.PagedResult`1[[Billing.Application.DTOs.Sales.SaleDto, Billing.Application, Version=1.0.0.0, Culture=neutral, PublicKeyToken=null]], Billing.Application, Version=1.0.0.0, Culture=neutral, PublicKeyToken=null]]'.
2026-08-08 18:57:15.234 +05:30 [INF] Handled GetCustomersQuery in 1456ms
2026-08-08 18:57:15.235 +05:30 [INF] Executing OkObjectResult, writing value of type 'Billing.Shared.Results.Result`1[[Billing.Application.Common.PagedResult`1[[Billing.Application.DTOs.CustomerDto, Billing.Application, Version=1.0.0.0, Culture=neutral, PublicKeyToken=null]], Billing.Application, Version=1.0.0.0, Culture=neutral, PublicKeyToken=null]]'.
2026-08-08 18:57:15.261 +05:30 [INF] Executed action Billing.API.Controllers.CustomersController.GetCustomers (Billing.API) in 1486.9171ms
2026-08-08 18:57:15.261 +05:30 [INF] Executed endpoint 'Billing.API.Controllers.CustomersController.GetCustomers (Billing.API)'
2026-08-08 18:57:15.261 +05:30 [INF] HTTP GET /api/customers responded 200 in 1494.8152 ms
2026-08-08 18:57:15.262 +05:30 [INF] Request finished HTTP/1.1 GET http://localhost:5000/api/customers?page=1&pageSize=50 - 200 null application/json; charset=utf-8 1496.4017ms
2026-08-08 18:57:15.269 +05:30 [INF] Executed action Billing.API.Controllers.SalesController.GetSales (Billing.API) in 9516.2164ms
2026-08-08 18:57:15.269 +05:30 [INF] Executed endpoint 'Billing.API.Controllers.SalesController.GetSales (Billing.API)'
2026-08-08 18:57:15.269 +05:30 [INF] HTTP GET /api/sales responded 200 in 9530.1646 ms
2026-08-08 18:57:15.269 +05:30 [INF] Request finished HTTP/1.1 GET http://localhost:5000/api/sales?page=1&pageSize=10 - 200 null application/json; charset=utf-8 9530.7081ms
2026-08-08 18:57:16.843 +05:30 [INF] Request starting HTTP/1.1 GET http://localhost:5000/api/products/search?term=WA&limit=20 - null null
2026-08-08 18:57:16.844 +05:30 [INF] Executing endpoint 'Billing.API.Controllers.ProductsController.Search (Billing.API)'
2026-08-08 18:57:16.853 +05:30 [INF] Route matched with {action = "Search", controller = "Products"}. Executing controller action with signature System.Threading.Tasks.Task`1[Microsoft.AspNetCore.Mvc.IActionResult] Search(System.String, Int32, System.Threading.CancellationToken) on controller Billing.API.Controllers.ProductsController (Billing.API).
2026-08-08 18:57:16.862 +05:30 [INF] Handling SearchProductsQuery
2026-08-08 18:57:16.938 +05:30 [INF] Handled SearchProductsQuery in 76ms
2026-08-08 18:57:16.939 +05:30 [INF] Executing OkObjectResult, writing value of type 'Billing.Shared.Results.Result`1[[System.Collections.Generic.IReadOnlyList`1[[Billing.Application.DTOs.Products.ProductDto, Billing.Application, Version=1.0.0.0, Culture=neutral, PublicKeyToken=null]], System.Private.CoreLib, Version=9.0.0.0, Culture=neutral, PublicKeyToken=7cec85d7bea7798e]]'.
2026-08-08 18:57:16.947 +05:30 [INF] Executed action Billing.API.Controllers.ProductsController.Search (Billing.API) in 93.4509ms
2026-08-08 18:57:16.947 +05:30 [INF] Executed endpoint 'Billing.API.Controllers.ProductsController.Search (Billing.API)'
2026-08-08 18:57:16.947 +05:30 [INF] HTTP GET /api/products/search responded 200 in 103.8271 ms
2026-08-08 18:57:16.947 +05:30 [INF] Request finished HTTP/1.1 GET http://localhost:5000/api/products/search?term=WA&limit=20 - 200 null application/json; charset=utf-8 104.379ms
2026-08-08 18:58:25.445 +05:30 [INF] Request starting HTTP/1.1 POST http://localhost:5000/api/sales - application/json 201
2026-08-08 18:58:25.454 +05:30 [INF] CORS policy execution successful.
2026-08-08 18:58:25.463 +05:30 [INF] Executing endpoint 'Billing.API.Controllers.SalesController.CreateSale (Billing.API)'
2026-08-08 18:58:25.478 +05:30 [INF] Route matched with {action = "CreateSale", controller = "Sales"}. Executing controller action with signature System.Threading.Tasks.Task`1[Microsoft.AspNetCore.Mvc.IActionResult] CreateSale(Billing.Application.DTOs.Sales.CreateSaleRequest, System.Threading.CancellationToken) on controller Billing.API.Controllers.SalesController (Billing.API).
2026-08-08 18:58:25.540 +05:30 [INF] Handling CreateSaleCommand
2026-08-08 18:58:25.804 +05:30 [ERR] Failed handling CreateSaleCommand after 264ms
Billing.Shared.Exceptions.ConflictException: Insufficient stock for product 'Mineral Water 1L'. Available: 0.000, Requested: 1
   at Billing.Application.Commands.Sales.CreateSaleHandler.Handle(CreateSaleCommand request, CancellationToken cancellationToken) in D:\Projects\ERP\NewShop\src\Billing.Application\Handlers\Sales\SaleCommandHandlers.cs:line 76
   at Billing.Application.Commands.Sales.CreateSaleHandler.Handle(CreateSaleCommand request, CancellationToken cancellationToken) in D:\Projects\ERP\NewShop\src\Billing.Application\Handlers\Sales\SaleCommandHandlers.cs:line 141
   at Billing.Application.Behaviors.LoggingBehavior`2.Handle(TRequest request, RequestHandlerDelegate`1 next, CancellationToken cancellationToken) in D:\Projects\ERP\NewShop\src\Billing.Application\Behaviors\PipelineBehaviors.cs:line 53
2026-08-08 18:58:25.808 +05:30 [INF] Executed action Billing.API.Controllers.SalesController.CreateSale (Billing.API) in 330.4174ms
2026-08-08 18:58:25.810 +05:30 [INF] Executed endpoint 'Billing.API.Controllers.SalesController.CreateSale (Billing.API)'
2026-08-08 18:58:25.818 +05:30 [WRN] Handled application exception (409). Path: /api/sales
Billing.Shared.Exceptions.ConflictException: Insufficient stock for product 'Mineral Water 1L'. Available: 0.000, Requested: 1
   at Billing.Application.Commands.Sales.CreateSaleHandler.Handle(CreateSaleCommand request, CancellationToken cancellationToken) in D:\Projects\ERP\NewShop\src\Billing.Application\Handlers\Sales\SaleCommandHandlers.cs:line 76
   at Billing.Application.Commands.Sales.CreateSaleHandler.Handle(CreateSaleCommand request, CancellationToken cancellationToken) in D:\Projects\ERP\NewShop\src\Billing.Application\Handlers\Sales\SaleCommandHandlers.cs:line 141
   at Billing.Application.Behaviors.LoggingBehavior`2.Handle(TRequest request, RequestHandlerDelegate`1 next, CancellationToken cancellationToken) in D:\Projects\ERP\NewShop\src\Billing.Application\Behaviors\PipelineBehaviors.cs:line 53
   at Billing.Application.Behaviors.ValidationBehavior`2.Handle(TRequest request, RequestHandlerDelegate`1 next, CancellationToken cancellationToken) in D:\Projects\ERP\NewShop\src\Billing.Application\Behaviors\PipelineBehaviors.cs:line 20
   at Billing.API.Controllers.SalesController.CreateSale(CreateSaleRequest request, CancellationToken cancellationToken) in D:\Projects\ERP\NewShop\src\Billing.API\Controllers\SalesController.cs:line 52
   at Microsoft.AspNetCore.Mvc.Infrastructure.ActionMethodExecutor.TaskOfIActionResultExecutor.Execute(ActionContext actionContext, IActionResultTypeMapper mapper, ObjectMethodExecutor executor, Object controller, Object[] arguments)
   at Microsoft.AspNetCore.Mvc.Infrastructure.ControllerActionInvoker.<InvokeActionMethodAsync>g__Awaited|12_0(ControllerActionInvoker invoker, ValueTask`1 actionResultValueTask)
   at Microsoft.AspNetCore.Mvc.Infrastructure.ControllerActionInvoker.<InvokeNextActionFilterAsync>g__Awaited|10_0(ControllerActionInvoker invoker, Task lastTask, State next, Scope scope, Object state, Boolean isCompleted)
   at Microsoft.AspNetCore.Mvc.Infrastructure.ControllerActionInvoker.Rethrow(ActionExecutedContextSealed context)
   at Microsoft.AspNetCore.Mvc.Infrastructure.ControllerActionInvoker.Next(State& next, Scope& scope, Object& state, Boolean& isCompleted)
   at Microsoft.AspNetCore.Mvc.Infrastructure.ControllerActionInvoker.<InvokeInnerFilterAsync>g__Awaited|13_0(ControllerActionInvoker invoker, Task lastTask, State next, Scope scope, Object state, Boolean isCompleted)
   at Microsoft.AspNetCore.Mvc.Infrastructure.ResourceInvoker.<InvokeFilterPipelineAsync>g__Awaited|20_0(ResourceInvoker invoker, Task lastTask, State next, Scope scope, Object state, Boolean isCompleted)
   at Microsoft.AspNetCore.Mvc.Infrastructure.ResourceInvoker.<InvokeAsync>g__Logged|17_1(ResourceInvoker invoker)
   at Microsoft.AspNetCore.Mvc.Infrastructure.ResourceInvoker.<InvokeAsync>g__Logged|17_1(ResourceInvoker invoker)
   at Microsoft.AspNetCore.Routing.EndpointMiddleware.<Invoke>g__AwaitRequestTask|7_0(Endpoint endpoint, Task requestTask, ILogger logger)
   at Microsoft.AspNetCore.Authorization.AuthorizationMiddleware.Invoke(HttpContext context)
   at Billing.Infrastructure.Middleware.TenantContextMiddleware.InvokeAsync(HttpContext context, ITenantContext tenantContext) in D:\Projects\ERP\NewShop\src\Billing.Infrastructure\Middleware\TenantContextMiddleware.cs:line 49
   at Microsoft.AspNetCore.Authentication.AuthenticationMiddleware.Invoke(HttpContext context)
   at Billing.Infrastructure.Middleware.GlobalExceptionMiddleware.InvokeAsync(HttpContext context) in D:\Projects\ERP\NewShop\src\Billing.Infrastructure\Middleware\GlobalExceptionMiddleware.cs:line 31
2026-08-08 18:58:25.832 +05:30 [INF] HTTP POST /api/sales responded 409 in 384.0667 ms
2026-08-08 18:58:25.833 +05:30 [INF] Request finished HTTP/1.1 POST http://localhost:5000/api/sales - 409 null application/json 388.6886ms
2026-08-08 19:00:05.577 +05:30 [INF] Request starting HTTP/1.1 GET http://localhost:5000/ - null null
2026-08-08 19:00:05.580 +05:30 [INF] HTTP GET / responded 404 in 0.3350 ms
2026-08-08 19:00:05.581 +05:30 [INF] Request finished HTTP/1.1 GET http://localhost:5000/ - 404 0 null 3.2996ms
2026-08-08 19:00:05.581 +05:30 [INF] Request reached the end of the middleware pipeline without being handled by application code. Request path: GET http://localhost:5000/, Response status code: 404
2026-08-08 19:01:15.185 +05:30 [INF] Request starting HTTP/1.1 GET http://localhost:5000/api/dashboard?from=2026-07-09&to=2026-08-08 - null null
2026-08-08 19:01:15.188 +05:30 [INF] Executing endpoint 'Billing.API.Controllers.DashboardController.GetDashboard (Billing.API)'
2026-08-08 19:01:15.189 +05:30 [INF] Route matched with {action = "GetDashboard", controller = "Dashboard"}. Executing controller action with signature System.Threading.Tasks.Task`1[Microsoft.AspNetCore.Mvc.IActionResult] GetDashboard(System.Nullable`1[System.DateTime], System.Nullable`1[System.DateTime], System.Threading.CancellationToken) on controller Billing.API.Controllers.DashboardController (Billing.API).
2026-08-08 19:01:15.196 +05:30 [INF] Handling GetDashboardQuery
2026-08-08 19:01:15.458 +05:30 [INF] Handled GetDashboardQuery in 262ms
2026-08-08 19:01:15.460 +05:30 [INF] Executing OkObjectResult, writing value of type 'Billing.Shared.Results.Result`1[[Billing.Application.DTOs.DashboardDto, Billing.Application, Version=1.0.0.0, Culture=neutral, PublicKeyToken=null]]'.
2026-08-08 19:01:15.467 +05:30 [INF] Executed action Billing.API.Controllers.DashboardController.GetDashboard (Billing.API) in 277.3645ms
2026-08-08 19:01:15.467 +05:30 [INF] Executed endpoint 'Billing.API.Controllers.DashboardController.GetDashboard (Billing.API)'
2026-08-08 19:01:15.467 +05:30 [INF] HTTP GET /api/dashboard responded 200 in 281.3783 ms
2026-08-08 19:01:15.467 +05:30 [INF] Request finished HTTP/1.1 GET http://localhost:5000/api/dashboard?from=2026-07-09&to=2026-08-08 - 200 null application/json; charset=utf-8 282.481ms
2026-08-08 19:01:22.955 +05:30 [INF] Request starting HTTP/1.1 GET http://localhost:5000/api/customers?page=1&pageSize=50 - null null
2026-08-08 19:01:22.957 +05:30 [INF] Executing endpoint 'Billing.API.Controllers.CustomersController.GetCustomers (Billing.API)'
2026-08-08 19:01:22.958 +05:30 [INF] Route matched with {action = "GetCustomers", controller = "Customers"}. Executing controller action with signature System.Threading.Tasks.Task`1[Microsoft.AspNetCore.Mvc.IActionResult] GetCustomers(Int32, Int32, System.String, System.Threading.CancellationToken) on controller Billing.API.Controllers.CustomersController (Billing.API).
2026-08-08 19:01:22.963 +05:30 [INF] Handling GetCustomersQuery
2026-08-08 19:01:23.091 +05:30 [INF] Handled GetCustomersQuery in 128ms
2026-08-08 19:01:23.091 +05:30 [INF] Executing OkObjectResult, writing value of type 'Billing.Shared.Results.Result`1[[Billing.Application.Common.PagedResult`1[[Billing.Application.DTOs.CustomerDto, Billing.Application, Version=1.0.0.0, Culture=neutral, PublicKeyToken=null]], Billing.Application, Version=1.0.0.0, Culture=neutral, PublicKeyToken=null]]'.
2026-08-08 19:01:23.094 +05:30 [INF] Executed action Billing.API.Controllers.CustomersController.GetCustomers (Billing.API) in 136.0016ms
2026-08-08 19:01:23.094 +05:30 [INF] Executed endpoint 'Billing.API.Controllers.CustomersController.GetCustomers (Billing.API)'
2026-08-08 19:01:23.094 +05:30 [INF] HTTP GET /api/customers responded 200 in 139.2158 ms
2026-08-08 19:01:23.095 +05:30 [INF] Request finished HTTP/1.1 GET http://localhost:5000/api/customers?page=1&pageSize=50 - 200 null application/json; charset=utf-8 139.4825ms
2026-08-08 19:01:25.288 +05:30 [INF] Request starting HTTP/1.1 GET http://localhost:5000/api/products/search?term=wa&limit=20 - null null
2026-08-08 19:01:25.291 +05:30 [INF] Executing endpoint 'Billing.API.Controllers.ProductsController.Search (Billing.API)'
2026-08-08 19:01:25.291 +05:30 [INF] Route matched with {action = "Search", controller = "Products"}. Executing controller action with signature System.Threading.Tasks.Task`1[Microsoft.AspNetCore.Mvc.IActionResult] Search(System.String, Int32, System.Threading.CancellationToken) on controller Billing.API.Controllers.ProductsController (Billing.API).
2026-08-08 19:01:25.297 +05:30 [INF] Handling SearchProductsQuery
2026-08-08 19:01:25.338 +05:30 [INF] Handled SearchProductsQuery in 40ms
2026-08-08 19:01:25.338 +05:30 [INF] Executing OkObjectResult, writing value of type 'Billing.Shared.Results.Result`1[[System.Collections.Generic.IReadOnlyList`1[[Billing.Application.DTOs.Products.ProductDto, Billing.Application, Version=1.0.0.0, Culture=neutral, PublicKeyToken=null]], System.Private.CoreLib, Version=9.0.0.0, Culture=neutral, PublicKeyToken=7cec85d7bea7798e]]'.
2026-08-08 19:01:25.340 +05:30 [INF] Executed action Billing.API.Controllers.ProductsController.Search (Billing.API) in 48.916ms
2026-08-08 19:01:25.340 +05:30 [INF] Executed endpoint 'Billing.API.Controllers.ProductsController.Search (Billing.API)'
2026-08-08 19:01:25.340 +05:30 [INF] HTTP GET /api/products/search responded 200 in 51.2806 ms
2026-08-08 19:01:25.341 +05:30 [INF] Request finished HTTP/1.1 GET http://localhost:5000/api/products/search?term=wa&limit=20 - 200 null application/json; charset=utf-8 52.6493ms
2026-08-08 19:01:49.334 +05:30 [INF] Request starting HTTP/1.1 POST http://localhost:5000/api/sales - application/json 235
2026-08-08 19:01:49.341 +05:30 [INF] CORS policy execution successful.
2026-08-08 19:01:49.343 +05:30 [INF] Executing endpoint 'Billing.API.Controllers.SalesController.CreateSale (Billing.API)'
2026-08-08 19:01:49.343 +05:30 [INF] Route matched with {action = "CreateSale", controller = "Sales"}. Executing controller action with signature System.Threading.Tasks.Task`1[Microsoft.AspNetCore.Mvc.IActionResult] CreateSale(Billing.Application.DTOs.Sales.CreateSaleRequest, System.Threading.CancellationToken) on controller Billing.API.Controllers.SalesController (Billing.API).
2026-08-08 19:01:49.368 +05:30 [INF] Handling CreateSaleCommand
2026-08-08 19:01:49.520 +05:30 [ERR] Failed handling CreateSaleCommand after 151ms
Billing.Shared.Exceptions.ConflictException: Insufficient stock for product 'Mineral Water 1L'. Available: 0.000, Requested: 1
   at Billing.Application.Commands.Sales.CreateSaleHandler.Handle(CreateSaleCommand request, CancellationToken cancellationToken) in D:\Projects\ERP\NewShop\src\Billing.Application\Handlers\Sales\SaleCommandHandlers.cs:line 76
   at Billing.Application.Commands.Sales.CreateSaleHandler.Handle(CreateSaleCommand request, CancellationToken cancellationToken) in D:\Projects\ERP\NewShop\src\Billing.Application\Handlers\Sales\SaleCommandHandlers.cs:line 141
   at Billing.Application.Behaviors.LoggingBehavior`2.Handle(TRequest request, RequestHandlerDelegate`1 next, CancellationToken cancellationToken) in D:\Projects\ERP\NewShop\src\Billing.Application\Behaviors\PipelineBehaviors.cs:line 53
   at Billing.Application.Behaviors.ValidationBehavior`2.Handle(TRequest request, RequestHandlerDelegate`1 next, CancellationToken cancellationToken) in D:\Projects\ERP\NewShop\src\Billing.Application\Behaviors\PipelineBehaviors.cs:line 20
   at Billing.API.Controllers.SalesController.CreateSale(CreateSaleRequest request, CancellationToken cancellationToken) in D:\Projects\ERP\NewShop\src\Billing.API\Controllers\SalesController.cs:line 52
   at Microsoft.AspNetCore.Mvc.Infrastructure.ActionMethodExecutor.TaskOfIActionResultExecutor.Execute(ActionContext actionContext, IActionResultTypeMapper mapper, ObjectMethodExecutor executor, Object controller, Object[] arguments)
2026-08-08 19:01:49.524 +05:30 [INF] Executed action Billing.API.Controllers.SalesController.CreateSale (Billing.API) in 180.5385ms
2026-08-08 19:01:49.527 +05:30 [INF] Executed endpoint 'Billing.API.Controllers.SalesController.CreateSale (Billing.API)'
2026-08-08 19:01:49.530 +05:30 [WRN] Handled application exception (409). Path: /api/sales
Billing.Shared.Exceptions.ConflictException: Insufficient stock for product 'Mineral Water 1L'. Available: 0.000, Requested: 1
   at Billing.Application.Commands.Sales.CreateSaleHandler.Handle(CreateSaleCommand request, CancellationToken cancellationToken) in D:\Projects\ERP\NewShop\src\Billing.Application\Handlers\Sales\SaleCommandHandlers.cs:line 76
   at Billing.Application.Commands.Sales.CreateSaleHandler.Handle(CreateSaleCommand request, CancellationToken cancellationToken) in D:\Projects\ERP\NewShop\src\Billing.Application\Handlers\Sales\SaleCommandHandlers.cs:line 141
   at Billing.Application.Behaviors.LoggingBehavior`2.Handle(TRequest request, RequestHandlerDelegate`1 next, CancellationToken cancellationToken) in D:\Projects\ERP\NewShop\src\Billing.Application\Behaviors\PipelineBehaviors.cs:line 53
   at Billing.Application.Behaviors.ValidationBehavior`2.Handle(TRequest request, RequestHandlerDelegate`1 next, CancellationToken cancellationToken) in D:\Projects\ERP\NewShop\src\Billing.Application\Behaviors\PipelineBehaviors.cs:line 20
   at Billing.API.Controllers.SalesController.CreateSale(CreateSaleRequest request, CancellationToken cancellationToken) in D:\Projects\ERP\NewShop\src\Billing.API\Controllers\SalesController.cs:line 52
   at Microsoft.AspNetCore.Mvc.Infrastructure.ActionMethodExecutor.TaskOfIActionResultExecutor.Execute(ActionContext actionContext, IActionResultTypeMapper mapper, ObjectMethodExecutor executor, Object controller, Object[] arguments)
   at Microsoft.AspNetCore.Mvc.Infrastructure.ControllerActionInvoker.<InvokeActionMethodAsync>g__Awaited|12_0(ControllerActionInvoker invoker, ValueTask`1 actionResultValueTask)
   at Microsoft.AspNetCore.Mvc.Infrastructure.ControllerActionInvoker.<InvokeNextActionFilterAsync>g__Awaited|10_0(ControllerActionInvoker invoker, Task lastTask, State next, Scope scope, Object state, Boolean isCompleted)
   at Microsoft.AspNetCore.Mvc.Infrastructure.ControllerActionInvoker.Rethrow(ActionExecutedContextSealed context)
   at Microsoft.AspNetCore.Mvc.Infrastructure.ControllerActionInvoker.Next(State& next, Scope& scope, Object& state, Boolean& isCompleted)
   at Microsoft.AspNetCore.Mvc.Infrastructure.ControllerActionInvoker.<InvokeInnerFilterAsync>g__Awaited|13_0(ControllerActionInvoker invoker, Task lastTask, State next, Scope scope, Object state, Boolean isCompleted)
   at Microsoft.AspNetCore.Mvc.Infrastructure.ResourceInvoker.<InvokeFilterPipelineAsync>g__Awaited|20_0(ResourceInvoker invoker, Task lastTask, State next, Scope scope, Object state, Boolean isCompleted)
   at Microsoft.AspNetCore.Mvc.Infrastructure.ResourceInvoker.<InvokeAsync>g__Logged|17_1(ResourceInvoker invoker)
   at Microsoft.AspNetCore.Mvc.Infrastructure.ResourceInvoker.<InvokeAsync>g__Logged|17_1(ResourceInvoker invoker)
   at Microsoft.AspNetCore.Routing.EndpointMiddleware.<Invoke>g__AwaitRequestTask|7_0(Endpoint endpoint, Task requestTask, ILogger logger)
   at Microsoft.AspNetCore.Authorization.AuthorizationMiddleware.Invoke(HttpContext context)
   at Billing.Infrastructure.Middleware.TenantContextMiddleware.InvokeAsync(HttpContext context, ITenantContext tenantContext) in D:\Projects\ERP\NewShop\src\Billing.Infrastructure\Middleware\TenantContextMiddleware.cs:line 49
   at Microsoft.AspNetCore.Authentication.AuthenticationMiddleware.Invoke(HttpContext context)
   at Billing.Infrastructure.Middleware.GlobalExceptionMiddleware.InvokeAsync(HttpContext context) in D:\Projects\ERP\NewShop\src\Billing.Infrastructure\Middleware\GlobalExceptionMiddleware.cs:line 31
2026-08-08 19:01:49.565 +05:30 [INF] HTTP POST /api/sales responded 409 in 229.9377 ms
2026-08-08 19:01:49.565 +05:30 [INF] Request finished HTTP/1.1 POST http://localhost:5000/api/sales - 409 null application/json 231.3306ms
2026-08-08 19:01:55.242 +05:30 [INF] Request starting HTTP/1.1 GET http://localhost:5000/api/products/search?term=RI&limit=20 - null null
2026-08-08 19:01:55.244 +05:30 [INF] Executing endpoint 'Billing.API.Controllers.ProductsController.Search (Billing.API)'
2026-08-08 19:01:55.244 +05:30 [INF] Route matched with {action = "Search", controller = "Products"}. Executing controller action with signature System.Threading.Tasks.Task`1[Microsoft.AspNetCore.Mvc.IActionResult] Search(System.String, Int32, System.Threading.CancellationToken) on controller Billing.API.Controllers.ProductsController (Billing.API).
2026-08-08 19:01:55.248 +05:30 [INF] Handling SearchProductsQuery
2026-08-08 19:01:55.267 +05:30 [INF] Handled SearchProductsQuery in 19ms
2026-08-08 19:01:55.267 +05:30 [INF] Executing OkObjectResult, writing value of type 'Billing.Shared.Results.Result`1[[System.Collections.Generic.IReadOnlyList`1[[Billing.Application.DTOs.Products.ProductDto, Billing.Application, Version=1.0.0.0, Culture=neutral, PublicKeyToken=null]], System.Private.CoreLib, Version=9.0.0.0, Culture=neutral, PublicKeyToken=7cec85d7bea7798e]]'.
2026-08-08 19:01:55.268 +05:30 [INF] Executed action Billing.API.Controllers.ProductsController.Search (Billing.API) in 24.1326ms
2026-08-08 19:01:55.268 +05:30 [INF] Executed endpoint 'Billing.API.Controllers.ProductsController.Search (Billing.API)'
2026-08-08 19:01:55.268 +05:30 [INF] HTTP GET /api/products/search responded 200 in 25.3242 ms
2026-08-08 19:01:55.268 +05:30 [INF] Request finished HTTP/1.1 GET http://localhost:5000/api/products/search?term=RI&limit=20 - 200 null application/json; charset=utf-8 26.0727ms
2026-08-08 19:02:22.434 +05:30 [INF] Request starting HTTP/1.1 GET http://localhost:5000/api/customers?page=1&pageSize=50 - null null
2026-08-08 19:02:22.434 +05:30 [INF] Executing endpoint 'Billing.API.Controllers.CustomersController.GetCustomers (Billing.API)'
2026-08-08 19:02:22.435 +05:30 [INF] Route matched with {action = "GetCustomers", controller = "Customers"}. Executing controller action with signature System.Threading.Tasks.Task`1[Microsoft.AspNetCore.Mvc.IActionResult] GetCustomers(Int32, Int32, System.String, System.Threading.CancellationToken) on controller Billing.API.Controllers.CustomersController (Billing.API).
2026-08-08 19:02:22.439 +05:30 [INF] Handling GetCustomersQuery
2026-08-08 19:02:22.469 +05:30 [INF] Handled GetCustomersQuery in 30ms
2026-08-08 19:02:22.469 +05:30 [INF] Executing OkObjectResult, writing value of type 'Billing.Shared.Results.Result`1[[Billing.Application.Common.PagedResult`1[[Billing.Application.DTOs.CustomerDto, Billing.Application, Version=1.0.0.0, Culture=neutral, PublicKeyToken=null]], Billing.Application, Version=1.0.0.0, Culture=neutral, PublicKeyToken=null]]'.
2026-08-08 19:02:22.471 +05:30 [INF] Executed action Billing.API.Controllers.CustomersController.GetCustomers (Billing.API) in 36.1431ms
2026-08-08 19:02:22.471 +05:30 [INF] Executed endpoint 'Billing.API.Controllers.CustomersController.GetCustomers (Billing.API)'
2026-08-08 19:02:22.471 +05:30 [INF] HTTP GET /api/customers responded 200 in 37.2813 ms
2026-08-08 19:02:22.471 +05:30 [INF] Request finished HTTP/1.1 GET http://localhost:5000/api/customers?page=1&pageSize=50 - 200 null application/json; charset=utf-8 37.5107ms
2026-08-08 19:02:30.575 +05:30 [INF] Request starting HTTP/1.1 GET http://localhost:5000/api/products/search?term=ri&limit=20 - null null
2026-08-08 19:02:30.577 +05:30 [INF] Executing endpoint 'Billing.API.Controllers.ProductsController.Search (Billing.API)'
2026-08-08 19:02:30.577 +05:30 [INF] Route matched with {action = "Search", controller = "Products"}. Executing controller action with signature System.Threading.Tasks.Task`1[Microsoft.AspNetCore.Mvc.IActionResult] Search(System.String, Int32, System.Threading.CancellationToken) on controller Billing.API.Controllers.ProductsController (Billing.API).
2026-08-08 19:02:30.579 +05:30 [INF] Handling SearchProductsQuery
2026-08-08 19:02:30.599 +05:30 [INF] Handled SearchProductsQuery in 20ms
2026-08-08 19:02:30.599 +05:30 [INF] Executing OkObjectResult, writing value of type 'Billing.Shared.Results.Result`1[[System.Collections.Generic.IReadOnlyList`1[[Billing.Application.DTOs.Products.ProductDto, Billing.Application, Version=1.0.0.0, Culture=neutral, PublicKeyToken=null]], System.Private.CoreLib, Version=9.0.0.0, Culture=neutral, PublicKeyToken=7cec85d7bea7798e]]'.
2026-08-08 19:02:30.600 +05:30 [INF] Executed action Billing.API.Controllers.ProductsController.Search (Billing.API) in 22.8489ms
2026-08-08 19:02:30.600 +05:30 [INF] Executed endpoint 'Billing.API.Controllers.ProductsController.Search (Billing.API)'
2026-08-08 19:02:30.600 +05:30 [INF] HTTP GET /api/products/search responded 200 in 24.6282 ms
2026-08-08 19:02:30.600 +05:30 [INF] Request finished HTTP/1.1 GET http://localhost:5000/api/products/search?term=ri&limit=20 - 200 null application/json; charset=utf-8 24.769ms
2026-08-08 19:03:22.457 +05:30 [INF] Request starting HTTP/1.1 POST http://localhost:5000/api/sales - application/json 201
2026-08-08 19:03:22.457 +05:30 [INF] CORS policy execution successful.
2026-08-08 19:03:22.459 +05:30 [INF] Executing endpoint 'Billing.API.Controllers.SalesController.CreateSale (Billing.API)'
2026-08-08 19:03:22.460 +05:30 [INF] Route matched with {action = "CreateSale", controller = "Sales"}. Executing controller action with signature System.Threading.Tasks.Task`1[Microsoft.AspNetCore.Mvc.IActionResult] CreateSale(Billing.Application.DTOs.Sales.CreateSaleRequest, System.Threading.CancellationToken) on controller Billing.API.Controllers.SalesController (Billing.API).
2026-08-08 19:03:22.465 +05:30 [INF] Handling CreateSaleCommand
2026-08-08 19:03:23.035 +05:30 [INF] Handled CreateSaleCommand in 570ms
2026-08-08 19:03:23.036 +05:30 [INF] Executing OkObjectResult, writing value of type 'Billing.Shared.Results.Result`1[[Billing.Application.DTOs.Sales.SaleDto, Billing.Application, Version=1.0.0.0, Culture=neutral, PublicKeyToken=null]]'.
2026-08-08 19:03:23.050 +05:30 [INF] Executed action Billing.API.Controllers.SalesController.CreateSale (Billing.API) in 590.1741ms
2026-08-08 19:03:23.050 +05:30 [INF] Executed endpoint 'Billing.API.Controllers.SalesController.CreateSale (Billing.API)'
2026-08-08 19:03:23.050 +05:30 [INF] HTTP POST /api/sales responded 200 in 592.8911 ms
2026-08-08 19:03:23.050 +05:30 [INF] Request finished HTTP/1.1 POST http://localhost:5000/api/sales - 200 null application/json; charset=utf-8 593.1943ms
2026-08-08 19:03:23.086 +05:30 [INF] Request starting HTTP/1.1 GET http://localhost:5000/api/sales/8636e10a-e824-4a29-abca-a2be86294f5a - null null
2026-08-08 19:03:23.102 +05:30 [INF] Executing endpoint 'Billing.API.Controllers.SalesController.GetSale (Billing.API)'
2026-08-08 19:03:23.134 +05:30 [INF] Route matched with {action = "GetSale", controller = "Sales"}. Executing controller action with signature System.Threading.Tasks.Task`1[Microsoft.AspNetCore.Mvc.IActionResult] GetSale(System.Guid, System.Threading.CancellationToken) on controller Billing.API.Controllers.SalesController (Billing.API).
2026-08-08 19:03:23.145 +05:30 [INF] Handling GetSaleByIdQuery
2026-08-08 19:03:23.164 +05:30 [INF] Handled GetSaleByIdQuery in 19ms
2026-08-08 19:03:23.164 +05:30 [INF] Executing OkObjectResult, writing value of type 'Billing.Shared.Results.Result`1[[Billing.Application.DTOs.Sales.SaleDto, Billing.Application, Version=1.0.0.0, Culture=neutral, PublicKeyToken=null]]'.
2026-08-08 19:03:23.165 +05:30 [INF] Executed action Billing.API.Controllers.SalesController.GetSale (Billing.API) in 30.3942ms
2026-08-08 19:03:23.165 +05:30 [INF] Executed endpoint 'Billing.API.Controllers.SalesController.GetSale (Billing.API)'
2026-08-08 19:03:23.165 +05:30 [INF] HTTP GET /api/sales/8636e10a-e824-4a29-abca-a2be86294f5a responded 200 in 65.4881 ms
2026-08-08 19:03:23.165 +05:30 [INF] Request finished HTTP/1.1 GET http://localhost:5000/api/sales/8636e10a-e824-4a29-abca-a2be86294f5a - 200 null application/json; charset=utf-8 78.29ms
2026-08-08 19:04:18.833 +05:30 [INF] Request starting HTTP/1.1 GET http://localhost:5000/api/sales?page=1&pageSize=10 - null null
2026-08-08 19:04:18.833 +05:30 [INF] Executing endpoint 'Billing.API.Controllers.SalesController.GetSales (Billing.API)'
2026-08-08 19:04:18.833 +05:30 [INF] Route matched with {action = "GetSales", controller = "Sales"}. Executing controller action with signature System.Threading.Tasks.Task`1[Microsoft.AspNetCore.Mvc.IActionResult] GetSales(System.Nullable`1[System.DateTime], System.Nullable`1[System.DateTime], Int32, Int32, System.Threading.CancellationToken) on controller Billing.API.Controllers.SalesController (Billing.API).
2026-08-08 19:04:18.836 +05:30 [INF] Handling GetSalesQuery
2026-08-08 19:04:18.867 +05:30 [INF] Handled GetSalesQuery in 30ms
2026-08-08 19:04:18.867 +05:30 [INF] Executing OkObjectResult, writing value of type 'Billing.Shared.Results.Result`1[[Billing.Application.Common.PagedResult`1[[Billing.Application.DTOs.Sales.SaleDto, Billing.Application, Version=1.0.0.0, Culture=neutral, PublicKeyToken=null]], Billing.Application, Version=1.0.0.0, Culture=neutral, PublicKeyToken=null]]'.
2026-08-08 19:04:18.868 +05:30 [INF] Executed action Billing.API.Controllers.SalesController.GetSales (Billing.API) in 34.5102ms
2026-08-08 19:04:18.868 +05:30 [INF] Executed endpoint 'Billing.API.Controllers.SalesController.GetSales (Billing.API)'
2026-08-08 19:04:18.868 +05:30 [INF] HTTP GET /api/sales responded 200 in 35.5764 ms
2026-08-08 19:04:18.868 +05:30 [INF] Request finished HTTP/1.1 GET http://localhost:5000/api/sales?page=1&pageSize=10 - 200 null application/json; charset=utf-8 35.7287ms
2026-08-08 19:04:36.873 +05:30 [INF] Request starting HTTP/1.1 GET http://localhost:5000/api/customers?page=1&pageSize=10 - null null
2026-08-08 19:04:36.874 +05:30 [INF] Executing endpoint 'Billing.API.Controllers.CustomersController.GetCustomers (Billing.API)'
2026-08-08 19:04:36.874 +05:30 [INF] Route matched with {action = "GetCustomers", controller = "Customers"}. Executing controller action with signature System.Threading.Tasks.Task`1[Microsoft.AspNetCore.Mvc.IActionResult] GetCustomers(Int32, Int32, System.String, System.Threading.CancellationToken) on controller Billing.API.Controllers.CustomersController (Billing.API).
2026-08-08 19:04:36.877 +05:30 [INF] Handling GetCustomersQuery
2026-08-08 19:04:36.895 +05:30 [INF] Handled GetCustomersQuery in 17ms
2026-08-08 19:04:36.895 +05:30 [INF] Executing OkObjectResult, writing value of type 'Billing.Shared.Results.Result`1[[Billing.Application.Common.PagedResult`1[[Billing.Application.DTOs.CustomerDto, Billing.Application, Version=1.0.0.0, Culture=neutral, PublicKeyToken=null]], Billing.Application, Version=1.0.0.0, Culture=neutral, PublicKeyToken=null]]'.
2026-08-08 19:04:36.896 +05:30 [INF] Executed action Billing.API.Controllers.CustomersController.GetCustomers (Billing.API) in 22.3608ms
2026-08-08 19:04:36.896 +05:30 [INF] Executed endpoint 'Billing.API.Controllers.CustomersController.GetCustomers (Billing.API)'
2026-08-08 19:04:36.896 +05:30 [INF] HTTP GET /api/customers responded 200 in 23.3394 ms
2026-08-08 19:04:36.897 +05:30 [INF] Request finished HTTP/1.1 GET http://localhost:5000/api/customers?page=1&pageSize=10 - 200 null application/json; charset=utf-8 23.8714ms
2026-08-08 19:05:23.695 +05:30 [INF] Request starting HTTP/1.1 GET http://localhost:5000/api/dashboard?from=2026-07-09&to=2026-08-08 - null null
2026-08-08 19:05:23.698 +05:30 [INF] Executing endpoint 'Billing.API.Controllers.DashboardController.GetDashboard (Billing.API)'
2026-08-08 19:05:23.698 +05:30 [INF] Route matched with {action = "GetDashboard", controller = "Dashboard"}. Executing controller action with signature System.Threading.Tasks.Task`1[Microsoft.AspNetCore.Mvc.IActionResult] GetDashboard(System.Nullable`1[System.DateTime], System.Nullable`1[System.DateTime], System.Threading.CancellationToken) on controller Billing.API.Controllers.DashboardController (Billing.API).
2026-08-08 19:05:23.704 +05:30 [INF] Handling GetDashboardQuery
2026-08-08 19:05:23.927 +05:30 [INF] Handled GetDashboardQuery in 223ms
2026-08-08 19:05:23.927 +05:30 [INF] Executing OkObjectResult, writing value of type 'Billing.Shared.Results.Result`1[[Billing.Application.DTOs.DashboardDto, Billing.Application, Version=1.0.0.0, Culture=neutral, PublicKeyToken=null]]'.
2026-08-08 19:05:23.930 +05:30 [INF] Executed action Billing.API.Controllers.DashboardController.GetDashboard (Billing.API) in 231.6162ms
2026-08-08 19:05:23.930 +05:30 [INF] Executed endpoint 'Billing.API.Controllers.DashboardController.GetDashboard (Billing.API)'
2026-08-08 19:05:23.930 +05:30 [INF] HTTP GET /api/dashboard responded 200 in 234.7851 ms
2026-08-08 19:05:23.930 +05:30 [INF] Request finished HTTP/1.1 GET http://localhost:5000/api/dashboard?from=2026-07-09&to=2026-08-08 - 200 null application/json; charset=utf-8 235.1644ms
2026-08-08 19:05:44.972 +05:30 [INF] Request starting HTTP/1.1 GET http://localhost:5000/api/products?page=1&pageSize=10 - null null
2026-08-08 19:05:44.973 +05:30 [INF] Executing endpoint 'Billing.API.Controllers.ProductsController.GetProducts (Billing.API)'
2026-08-08 19:05:44.999 +05:30 [INF] Route matched with {action = "GetProducts", controller = "Products"}. Executing controller action with signature System.Threading.Tasks.Task`1[Microsoft.AspNetCore.Mvc.IActionResult] GetProducts(Int32, Int32, System.String, System.String, Boolean, System.Threading.CancellationToken) on controller Billing.API.Controllers.ProductsController (Billing.API).
2026-08-08 19:05:45.010 +05:30 [INF] Handling GetProductsQuery
2026-08-08 19:05:45.081 +05:30 [INF] Handled GetProductsQuery in 70ms
2026-08-08 19:05:45.081 +05:30 [INF] Executing OkObjectResult, writing value of type 'Billing.Shared.Results.Result`1[[Billing.Application.Common.PagedResult`1[[Billing.Application.DTOs.Products.ProductDto, Billing.Application, Version=1.0.0.0, Culture=neutral, PublicKeyToken=null]], Billing.Application, Version=1.0.0.0, Culture=neutral, PublicKeyToken=null]]'.
2026-08-08 19:05:45.089 +05:30 [INF] Executed action Billing.API.Controllers.ProductsController.GetProducts (Billing.API) in 89.4479ms
2026-08-08 19:05:45.089 +05:30 [INF] Executed endpoint 'Billing.API.Controllers.ProductsController.GetProducts (Billing.API)'
2026-08-08 19:05:45.089 +05:30 [INF] HTTP GET /api/products responded 200 in 116.6692 ms
2026-08-08 19:05:45.089 +05:30 [INF] Request finished HTTP/1.1 GET http://localhost:5000/api/products?page=1&pageSize=10 - 200 null application/json; charset=utf-8 117.0817ms
2026-08-08 19:05:46.320 +05:30 [INF] Request starting HTTP/1.1 GET http://localhost:5000/api/suppliers?page=1&pageSize=10 - null null
2026-08-08 19:05:46.321 +05:30 [INF] Executing endpoint 'Billing.API.Controllers.SuppliersController.GetSuppliers (Billing.API)'
2026-08-08 19:05:46.333 +05:30 [INF] Route matched with {action = "GetSuppliers", controller = "Suppliers"}. Executing controller action with signature System.Threading.Tasks.Task`1[Microsoft.AspNetCore.Mvc.IActionResult] GetSuppliers(Int32, Int32, System.String, System.Threading.CancellationToken) on controller Billing.API.Controllers.SuppliersController (Billing.API).
2026-08-08 19:05:46.346 +05:30 [INF] Handling GetSuppliersQuery
2026-08-08 19:05:46.413 +05:30 [INF] Handled GetSuppliersQuery in 67ms
2026-08-08 19:05:46.413 +05:30 [INF] Executing OkObjectResult, writing value of type 'Billing.Shared.Results.Result`1[[Billing.Application.Common.PagedResult`1[[Billing.Application.DTOs.SupplierDto, Billing.Application, Version=1.0.0.0, Culture=neutral, PublicKeyToken=null]], Billing.Application, Version=1.0.0.0, Culture=neutral, PublicKeyToken=null]]'.
2026-08-08 19:05:46.424 +05:30 [INF] Executed action Billing.API.Controllers.SuppliersController.GetSuppliers (Billing.API) in 90.6657ms
2026-08-08 19:05:46.424 +05:30 [INF] Executed endpoint 'Billing.API.Controllers.SuppliersController.GetSuppliers (Billing.API)'
2026-08-08 19:05:46.424 +05:30 [INF] HTTP GET /api/suppliers responded 200 in 104.0894 ms
2026-08-08 19:05:46.424 +05:30 [INF] Request finished HTTP/1.1 GET http://localhost:5000/api/suppliers?page=1&pageSize=10 - 200 null application/json; charset=utf-8 104.4551ms
2026-08-08 19:05:46.970 +05:30 [INF] Request starting HTTP/1.1 GET http://localhost:5000/api/users - null null
2026-08-08 19:05:46.975 +05:30 [INF] Executing endpoint 'Billing.API.Controllers.UsersController.GetUsers (Billing.API)'
2026-08-08 19:05:46.982 +05:30 [INF] Route matched with {action = "GetUsers", controller = "Users"}. Executing controller action with signature System.Threading.Tasks.Task`1[Microsoft.AspNetCore.Mvc.IActionResult] GetUsers(System.Threading.CancellationToken) on controller Billing.API.Controllers.UsersController (Billing.API).
2026-08-08 19:05:46.986 +05:30 [INF] Handling GetUsersQuery
2026-08-08 19:05:47.150 +05:30 [INF] Handled GetUsersQuery in 163ms
2026-08-08 19:05:47.150 +05:30 [INF] Executing OkObjectResult, writing value of type 'Billing.Shared.Results.Result`1[[System.Collections.Generic.IReadOnlyList`1[[Billing.Application.DTOs.Users.UserDto, Billing.Application, Version=1.0.0.0, Culture=neutral, PublicKeyToken=null]], System.Private.CoreLib, Version=9.0.0.0, Culture=neutral, PublicKeyToken=7cec85d7bea7798e]]'.
2026-08-08 19:05:47.193 +05:30 [INF] Executed action Billing.API.Controllers.UsersController.GetUsers (Billing.API) in 210.973ms
2026-08-08 19:05:47.193 +05:30 [INF] Executed endpoint 'Billing.API.Controllers.UsersController.GetUsers (Billing.API)'
2026-08-08 19:05:47.193 +05:30 [INF] HTTP GET /api/users responded 200 in 222.8309 ms
2026-08-08 19:05:47.193 +05:30 [INF] Request finished HTTP/1.1 GET http://localhost:5000/api/users - 200 null application/json; charset=utf-8 223.0531ms
2026-08-08 19:09:51.373 +05:30 [INF] Request starting HTTP/1.1 GET http://localhost:5000/api/suppliers?page=1&pageSize=10 - null null
2026-08-08 19:09:51.407 +05:30 [INF] Executing endpoint 'Billing.API.Controllers.SuppliersController.GetSuppliers (Billing.API)'
2026-08-08 19:09:51.417 +05:30 [INF] Route matched with {action = "GetSuppliers", controller = "Suppliers"}. Executing controller action with signature System.Threading.Tasks.Task`1[Microsoft.AspNetCore.Mvc.IActionResult] GetSuppliers(Int32, Int32, System.String, System.Threading.CancellationToken) on controller Billing.API.Controllers.SuppliersController (Billing.API).
2026-08-08 19:09:51.433 +05:30 [INF] Handling GetSuppliersQuery
2026-08-08 19:09:51.492 +05:30 [INF] Handled GetSuppliersQuery in 58ms
2026-08-08 19:09:51.494 +05:30 [INF] Executing OkObjectResult, writing value of type 'Billing.Shared.Results.Result`1[[Billing.Application.Common.PagedResult`1[[Billing.Application.DTOs.SupplierDto, Billing.Application, Version=1.0.0.0, Culture=neutral, PublicKeyToken=null]], Billing.Application, Version=1.0.0.0, Culture=neutral, PublicKeyToken=null]]'.
2026-08-08 19:09:51.498 +05:30 [INF] Executed action Billing.API.Controllers.SuppliersController.GetSuppliers (Billing.API) in 80.8438ms
2026-08-08 19:09:51.498 +05:30 [INF] Executed endpoint 'Billing.API.Controllers.SuppliersController.GetSuppliers (Billing.API)'
2026-08-08 19:09:51.498 +05:30 [INF] HTTP GET /api/suppliers responded 200 in 118.2591 ms
2026-08-08 19:09:51.498 +05:30 [INF] Request finished HTTP/1.1 GET http://localhost:5000/api/suppliers?page=1&pageSize=10 - 200 null application/json; charset=utf-8 127.1663ms
2026-08-08 19:09:56.465 +05:30 [INF] Request starting HTTP/1.1 GET http://localhost:5000/api/purchases?page=1&pageSize=10 - null null
2026-08-08 19:09:56.466 +05:30 [INF] Request starting HTTP/1.1 GET http://localhost:5000/api/suppliers?page=1&pageSize=1000 - null null
2026-08-08 19:09:56.467 +05:30 [INF] Executing endpoint 'Billing.API.Controllers.SuppliersController.GetSuppliers (Billing.API)'
2026-08-08 19:09:56.467 +05:30 [INF] Route matched with {action = "GetSuppliers", controller = "Suppliers"}. Executing controller action with signature System.Threading.Tasks.Task`1[Microsoft.AspNetCore.Mvc.IActionResult] GetSuppliers(Int32, Int32, System.String, System.Threading.CancellationToken) on controller Billing.API.Controllers.SuppliersController (Billing.API).
2026-08-08 19:09:56.468 +05:30 [INF] Executing endpoint 'Billing.API.Controllers.PurchasesController.GetPurchases (Billing.API)'
2026-08-08 19:09:56.473 +05:30 [INF] Handling GetSuppliersQuery
2026-08-08 19:09:56.482 +05:30 [INF] Handled GetSuppliersQuery in 9ms
2026-08-08 19:09:56.483 +05:30 [INF] Executing OkObjectResult, writing value of type 'Billing.Shared.Results.Result`1[[Billing.Application.Common.PagedResult`1[[Billing.Application.DTOs.SupplierDto, Billing.Application, Version=1.0.0.0, Culture=neutral, PublicKeyToken=null]], Billing.Application, Version=1.0.0.0, Culture=neutral, PublicKeyToken=null]]'.
2026-08-08 19:09:56.483 +05:30 [INF] Executed action Billing.API.Controllers.SuppliersController.GetSuppliers (Billing.API) in 16.151ms
2026-08-08 19:09:56.484 +05:30 [INF] Executed endpoint 'Billing.API.Controllers.SuppliersController.GetSuppliers (Billing.API)'
2026-08-08 19:09:56.484 +05:30 [INF] HTTP GET /api/suppliers responded 200 in 17.2732 ms
2026-08-08 19:09:56.484 +05:30 [INF] Request finished HTTP/1.1 GET http://localhost:5000/api/suppliers?page=1&pageSize=1000 - 200 null application/json; charset=utf-8 17.4583ms
2026-08-08 19:09:56.508 +05:30 [INF] Route matched with {action = "GetPurchases", controller = "Purchases"}. Executing controller action with signature System.Threading.Tasks.Task`1[Microsoft.AspNetCore.Mvc.IActionResult] GetPurchases(Int32, Int32, System.Threading.CancellationToken) on controller Billing.API.Controllers.PurchasesController (Billing.API).
2026-08-08 19:09:56.527 +05:30 [INF] Handling GetPurchasesQuery
2026-08-08 19:09:56.664 +05:30 [INF] Handled GetPurchasesQuery in 138ms
2026-08-08 19:09:56.665 +05:30 [INF] Executing OkObjectResult, writing value of type 'Billing.Shared.Results.Result`1[[Billing.Application.Common.PagedResult`1[[Billing.Application.DTOs.PurchaseDto, Billing.Application, Version=1.0.0.0, Culture=neutral, PublicKeyToken=null]], Billing.Application, Version=1.0.0.0, Culture=neutral, PublicKeyToken=null]]'.
2026-08-08 19:09:56.708 +05:30 [INF] Executed action Billing.API.Controllers.PurchasesController.GetPurchases (Billing.API) in 200.5255ms
2026-08-08 19:09:56.708 +05:30 [INF] Executed endpoint 'Billing.API.Controllers.PurchasesController.GetPurchases (Billing.API)'
2026-08-08 19:09:56.708 +05:30 [INF] HTTP GET /api/purchases responded 200 in 242.7232 ms
2026-08-08 19:09:56.708 +05:30 [INF] Request finished HTTP/1.1 GET http://localhost:5000/api/purchases?page=1&pageSize=10 - 200 null application/json; charset=utf-8 242.953ms
2026-08-08 19:10:05.319 +05:30 [INF] Request starting HTTP/1.1 GET http://localhost:5000/api/customers?page=1&pageSize=50 - null null
2026-08-08 19:10:05.320 +05:30 [INF] Executing endpoint 'Billing.API.Controllers.CustomersController.GetCustomers (Billing.API)'
2026-08-08 19:10:05.320 +05:30 [INF] Route matched with {action = "GetCustomers", controller = "Customers"}. Executing controller action with signature System.Threading.Tasks.Task`1[Microsoft.AspNetCore.Mvc.IActionResult] GetCustomers(Int32, Int32, System.String, System.Threading.CancellationToken) on controller Billing.API.Controllers.CustomersController (Billing.API).
2026-08-08 19:10:05.321 +05:30 [INF] Handling GetCustomersQuery
2026-08-08 19:10:05.356 +05:30 [INF] Handled GetCustomersQuery in 35ms
2026-08-08 19:10:05.356 +05:30 [INF] Executing OkObjectResult, writing value of type 'Billing.Shared.Results.Result`1[[Billing.Application.Common.PagedResult`1[[Billing.Application.DTOs.CustomerDto, Billing.Application, Version=1.0.0.0, Culture=neutral, PublicKeyToken=null]], Billing.Application, Version=1.0.0.0, Culture=neutral, PublicKeyToken=null]]'.
2026-08-08 19:10:05.358 +05:30 [INF] Executed action Billing.API.Controllers.CustomersController.GetCustomers (Billing.API) in 37.9383ms
2026-08-08 19:10:05.358 +05:30 [INF] Executed endpoint 'Billing.API.Controllers.CustomersController.GetCustomers (Billing.API)'
2026-08-08 19:10:05.359 +05:30 [INF] HTTP GET /api/customers responded 200 in 39.0800 ms
2026-08-08 19:10:05.359 +05:30 [INF] Request finished HTTP/1.1 GET http://localhost:5000/api/customers?page=1&pageSize=50 - 200 null application/json; charset=utf-8 39.389ms
2026-08-08 19:10:06.325 +05:30 [INF] Request starting HTTP/1.1 GET http://localhost:5000/api/dashboard?from=2026-07-09&to=2026-08-08 - null null
2026-08-08 19:10:06.326 +05:30 [INF] Executing endpoint 'Billing.API.Controllers.DashboardController.GetDashboard (Billing.API)'
2026-08-08 19:10:06.326 +05:30 [INF] Route matched with {action = "GetDashboard", controller = "Dashboard"}. Executing controller action with signature System.Threading.Tasks.Task`1[Microsoft.AspNetCore.Mvc.IActionResult] GetDashboard(System.Nullable`1[System.DateTime], System.Nullable`1[System.DateTime], System.Threading.CancellationToken) on controller Billing.API.Controllers.DashboardController (Billing.API).
2026-08-08 19:10:06.332 +05:30 [INF] Handling GetDashboardQuery
2026-08-08 19:10:06.478 +05:30 [INF] Handled GetDashboardQuery in 146ms
2026-08-08 19:10:06.479 +05:30 [INF] Executing OkObjectResult, writing value of type 'Billing.Shared.Results.Result`1[[Billing.Application.DTOs.DashboardDto, Billing.Application, Version=1.0.0.0, Culture=neutral, PublicKeyToken=null]]'.
2026-08-08 19:10:06.479 +05:30 [INF] Executed action Billing.API.Controllers.DashboardController.GetDashboard (Billing.API) in 152.9346ms
2026-08-08 19:10:06.479 +05:30 [INF] Executed endpoint 'Billing.API.Controllers.DashboardController.GetDashboard (Billing.API)'
2026-08-08 19:10:06.479 +05:30 [INF] HTTP GET /api/dashboard responded 200 in 154.0186 ms
2026-08-08 19:10:06.480 +05:30 [INF] Request finished HTTP/1.1 GET http://localhost:5000/api/dashboard?from=2026-07-09&to=2026-08-08 - 200 null application/json; charset=utf-8 154.4812ms
2026-08-08 19:10:08.195 +05:30 [INF] Request starting HTTP/1.1 GET http://localhost:5000/api/customers?page=1&pageSize=10 - null null
2026-08-08 19:10:08.196 +05:30 [INF] Executing endpoint 'Billing.API.Controllers.CustomersController.GetCustomers (Billing.API)'
2026-08-08 19:10:08.196 +05:30 [INF] Route matched with {action = "GetCustomers", controller = "Customers"}. Executing controller action with signature System.Threading.Tasks.Task`1[Microsoft.AspNetCore.Mvc.IActionResult] GetCustomers(Int32, Int32, System.String, System.Threading.CancellationToken) on controller Billing.API.Controllers.CustomersController (Billing.API).
2026-08-08 19:10:08.196 +05:30 [INF] Handling GetCustomersQuery
2026-08-08 19:10:08.215 +05:30 [INF] Handled GetCustomersQuery in 18ms
2026-08-08 19:10:08.215 +05:30 [INF] Executing OkObjectResult, writing value of type 'Billing.Shared.Results.Result`1[[Billing.Application.Common.PagedResult`1[[Billing.Application.DTOs.CustomerDto, Billing.Application, Version=1.0.0.0, Culture=neutral, PublicKeyToken=null]], Billing.Application, Version=1.0.0.0, Culture=neutral, PublicKeyToken=null]]'.
2026-08-08 19:10:08.216 +05:30 [INF] Executed action Billing.API.Controllers.CustomersController.GetCustomers (Billing.API) in 20.2476ms
2026-08-08 19:10:08.216 +05:30 [INF] Executed endpoint 'Billing.API.Controllers.CustomersController.GetCustomers (Billing.API)'
2026-08-08 19:10:08.216 +05:30 [INF] HTTP GET /api/customers responded 200 in 21.3612 ms
2026-08-08 19:10:08.217 +05:30 [INF] Request finished HTTP/1.1 GET http://localhost:5000/api/customers?page=1&pageSize=10 - 200 null application/json; charset=utf-8 21.9116ms
2026-08-08 19:10:11.167 +05:30 [INF] Request starting HTTP/1.1 GET http://localhost:5000/api/users - null null
2026-08-08 19:10:11.169 +05:30 [INF] Executing endpoint 'Billing.API.Controllers.UsersController.GetUsers (Billing.API)'
2026-08-08 19:10:11.169 +05:30 [INF] Route matched with {action = "GetUsers", controller = "Users"}. Executing controller action with signature System.Threading.Tasks.Task`1[Microsoft.AspNetCore.Mvc.IActionResult] GetUsers(System.Threading.CancellationToken) on controller Billing.API.Controllers.UsersController (Billing.API).
2026-08-08 19:10:11.171 +05:30 [INF] Handling GetUsersQuery
2026-08-08 19:10:11.290 +05:30 [INF] Handled GetUsersQuery in 119ms
2026-08-08 19:10:11.291 +05:30 [INF] Executing OkObjectResult, writing value of type 'Billing.Shared.Results.Result`1[[System.Collections.Generic.IReadOnlyList`1[[Billing.Application.DTOs.Users.UserDto, Billing.Application, Version=1.0.0.0, Culture=neutral, PublicKeyToken=null]], System.Private.CoreLib, Version=9.0.0.0, Culture=neutral, PublicKeyToken=7cec85d7bea7798e]]'.
2026-08-08 19:10:11.291 +05:30 [INF] Executed action Billing.API.Controllers.UsersController.GetUsers (Billing.API) in 121.7289ms
2026-08-08 19:10:11.291 +05:30 [INF] Executed endpoint 'Billing.API.Controllers.UsersController.GetUsers (Billing.API)'
2026-08-08 19:10:11.291 +05:30 [INF] HTTP GET /api/users responded 200 in 123.5284 ms
2026-08-08 19:10:11.291 +05:30 [INF] Request finished HTTP/1.1 GET http://localhost:5000/api/users - 200 null application/json; charset=utf-8 123.8867ms
2026-08-08 19:12:56.019 +05:30 [INF] Request starting HTTP/1.1 GET http://localhost:5000/api/products?page=1&pageSize=10 - null null
2026-08-08 19:12:56.029 +05:30 [INF] Failed to validate the token.
Microsoft.IdentityModel.Tokens.SecurityTokenExpiredException: IDX10223: Lifetime validation failed. The token is expired. ValidTo (UTC): '8/8/2026 1:41:50 PM', Current time (UTC): '8/8/2026 1:42:56 PM'.
   at Microsoft.IdentityModel.Tokens.ValidatorUtilities.ValidateLifetime(Nullable`1 notBefore, Nullable`1 expires, SecurityToken securityToken, TokenValidationParameters validationParameters)
   at Microsoft.IdentityModel.Tokens.Validators.ValidateLifetime(Nullable`1 notBefore, Nullable`1 expires, SecurityToken securityToken, TokenValidationParameters validationParameters)
   at Microsoft.IdentityModel.JsonWebTokens.JsonWebTokenHandler.ValidateTokenPayloadAsync(JsonWebToken jsonWebToken, TokenValidationParameters validationParameters, BaseConfiguration configuration)
   at Microsoft.IdentityModel.JsonWebTokens.JsonWebTokenHandler.ValidateJWSAsync(JsonWebToken jsonWebToken, TokenValidationParameters validationParameters, BaseConfiguration configuration)
2026-08-08 19:12:56.029 +05:30 [INF] Bearer was not authenticated. Failure message: IDX10223: Lifetime validation failed. The token is expired. ValidTo (UTC): '8/8/2026 1:41:50 PM', Current time (UTC): '8/8/2026 1:42:56 PM'.
2026-08-08 19:12:56.030 +05:30 [INF] Authorization failed. These requirements were not met:
DenyAnonymousAuthorizationRequirement: Requires an authenticated user.
2026-08-08 19:12:56.032 +05:30 [INF] AuthenticationScheme: Bearer was challenged.
2026-08-08 19:12:56.032 +05:30 [INF] HTTP GET /api/products responded 401 in 12.9389 ms
2026-08-08 19:12:56.032 +05:30 [INF] Request finished HTTP/1.1 GET http://localhost:5000/api/products?page=1&pageSize=10 - 401 0 null 13.2707ms
2026-08-08 19:12:56.043 +05:30 [INF] Request starting HTTP/1.1 POST http://localhost:5000/api/auth/refresh - application/json 1640
2026-08-08 19:12:56.048 +05:30 [INF] CORS policy execution successful.
2026-08-08 19:12:56.049 +05:30 [INF] Failed to validate the token.
Microsoft.IdentityModel.Tokens.SecurityTokenExpiredException: IDX10223: Lifetime validation failed. The token is expired. ValidTo (UTC): '8/8/2026 1:41:50 PM', Current time (UTC): '8/8/2026 1:42:56 PM'.
   at Microsoft.IdentityModel.Tokens.ValidatorUtilities.ValidateLifetime(Nullable`1 notBefore, Nullable`1 expires, SecurityToken securityToken, TokenValidationParameters validationParameters)
   at Microsoft.IdentityModel.Tokens.Validators.ValidateLifetime(Nullable`1 notBefore, Nullable`1 expires, SecurityToken securityToken, TokenValidationParameters validationParameters)
   at Microsoft.IdentityModel.JsonWebTokens.JsonWebTokenHandler.ValidateTokenPayloadAsync(JsonWebToken jsonWebToken, TokenValidationParameters validationParameters, BaseConfiguration configuration)
   at Microsoft.IdentityModel.JsonWebTokens.JsonWebTokenHandler.ValidateJWSAsync(JsonWebToken jsonWebToken, TokenValidationParameters validationParameters, BaseConfiguration configuration)
2026-08-08 19:12:56.049 +05:30 [INF] Bearer was not authenticated. Failure message: IDX10223: Lifetime validation failed. The token is expired. ValidTo (UTC): '8/8/2026 1:41:50 PM', Current time (UTC): '8/8/2026 1:42:56 PM'.
2026-08-08 19:12:56.049 +05:30 [INF] Executing endpoint 'Billing.API.Controllers.AuthController.Refresh (Billing.API)'
2026-08-08 19:12:56.049 +05:30 [INF] Route matched with {action = "Refresh", controller = "Auth"}. Executing controller action with signature System.Threading.Tasks.Task`1[Microsoft.AspNetCore.Mvc.IActionResult] Refresh(Billing.Application.DTOs.Auth.RefreshRequest, System.Threading.CancellationToken) on controller Billing.API.Controllers.AuthController (Billing.API).
2026-08-08 19:12:56.327 +05:30 [INF] Executing OkObjectResult, writing value of type 'Billing.Shared.Results.Result`1[[Billing.Application.DTOs.Auth.RefreshResponse, Billing.Application, Version=1.0.0.0, Culture=neutral, PublicKeyToken=null]]'.
2026-08-08 19:12:56.328 +05:30 [INF] Executed action Billing.API.Controllers.AuthController.Refresh (Billing.API) in 278.6753ms
2026-08-08 19:12:56.328 +05:30 [INF] Executed endpoint 'Billing.API.Controllers.AuthController.Refresh (Billing.API)'
2026-08-08 19:12:56.328 +05:30 [INF] HTTP POST /api/auth/refresh responded 200 in 281.0134 ms
2026-08-08 19:12:56.328 +05:30 [INF] Request finished HTTP/1.1 POST http://localhost:5000/api/auth/refresh - 200 null application/json; charset=utf-8 284.4792ms
2026-08-08 19:12:56.334 +05:30 [INF] Request starting HTTP/1.1 GET http://localhost:5000/api/products?page=1&pageSize=10 - null null
2026-08-08 19:12:56.335 +05:30 [INF] Executing endpoint 'Billing.API.Controllers.ProductsController.GetProducts (Billing.API)'
2026-08-08 19:12:56.335 +05:30 [INF] Route matched with {action = "GetProducts", controller = "Products"}. Executing controller action with signature System.Threading.Tasks.Task`1[Microsoft.AspNetCore.Mvc.IActionResult] GetProducts(Int32, Int32, System.String, System.String, Boolean, System.Threading.CancellationToken) on controller Billing.API.Controllers.ProductsController (Billing.API).
2026-08-08 19:12:56.338 +05:30 [INF] Handling GetProductsQuery
2026-08-08 19:12:56.349 +05:30 [INF] Handled GetProductsQuery in 11ms
2026-08-08 19:12:56.349 +05:30 [INF] Executing OkObjectResult, writing value of type 'Billing.Shared.Results.Result`1[[Billing.Application.Common.PagedResult`1[[Billing.Application.DTOs.Products.ProductDto, Billing.Application, Version=1.0.0.0, Culture=neutral, PublicKeyToken=null]], Billing.Application, Version=1.0.0.0, Culture=neutral, PublicKeyToken=null]]'.
2026-08-08 19:12:56.351 +05:30 [INF] Executed action Billing.API.Controllers.ProductsController.GetProducts (Billing.API) in 15.6229ms
2026-08-08 19:12:56.352 +05:30 [INF] Executed endpoint 'Billing.API.Controllers.ProductsController.GetProducts (Billing.API)'
2026-08-08 19:12:56.352 +05:30 [INF] HTTP GET /api/products responded 200 in 17.6873 ms
2026-08-08 19:12:56.352 +05:30 [INF] Request finished HTTP/1.1 GET http://localhost:5000/api/products?page=1&pageSize=10 - 200 null application/json; charset=utf-8 17.8476ms
2026-08-08 19:12:58.396 +05:30 [INF] Request starting HTTP/1.1 GET http://localhost:5000/api/users - null null
2026-08-08 19:12:58.398 +05:30 [INF] Executing endpoint 'Billing.API.Controllers.UsersController.GetUsers (Billing.API)'
2026-08-08 19:12:58.398 +05:30 [INF] Route matched with {action = "GetUsers", controller = "Users"}. Executing controller action with signature System.Threading.Tasks.Task`1[Microsoft.AspNetCore.Mvc.IActionResult] GetUsers(System.Threading.CancellationToken) on controller Billing.API.Controllers.UsersController (Billing.API).
2026-08-08 19:12:58.402 +05:30 [INF] Handling GetUsersQuery
2026-08-08 19:12:58.555 +05:30 [INF] Handled GetUsersQuery in 152ms
2026-08-08 19:12:58.555 +05:30 [INF] Executing OkObjectResult, writing value of type 'Billing.Shared.Results.Result`1[[System.Collections.Generic.IReadOnlyList`1[[Billing.Application.DTOs.Users.UserDto, Billing.Application, Version=1.0.0.0, Culture=neutral, PublicKeyToken=null]], System.Private.CoreLib, Version=9.0.0.0, Culture=neutral, PublicKeyToken=7cec85d7bea7798e]]'.
2026-08-08 19:12:58.555 +05:30 [INF] Executed action Billing.API.Controllers.UsersController.GetUsers (Billing.API) in 156.8138ms
2026-08-08 19:12:58.555 +05:30 [INF] Executed endpoint 'Billing.API.Controllers.UsersController.GetUsers (Billing.API)'
2026-08-08 19:12:58.555 +05:30 [INF] HTTP GET /api/users responded 200 in 159.0932 ms
2026-08-08 19:12:58.555 +05:30 [INF] Request finished HTTP/1.1 GET http://localhost:5000/api/users - 200 null application/json; charset=utf-8 159.2341ms
2026-08-08 19:13:06.759 +05:30 [INF] Request starting HTTP/1.1 GET http://localhost:5000/api/dashboard?from=2026-07-09&to=2026-08-08 - null null
2026-08-08 19:13:06.761 +05:30 [INF] Executing endpoint 'Billing.API.Controllers.DashboardController.GetDashboard (Billing.API)'
2026-08-08 19:13:06.761 +05:30 [INF] Route matched with {action = "GetDashboard", controller = "Dashboard"}. Executing controller action with signature System.Threading.Tasks.Task`1[Microsoft.AspNetCore.Mvc.IActionResult] GetDashboard(System.Nullable`1[System.DateTime], System.Nullable`1[System.DateTime], System.Threading.CancellationToken) on controller Billing.API.Controllers.DashboardController (Billing.API).
2026-08-08 19:13:06.762 +05:30 [INF] Handling GetDashboardQuery
2026-08-08 19:13:06.842 +05:30 [INF] Handled GetDashboardQuery in 80ms
2026-08-08 19:13:06.843 +05:30 [INF] Executing OkObjectResult, writing value of type 'Billing.Shared.Results.Result`1[[Billing.Application.DTOs.DashboardDto, Billing.Application, Version=1.0.0.0, Culture=neutral, PublicKeyToken=null]]'.
2026-08-08 19:13:06.844 +05:30 [INF] Executed action Billing.API.Controllers.DashboardController.GetDashboard (Billing.API) in 82.7602ms
2026-08-08 19:13:06.844 +05:30 [INF] Executed endpoint 'Billing.API.Controllers.DashboardController.GetDashboard (Billing.API)'
2026-08-08 19:13:06.844 +05:30 [INF] HTTP GET /api/dashboard responded 200 in 84.2824 ms
2026-08-08 19:13:06.844 +05:30 [INF] Request finished HTTP/1.1 GET http://localhost:5000/api/dashboard?from=2026-07-09&to=2026-08-08 - 200 null application/json; charset=utf-8 84.9729ms
2026-08-08 19:13:08.000 +05:30 [INF] Request starting HTTP/1.1 GET http://localhost:5000/api/sales?page=1&pageSize=10 - null null
2026-08-08 19:13:08.001 +05:30 [INF] Executing endpoint 'Billing.API.Controllers.SalesController.GetSales (Billing.API)'
2026-08-08 19:13:08.002 +05:30 [INF] Route matched with {action = "GetSales", controller = "Sales"}. Executing controller action with signature System.Threading.Tasks.Task`1[Microsoft.AspNetCore.Mvc.IActionResult] GetSales(System.Nullable`1[System.DateTime], System.Nullable`1[System.DateTime], Int32, Int32, System.Threading.CancellationToken) on controller Billing.API.Controllers.SalesController (Billing.API).
2026-08-08 19:13:08.009 +05:30 [INF] Handling GetSalesQuery
2026-08-08 19:13:08.031 +05:30 [INF] Handled GetSalesQuery in 22ms
2026-08-08 19:13:08.031 +05:30 [INF] Executing OkObjectResult, writing value of type 'Billing.Shared.Results.Result`1[[Billing.Application.Common.PagedResult`1[[Billing.Application.DTOs.Sales.SaleDto, Billing.Application, Version=1.0.0.0, Culture=neutral, PublicKeyToken=null]], Billing.Application, Version=1.0.0.0, Culture=neutral, PublicKeyToken=null]]'.
2026-08-08 19:13:08.033 +05:30 [INF] Executed action Billing.API.Controllers.SalesController.GetSales (Billing.API) in 30.464ms
2026-08-08 19:13:08.033 +05:30 [INF] Executed endpoint 'Billing.API.Controllers.SalesController.GetSales (Billing.API)'
2026-08-08 19:13:08.033 +05:30 [INF] HTTP GET /api/sales responded 200 in 32.7564 ms
2026-08-08 19:13:08.033 +05:30 [INF] Request finished HTTP/1.1 GET http://localhost:5000/api/sales?page=1&pageSize=10 - 200 null application/json; charset=utf-8 33.1183ms
2026-08-08 19:13:10.736 +05:30 [INF] Request starting HTTP/1.1 GET http://localhost:5000/api/products?page=1&pageSize=10 - null null
2026-08-08 19:13:10.737 +05:30 [INF] Executing endpoint 'Billing.API.Controllers.ProductsController.GetProducts (Billing.API)'
2026-08-08 19:13:10.737 +05:30 [INF] Route matched with {action = "GetProducts", controller = "Products"}. Executing controller action with signature System.Threading.Tasks.Task`1[Microsoft.AspNetCore.Mvc.IActionResult] GetProducts(Int32, Int32, System.String, System.String, Boolean, System.Threading.CancellationToken) on controller Billing.API.Controllers.ProductsController (Billing.API).
2026-08-08 19:13:10.741 +05:30 [INF] Handling GetProductsQuery
2026-08-08 19:13:10.741 +05:30 [INF] Handled GetProductsQuery in 0ms
2026-08-08 19:13:10.741 +05:30 [INF] Executing OkObjectResult, writing value of type 'Billing.Shared.Results.Result`1[[Billing.Application.Common.PagedResult`1[[Billing.Application.DTOs.Products.ProductDto, Billing.Application, Version=1.0.0.0, Culture=neutral, PublicKeyToken=null]], Billing.Application, Version=1.0.0.0, Culture=neutral, PublicKeyToken=null]]'.
2026-08-08 19:13:10.742 +05:30 [INF] Executed action Billing.API.Controllers.ProductsController.GetProducts (Billing.API) in 4.6249ms
2026-08-08 19:13:10.742 +05:30 [INF] Executed endpoint 'Billing.API.Controllers.ProductsController.GetProducts (Billing.API)'
2026-08-08 19:13:10.742 +05:30 [INF] HTTP GET /api/products responded 200 in 6.0716 ms
2026-08-08 19:13:10.742 +05:30 [INF] Request finished HTTP/1.1 GET http://localhost:5000/api/products?page=1&pageSize=10 - 200 null application/json; charset=utf-8 6.1698ms
2026-08-08 19:13:11.872 +05:30 [INF] Request starting HTTP/1.1 GET http://localhost:5000/api/customers?page=1&pageSize=10 - null null
2026-08-08 19:13:11.873 +05:30 [INF] Executing endpoint 'Billing.API.Controllers.CustomersController.GetCustomers (Billing.API)'
2026-08-08 19:13:11.873 +05:30 [INF] Route matched with {action = "GetCustomers", controller = "Customers"}. Executing controller action with signature System.Threading.Tasks.Task`1[Microsoft.AspNetCore.Mvc.IActionResult] GetCustomers(Int32, Int32, System.String, System.Threading.CancellationToken) on controller Billing.API.Controllers.CustomersController (Billing.API).
2026-08-08 19:13:11.874 +05:30 [INF] Handling GetCustomersQuery
2026-08-08 19:13:11.904 +05:30 [INF] Handled GetCustomersQuery in 30ms
2026-08-08 19:13:11.905 +05:30 [INF] Executing OkObjectResult, writing value of type 'Billing.Shared.Results.Result`1[[Billing.Application.Common.PagedResult`1[[Billing.Application.DTOs.CustomerDto, Billing.Application, Version=1.0.0.0, Culture=neutral, PublicKeyToken=null]], Billing.Application, Version=1.0.0.0, Culture=neutral, PublicKeyToken=null]]'.
2026-08-08 19:13:11.906 +05:30 [INF] Executed action Billing.API.Controllers.CustomersController.GetCustomers (Billing.API) in 32.4589ms
2026-08-08 19:13:11.906 +05:30 [INF] Executed endpoint 'Billing.API.Controllers.CustomersController.GetCustomers (Billing.API)'
2026-08-08 19:13:11.906 +05:30 [INF] HTTP GET /api/customers responded 200 in 33.6905 ms
2026-08-08 19:13:11.906 +05:30 [INF] Request finished HTTP/1.1 GET http://localhost:5000/api/customers?page=1&pageSize=10 - 200 null application/json; charset=utf-8 33.8796ms
2026-08-08 19:13:12.839 +05:30 [INF] Request starting HTTP/1.1 GET http://localhost:5000/api/suppliers?page=1&pageSize=10 - null null
2026-08-08 19:13:12.840 +05:30 [INF] Executing endpoint 'Billing.API.Controllers.SuppliersController.GetSuppliers (Billing.API)'
2026-08-08 19:13:12.840 +05:30 [INF] Route matched with {action = "GetSuppliers", controller = "Suppliers"}. Executing controller action with signature System.Threading.Tasks.Task`1[Microsoft.AspNetCore.Mvc.IActionResult] GetSuppliers(Int32, Int32, System.String, System.Threading.CancellationToken) on controller Billing.API.Controllers.SuppliersController (Billing.API).
2026-08-08 19:13:12.840 +05:30 [INF] Handling GetSuppliersQuery
2026-08-08 19:13:12.868 +05:30 [INF] Handled GetSuppliersQuery in 27ms
2026-08-08 19:13:12.868 +05:30 [INF] Executing OkObjectResult, writing value of type 'Billing.Shared.Results.Result`1[[Billing.Application.Common.PagedResult`1[[Billing.Application.DTOs.SupplierDto, Billing.Application, Version=1.0.0.0, Culture=neutral, PublicKeyToken=null]], Billing.Application, Version=1.0.0.0, Culture=neutral, PublicKeyToken=null]]'.
2026-08-08 19:13:12.868 +05:30 [INF] Executed action Billing.API.Controllers.SuppliersController.GetSuppliers (Billing.API) in 28.4098ms
2026-08-08 19:13:12.868 +05:30 [INF] Executed endpoint 'Billing.API.Controllers.SuppliersController.GetSuppliers (Billing.API)'
2026-08-08 19:13:12.868 +05:30 [INF] HTTP GET /api/suppliers responded 200 in 29.1122 ms
2026-08-08 19:13:12.868 +05:30 [INF] Request finished HTTP/1.1 GET http://localhost:5000/api/suppliers?page=1&pageSize=10 - 200 null application/json; charset=utf-8 29.2513ms
2026-08-08 19:13:14.254 +05:30 [INF] Request starting HTTP/1.1 GET http://localhost:5000/api/suppliers?page=1&pageSize=1000 - null null
2026-08-08 19:13:14.255 +05:30 [INF] Executing endpoint 'Billing.API.Controllers.SuppliersController.GetSuppliers (Billing.API)'
2026-08-08 19:13:14.255 +05:30 [INF] Route matched with {action = "GetSuppliers", controller = "Suppliers"}. Executing controller action with signature System.Threading.Tasks.Task`1[Microsoft.AspNetCore.Mvc.IActionResult] GetSuppliers(Int32, Int32, System.String, System.Threading.CancellationToken) on controller Billing.API.Controllers.SuppliersController (Billing.API).
2026-08-08 19:13:14.255 +05:30 [INF] Request starting HTTP/1.1 GET http://localhost:5000/api/purchases?page=1&pageSize=10 - null null
2026-08-08 19:13:14.256 +05:30 [INF] Handling GetSuppliersQuery
2026-08-08 19:13:14.256 +05:30 [INF] Executing endpoint 'Billing.API.Controllers.PurchasesController.GetPurchases (Billing.API)'
2026-08-08 19:13:14.256 +05:30 [INF] Route matched with {action = "GetPurchases", controller = "Purchases"}. Executing controller action with signature System.Threading.Tasks.Task`1[Microsoft.AspNetCore.Mvc.IActionResult] GetPurchases(Int32, Int32, System.Threading.CancellationToken) on controller Billing.API.Controllers.PurchasesController (Billing.API).
2026-08-08 19:13:14.258 +05:30 [INF] Handling GetPurchasesQuery
2026-08-08 19:13:14.287 +05:30 [INF] Handled GetSuppliersQuery in 31ms
2026-08-08 19:13:14.288 +05:30 [INF] Executing OkObjectResult, writing value of type 'Billing.Shared.Results.Result`1[[Billing.Application.Common.PagedResult`1[[Billing.Application.DTOs.SupplierDto, Billing.Application, Version=1.0.0.0, Culture=neutral, PublicKeyToken=null]], Billing.Application, Version=1.0.0.0, Culture=neutral, PublicKeyToken=null]]'.
2026-08-08 19:13:14.288 +05:30 [INF] Executed action Billing.API.Controllers.SuppliersController.GetSuppliers (Billing.API) in 33.0281ms
2026-08-08 19:13:14.288 +05:30 [INF] Executed endpoint 'Billing.API.Controllers.SuppliersController.GetSuppliers (Billing.API)'
2026-08-08 19:13:14.288 +05:30 [INF] HTTP GET /api/suppliers responded 200 in 34.3027 ms
2026-08-08 19:13:14.289 +05:30 [INF] Request finished HTTP/1.1 GET http://localhost:5000/api/suppliers?page=1&pageSize=1000 - 200 null application/json; charset=utf-8 34.5059ms
2026-08-08 19:13:14.306 +05:30 [INF] Handled GetPurchasesQuery in 48ms
2026-08-08 19:13:14.307 +05:30 [INF] Executing OkObjectResult, writing value of type 'Billing.Shared.Results.Result`1[[Billing.Application.Common.PagedResult`1[[Billing.Application.DTOs.PurchaseDto, Billing.Application, Version=1.0.0.0, Culture=neutral, PublicKeyToken=null]], Billing.Application, Version=1.0.0.0, Culture=neutral, PublicKeyToken=null]]'.
2026-08-08 19:13:14.307 +05:30 [INF] Executed action Billing.API.Controllers.PurchasesController.GetPurchases (Billing.API) in 50.9916ms
2026-08-08 19:13:14.307 +05:30 [INF] Executed endpoint 'Billing.API.Controllers.PurchasesController.GetPurchases (Billing.API)'
2026-08-08 19:13:14.307 +05:30 [INF] HTTP GET /api/purchases responded 200 in 51.8385 ms
2026-08-08 19:13:14.307 +05:30 [INF] Request finished HTTP/1.1 GET http://localhost:5000/api/purchases?page=1&pageSize=10 - 200 null application/json; charset=utf-8 52.015ms
2026-08-08 19:13:15.325 +05:30 [INF] Request starting HTTP/1.1 GET http://localhost:5000/api/users - null null
2026-08-08 19:13:15.326 +05:30 [INF] Executing endpoint 'Billing.API.Controllers.UsersController.GetUsers (Billing.API)'
2026-08-08 19:13:15.326 +05:30 [INF] Route matched with {action = "GetUsers", controller = "Users"}. Executing controller action with signature System.Threading.Tasks.Task`1[Microsoft.AspNetCore.Mvc.IActionResult] GetUsers(System.Threading.CancellationToken) on controller Billing.API.Controllers.UsersController (Billing.API).
2026-08-08 19:13:15.326 +05:30 [INF] Handling GetUsersQuery
2026-08-08 19:13:15.398 +05:30 [INF] Handled GetUsersQuery in 71ms
2026-08-08 19:13:15.398 +05:30 [INF] Executing OkObjectResult, writing value of type 'Billing.Shared.Results.Result`1[[System.Collections.Generic.IReadOnlyList`1[[Billing.Application.DTOs.Users.UserDto, Billing.Application, Version=1.0.0.0, Culture=neutral, PublicKeyToken=null]], System.Private.CoreLib, Version=9.0.0.0, Culture=neutral, PublicKeyToken=7cec85d7bea7798e]]'.
2026-08-08 19:13:15.398 +05:30 [INF] Executed action Billing.API.Controllers.UsersController.GetUsers (Billing.API) in 72.4659ms
2026-08-08 19:13:15.398 +05:30 [INF] Executed endpoint 'Billing.API.Controllers.UsersController.GetUsers (Billing.API)'
2026-08-08 19:13:15.398 +05:30 [INF] HTTP GET /api/users responded 200 in 73.0523 ms
2026-08-08 19:13:15.398 +05:30 [INF] Request finished HTTP/1.1 GET http://localhost:5000/api/users - 200 null application/json; charset=utf-8 73.2354ms
2026-08-08 19:14:38.300 +05:30 [INF] Request starting HTTP/1.1 GET http://localhost:5000/api/users - null null
2026-08-08 19:14:38.300 +05:30 [INF] Executing endpoint 'Billing.API.Controllers.UsersController.GetUsers (Billing.API)'
2026-08-08 19:14:38.301 +05:30 [INF] Route matched with {action = "GetUsers", controller = "Users"}. Executing controller action with signature System.Threading.Tasks.Task`1[Microsoft.AspNetCore.Mvc.IActionResult] GetUsers(System.Threading.CancellationToken) on controller Billing.API.Controllers.UsersController (Billing.API).
2026-08-08 19:14:38.301 +05:30 [INF] Handling GetUsersQuery
2026-08-08 19:14:38.400 +05:30 [INF] Handled GetUsersQuery in 99ms
2026-08-08 19:14:38.400 +05:30 [INF] Executing OkObjectResult, writing value of type 'Billing.Shared.Results.Result`1[[System.Collections.Generic.IReadOnlyList`1[[Billing.Application.DTOs.Users.UserDto, Billing.Application, Version=1.0.0.0, Culture=neutral, PublicKeyToken=null]], System.Private.CoreLib, Version=9.0.0.0, Culture=neutral, PublicKeyToken=7cec85d7bea7798e]]'.
2026-08-08 19:14:38.400 +05:30 [INF] Executed action Billing.API.Controllers.UsersController.GetUsers (Billing.API) in 99.8939ms
2026-08-08 19:14:38.400 +05:30 [INF] Executed endpoint 'Billing.API.Controllers.UsersController.GetUsers (Billing.API)'
2026-08-08 19:14:38.401 +05:30 [INF] HTTP GET /api/users responded 200 in 100.6880 ms
2026-08-08 19:14:38.401 +05:30 [INF] Request finished HTTP/1.1 GET http://localhost:5000/api/users - 200 null application/json; charset=utf-8 100.8594ms
2026-08-08 19:14:41.110 +05:30 [INF] Request starting HTTP/1.1 GET http://localhost:5000/api/users - null null
2026-08-08 19:14:41.111 +05:30 [INF] Executing endpoint 'Billing.API.Controllers.UsersController.GetUsers (Billing.API)'
2026-08-08 19:14:41.111 +05:30 [INF] Route matched with {action = "GetUsers", controller = "Users"}. Executing controller action with signature System.Threading.Tasks.Task`1[Microsoft.AspNetCore.Mvc.IActionResult] GetUsers(System.Threading.CancellationToken) on controller Billing.API.Controllers.UsersController (Billing.API).
2026-08-08 19:14:41.111 +05:30 [INF] Handling GetUsersQuery
2026-08-08 19:14:41.161 +05:30 [INF] Handled GetUsersQuery in 49ms
2026-08-08 19:14:41.161 +05:30 [INF] Executing OkObjectResult, writing value of type 'Billing.Shared.Results.Result`1[[System.Collections.Generic.IReadOnlyList`1[[Billing.Application.DTOs.Users.UserDto, Billing.Application, Version=1.0.0.0, Culture=neutral, PublicKeyToken=null]], System.Private.CoreLib, Version=9.0.0.0, Culture=neutral, PublicKeyToken=7cec85d7bea7798e]]'.
2026-08-08 19:14:41.161 +05:30 [INF] Executed action Billing.API.Controllers.UsersController.GetUsers (Billing.API) in 50.3368ms
2026-08-08 19:14:41.161 +05:30 [INF] Executed endpoint 'Billing.API.Controllers.UsersController.GetUsers (Billing.API)'
2026-08-08 19:14:41.161 +05:30 [INF] HTTP GET /api/users responded 200 in 51.0553 ms
2026-08-08 19:14:41.161 +05:30 [INF] Request finished HTTP/1.1 GET http://localhost:5000/api/users - 200 null application/json; charset=utf-8 51.1836ms
2026-08-08 19:15:24.073 +05:30 [INF] Request starting HTTP/1.1 GET http://localhost:5000/api/users - null null
2026-08-08 19:15:24.073 +05:30 [INF] Executing endpoint 'Billing.API.Controllers.UsersController.GetUsers (Billing.API)'
2026-08-08 19:15:24.073 +05:30 [INF] Route matched with {action = "GetUsers", controller = "Users"}. Executing controller action with signature System.Threading.Tasks.Task`1[Microsoft.AspNetCore.Mvc.IActionResult] GetUsers(System.Threading.CancellationToken) on controller Billing.API.Controllers.UsersController (Billing.API).
2026-08-08 19:15:24.073 +05:30 [INF] Handling GetUsersQuery
2026-08-08 19:15:24.117 +05:30 [INF] Handled GetUsersQuery in 43ms
2026-08-08 19:15:24.118 +05:30 [INF] Executing OkObjectResult, writing value of type 'Billing.Shared.Results.Result`1[[System.Collections.Generic.IReadOnlyList`1[[Billing.Application.DTOs.Users.UserDto, Billing.Application, Version=1.0.0.0, Culture=neutral, PublicKeyToken=null]], System.Private.CoreLib, Version=9.0.0.0, Culture=neutral, PublicKeyToken=7cec85d7bea7798e]]'.
2026-08-08 19:15:24.119 +05:30 [INF] Executed action Billing.API.Controllers.UsersController.GetUsers (Billing.API) in 45.9045ms
2026-08-08 19:15:24.119 +05:30 [INF] Executed endpoint 'Billing.API.Controllers.UsersController.GetUsers (Billing.API)'
2026-08-08 19:15:24.119 +05:30 [INF] HTTP GET /api/users responded 200 in 46.6124 ms
2026-08-08 19:15:24.119 +05:30 [INF] Request finished HTTP/1.1 GET http://localhost:5000/api/users - 200 null application/json; charset=utf-8 46.8195ms
2026-08-08 19:15:34.030 +05:30 [INF] Request starting HTTP/1.1 GET http://localhost:5000/api/users - null null
2026-08-08 19:15:34.030 +05:30 [INF] Executing endpoint 'Billing.API.Controllers.UsersController.GetUsers (Billing.API)'
2026-08-08 19:15:34.031 +05:30 [INF] Route matched with {action = "GetUsers", controller = "Users"}. Executing controller action with signature System.Threading.Tasks.Task`1[Microsoft.AspNetCore.Mvc.IActionResult] GetUsers(System.Threading.CancellationToken) on controller Billing.API.Controllers.UsersController (Billing.API).
2026-08-08 19:15:34.031 +05:30 [INF] Handling GetUsersQuery
2026-08-08 19:15:34.143 +05:30 [INF] Handled GetUsersQuery in 112ms
2026-08-08 19:15:34.143 +05:30 [INF] Executing OkObjectResult, writing value of type 'Billing.Shared.Results.Result`1[[System.Collections.Generic.IReadOnlyList`1[[Billing.Application.DTOs.Users.UserDto, Billing.Application, Version=1.0.0.0, Culture=neutral, PublicKeyToken=null]], System.Private.CoreLib, Version=9.0.0.0, Culture=neutral, PublicKeyToken=7cec85d7bea7798e]]'.
2026-08-08 19:15:34.144 +05:30 [INF] Executed action Billing.API.Controllers.UsersController.GetUsers (Billing.API) in 113.2893ms
2026-08-08 19:15:34.144 +05:30 [INF] Executed endpoint 'Billing.API.Controllers.UsersController.GetUsers (Billing.API)'
2026-08-08 19:15:34.144 +05:30 [INF] HTTP GET /api/users responded 200 in 114.5368 ms
2026-08-08 19:15:34.144 +05:30 [INF] Request finished HTTP/1.1 GET http://localhost:5000/api/users - 200 null application/json; charset=utf-8 114.7766ms
2026-08-08 19:23:52.019 +05:30 [INF] Request starting HTTP/1.1 GET http://localhost:5000/api/dashboard?from=2026-07-09&to=2026-08-08 - null null
2026-08-08 19:23:52.028 +05:30 [INF] Executing endpoint 'Billing.API.Controllers.DashboardController.GetDashboard (Billing.API)'
2026-08-08 19:23:52.030 +05:30 [INF] Route matched with {action = "GetDashboard", controller = "Dashboard"}. Executing controller action with signature System.Threading.Tasks.Task`1[Microsoft.AspNetCore.Mvc.IActionResult] GetDashboard(System.Nullable`1[System.DateTime], System.Nullable`1[System.DateTime], System.Threading.CancellationToken) on controller Billing.API.Controllers.DashboardController (Billing.API).
2026-08-08 19:23:52.048 +05:30 [INF] Handling GetDashboardQuery
2026-08-08 19:23:52.193 +05:30 [INF] Handled GetDashboardQuery in 144ms
2026-08-08 19:23:52.193 +05:30 [INF] Executing OkObjectResult, writing value of type 'Billing.Shared.Results.Result`1[[Billing.Application.DTOs.DashboardDto, Billing.Application, Version=1.0.0.0, Culture=neutral, PublicKeyToken=null]]'.
2026-08-08 19:23:52.202 +05:30 [INF] Executed action Billing.API.Controllers.DashboardController.GetDashboard (Billing.API) in 171.9509ms
2026-08-08 19:23:52.202 +05:30 [INF] Executed endpoint 'Billing.API.Controllers.DashboardController.GetDashboard (Billing.API)'
2026-08-08 19:23:52.202 +05:30 [INF] HTTP GET /api/dashboard responded 200 in 181.3760 ms
2026-08-08 19:23:52.202 +05:30 [INF] Request finished HTTP/1.1 GET http://localhost:5000/api/dashboard?from=2026-07-09&to=2026-08-08 - 200 null application/json; charset=utf-8 183.6799ms
2026-08-08 19:24:05.708 +05:30 [INF] Request starting HTTP/1.1 GET http://localhost:5000/api/sales?page=1&pageSize=10 - null null
2026-08-08 19:24:05.710 +05:30 [INF] Executing endpoint 'Billing.API.Controllers.SalesController.GetSales (Billing.API)'
2026-08-08 19:24:05.710 +05:30 [INF] Route matched with {action = "GetSales", controller = "Sales"}. Executing controller action with signature System.Threading.Tasks.Task`1[Microsoft.AspNetCore.Mvc.IActionResult] GetSales(System.Nullable`1[System.DateTime], System.Nullable`1[System.DateTime], Int32, Int32, System.Threading.CancellationToken) on controller Billing.API.Controllers.SalesController (Billing.API).
2026-08-08 19:24:05.714 +05:30 [INF] Handling GetSalesQuery
2026-08-08 19:24:05.759 +05:30 [INF] Handled GetSalesQuery in 45ms
2026-08-08 19:24:05.760 +05:30 [INF] Executing OkObjectResult, writing value of type 'Billing.Shared.Results.Result`1[[Billing.Application.Common.PagedResult`1[[Billing.Application.DTOs.Sales.SaleDto, Billing.Application, Version=1.0.0.0, Culture=neutral, PublicKeyToken=null]], Billing.Application, Version=1.0.0.0, Culture=neutral, PublicKeyToken=null]]'.
2026-08-08 19:24:05.765 +05:30 [INF] Executed action Billing.API.Controllers.SalesController.GetSales (Billing.API) in 54.9373ms
2026-08-08 19:24:05.765 +05:30 [INF] Executed endpoint 'Billing.API.Controllers.SalesController.GetSales (Billing.API)'
2026-08-08 19:24:05.765 +05:30 [INF] HTTP GET /api/sales responded 200 in 56.7713 ms
2026-08-08 19:24:05.765 +05:30 [INF] Request finished HTTP/1.1 GET http://localhost:5000/api/sales?page=1&pageSize=10 - 200 null application/json; charset=utf-8 57.0585ms
2026-08-08 19:24:11.272 +05:30 [INF] Request starting HTTP/1.1 GET http://localhost:5000/api/suppliers?page=1&pageSize=10 - null null
2026-08-08 19:24:11.273 +05:30 [INF] Executing endpoint 'Billing.API.Controllers.SuppliersController.GetSuppliers (Billing.API)'
2026-08-08 19:24:11.274 +05:30 [INF] Route matched with {action = "GetSuppliers", controller = "Suppliers"}. Executing controller action with signature System.Threading.Tasks.Task`1[Microsoft.AspNetCore.Mvc.IActionResult] GetSuppliers(Int32, Int32, System.String, System.Threading.CancellationToken) on controller Billing.API.Controllers.SuppliersController (Billing.API).
2026-08-08 19:24:11.275 +05:30 [INF] Handling GetSuppliersQuery
2026-08-08 19:24:11.311 +05:30 [INF] Handled GetSuppliersQuery in 35ms
2026-08-08 19:24:11.311 +05:30 [INF] Executing OkObjectResult, writing value of type 'Billing.Shared.Results.Result`1[[Billing.Application.Common.PagedResult`1[[Billing.Application.DTOs.SupplierDto, Billing.Application, Version=1.0.0.0, Culture=neutral, PublicKeyToken=null]], Billing.Application, Version=1.0.0.0, Culture=neutral, PublicKeyToken=null]]'.
2026-08-08 19:24:11.313 +05:30 [INF] Executed action Billing.API.Controllers.SuppliersController.GetSuppliers (Billing.API) in 38.9765ms
2026-08-08 19:24:11.313 +05:30 [INF] Executed endpoint 'Billing.API.Controllers.SuppliersController.GetSuppliers (Billing.API)'
2026-08-08 19:24:11.313 +05:30 [INF] HTTP GET /api/suppliers responded 200 in 40.4576 ms
2026-08-08 19:24:11.313 +05:30 [INF] Request finished HTTP/1.1 GET http://localhost:5000/api/suppliers?page=1&pageSize=10 - 200 null application/json; charset=utf-8 40.8627ms
2026-08-08 19:24:14.923 +05:30 [INF] Request starting HTTP/1.1 GET http://localhost:5000/api/customers?page=1&pageSize=10 - null null
2026-08-08 19:24:14.924 +05:30 [INF] Executing endpoint 'Billing.API.Controllers.CustomersController.GetCustomers (Billing.API)'
2026-08-08 19:24:14.924 +05:30 [INF] Route matched with {action = "GetCustomers", controller = "Customers"}. Executing controller action with signature System.Threading.Tasks.Task`1[Microsoft.AspNetCore.Mvc.IActionResult] GetCustomers(Int32, Int32, System.String, System.Threading.CancellationToken) on controller Billing.API.Controllers.CustomersController (Billing.API).
2026-08-08 19:24:14.924 +05:30 [INF] Handling GetCustomersQuery
2026-08-08 19:24:14.951 +05:30 [INF] Handled GetCustomersQuery in 26ms
2026-08-08 19:24:14.951 +05:30 [INF] Executing OkObjectResult, writing value of type 'Billing.Shared.Results.Result`1[[Billing.Application.Common.PagedResult`1[[Billing.Application.DTOs.CustomerDto, Billing.Application, Version=1.0.0.0, Culture=neutral, PublicKeyToken=null]], Billing.Application, Version=1.0.0.0, Culture=neutral, PublicKeyToken=null]]'.
2026-08-08 19:24:14.953 +05:30 [INF] Executed action Billing.API.Controllers.CustomersController.GetCustomers (Billing.API) in 28.6258ms
2026-08-08 19:24:14.953 +05:30 [INF] Executed endpoint 'Billing.API.Controllers.CustomersController.GetCustomers (Billing.API)'
2026-08-08 19:24:14.954 +05:30 [INF] HTTP GET /api/customers responded 200 in 30.0565 ms
2026-08-08 19:24:14.954 +05:30 [INF] Request finished HTTP/1.1 GET http://localhost:5000/api/customers?page=1&pageSize=10 - 200 null application/json; charset=utf-8 30.4044ms
2026-08-08 19:24:16.749 +05:30 [INF] Request starting HTTP/1.1 GET http://localhost:5000/api/users - null null
2026-08-08 19:24:16.750 +05:30 [INF] Executing endpoint 'Billing.API.Controllers.UsersController.GetUsers (Billing.API)'
2026-08-08 19:24:16.750 +05:30 [INF] Route matched with {action = "GetUsers", controller = "Users"}. Executing controller action with signature System.Threading.Tasks.Task`1[Microsoft.AspNetCore.Mvc.IActionResult] GetUsers(System.Threading.CancellationToken) on controller Billing.API.Controllers.UsersController (Billing.API).
2026-08-08 19:24:16.750 +05:30 [INF] Handling GetUsersQuery
2026-08-08 19:24:16.819 +05:30 [INF] Handled GetUsersQuery in 68ms
2026-08-08 19:24:16.819 +05:30 [INF] Executing OkObjectResult, writing value of type 'Billing.Shared.Results.Result`1[[System.Collections.Generic.IReadOnlyList`1[[Billing.Application.DTOs.Users.UserDto, Billing.Application, Version=1.0.0.0, Culture=neutral, PublicKeyToken=null]], System.Private.CoreLib, Version=9.0.0.0, Culture=neutral, PublicKeyToken=7cec85d7bea7798e]]'.
2026-08-08 19:24:16.819 +05:30 [INF] Executed action Billing.API.Controllers.UsersController.GetUsers (Billing.API) in 69.4539ms
2026-08-08 19:24:16.820 +05:30 [INF] Executed endpoint 'Billing.API.Controllers.UsersController.GetUsers (Billing.API)'
2026-08-08 19:24:16.820 +05:30 [INF] HTTP GET /api/users responded 200 in 70.7516 ms
2026-08-08 19:24:16.820 +05:30 [INF] Request finished HTTP/1.1 GET http://localhost:5000/api/users - 200 null application/json; charset=utf-8 70.8881ms
2026-08-08 19:24:26.279 +05:30 [INF] Request starting HTTP/1.1 PUT http://localhost:5000/api/users/e5555555-0000-0000-0000-000000000002 - application/json 37
2026-08-08 19:24:26.293 +05:30 [INF] CORS policy execution successful.
2026-08-08 19:24:26.299 +05:30 [INF] Executing endpoint 'Billing.API.Controllers.UsersController.UpdateUser (Billing.API)'
2026-08-08 19:24:26.352 +05:30 [INF] Route matched with {action = "UpdateUser", controller = "Users"}. Executing controller action with signature System.Threading.Tasks.Task`1[Microsoft.AspNetCore.Mvc.IActionResult] UpdateUser(System.Guid, Billing.Application.DTOs.Users.UpdateUserRequest, System.Threading.CancellationToken) on controller Billing.API.Controllers.UsersController (Billing.API).
2026-08-08 19:24:26.445 +05:30 [INF] Handling UpdateUserCommand
2026-08-08 19:24:26.612 +05:30 [INF] Handled UpdateUserCommand in 168ms
2026-08-08 19:24:26.614 +05:30 [INF] Executing OkObjectResult, writing value of type 'Billing.Shared.Results.Result'.
2026-08-08 19:24:26.621 +05:30 [INF] Executed action Billing.API.Controllers.UsersController.UpdateUser (Billing.API) in 268.8045ms
2026-08-08 19:24:26.621 +05:30 [INF] Executed endpoint 'Billing.API.Controllers.UsersController.UpdateUser (Billing.API)'
2026-08-08 19:24:26.621 +05:30 [INF] HTTP PUT /api/users/e5555555-0000-0000-0000-000000000002 responded 200 in 332.0138 ms
2026-08-08 19:24:26.623 +05:30 [INF] Request finished HTTP/1.1 PUT http://localhost:5000/api/users/e5555555-0000-0000-0000-000000000002 - 200 null application/json; charset=utf-8 343.9003ms
2026-08-08 19:24:26.638 +05:30 [INF] Request starting HTTP/1.1 GET http://localhost:5000/api/users - null null
2026-08-08 19:24:26.639 +05:30 [INF] Executing endpoint 'Billing.API.Controllers.UsersController.GetUsers (Billing.API)'
2026-08-08 19:24:26.639 +05:30 [INF] Route matched with {action = "GetUsers", controller = "Users"}. Executing controller action with signature System.Threading.Tasks.Task`1[Microsoft.AspNetCore.Mvc.IActionResult] GetUsers(System.Threading.CancellationToken) on controller Billing.API.Controllers.UsersController (Billing.API).
2026-08-08 19:24:26.640 +05:30 [INF] Handling GetUsersQuery
2026-08-08 19:24:26.735 +05:30 [INF] Handled GetUsersQuery in 95ms
2026-08-08 19:24:26.735 +05:30 [INF] Executing OkObjectResult, writing value of type 'Billing.Shared.Results.Result`1[[System.Collections.Generic.IReadOnlyList`1[[Billing.Application.DTOs.Users.UserDto, Billing.Application, Version=1.0.0.0, Culture=neutral, PublicKeyToken=null]], System.Private.CoreLib, Version=9.0.0.0, Culture=neutral, PublicKeyToken=7cec85d7bea7798e]]'.
2026-08-08 19:24:26.736 +05:30 [INF] Executed action Billing.API.Controllers.UsersController.GetUsers (Billing.API) in 96.2897ms
2026-08-08 19:24:26.736 +05:30 [INF] Executed endpoint 'Billing.API.Controllers.UsersController.GetUsers (Billing.API)'
2026-08-08 19:24:26.736 +05:30 [INF] HTTP GET /api/users responded 200 in 97.3233 ms
2026-08-08 19:24:26.736 +05:30 [INF] Request finished HTTP/1.1 GET http://localhost:5000/api/users - 200 null application/json; charset=utf-8 97.4567ms
2026-08-08 19:24:27.989 +05:30 [INF] Request starting HTTP/1.1 PUT http://localhost:5000/api/users/e5555555-0000-0000-0000-000000000002 - application/json 36
2026-08-08 19:24:27.989 +05:30 [INF] CORS policy execution successful.
2026-08-08 19:24:27.990 +05:30 [INF] Executing endpoint 'Billing.API.Controllers.UsersController.UpdateUser (Billing.API)'
2026-08-08 19:24:27.990 +05:30 [INF] Route matched with {action = "UpdateUser", controller = "Users"}. Executing controller action with signature System.Threading.Tasks.Task`1[Microsoft.AspNetCore.Mvc.IActionResult] UpdateUser(System.Guid, Billing.Application.DTOs.Users.UpdateUserRequest, System.Threading.CancellationToken) on controller Billing.API.Controllers.UsersController (Billing.API).
2026-08-08 19:24:27.993 +05:30 [INF] Handling UpdateUserCommand
2026-08-08 19:24:28.074 +05:30 [INF] Handled UpdateUserCommand in 81ms
2026-08-08 19:24:28.074 +05:30 [INF] Executing OkObjectResult, writing value of type 'Billing.Shared.Results.Result'.
2026-08-08 19:24:28.074 +05:30 [INF] Executed action Billing.API.Controllers.UsersController.UpdateUser (Billing.API) in 83.9909ms
2026-08-08 19:24:28.074 +05:30 [INF] Executed endpoint 'Billing.API.Controllers.UsersController.UpdateUser (Billing.API)'
2026-08-08 19:24:28.074 +05:30 [INF] HTTP PUT /api/users/e5555555-0000-0000-0000-000000000002 responded 200 in 85.0762 ms
2026-08-08 19:24:28.074 +05:30 [INF] Request finished HTTP/1.1 PUT http://localhost:5000/api/users/e5555555-0000-0000-0000-000000000002 - 200 null application/json; charset=utf-8 85.3673ms
2026-08-08 19:24:28.088 +05:30 [INF] Request starting HTTP/1.1 GET http://localhost:5000/api/users - null null
2026-08-08 19:24:28.090 +05:30 [INF] Executing endpoint 'Billing.API.Controllers.UsersController.GetUsers (Billing.API)'
2026-08-08 19:24:28.090 +05:30 [INF] Route matched with {action = "GetUsers", controller = "Users"}. Executing controller action with signature System.Threading.Tasks.Task`1[Microsoft.AspNetCore.Mvc.IActionResult] GetUsers(System.Threading.CancellationToken) on controller Billing.API.Controllers.UsersController (Billing.API).
2026-08-08 19:24:28.090 +05:30 [INF] Handling GetUsersQuery
2026-08-08 19:24:28.165 +05:30 [INF] Handled GetUsersQuery in 75ms
2026-08-08 19:24:28.165 +05:30 [INF] Executing OkObjectResult, writing value of type 'Billing.Shared.Results.Result`1[[System.Collections.Generic.IReadOnlyList`1[[Billing.Application.DTOs.Users.UserDto, Billing.Application, Version=1.0.0.0, Culture=neutral, PublicKeyToken=null]], System.Private.CoreLib, Version=9.0.0.0, Culture=neutral, PublicKeyToken=7cec85d7bea7798e]]'.
2026-08-08 19:24:28.166 +05:30 [INF] Executed action Billing.API.Controllers.UsersController.GetUsers (Billing.API) in 75.8273ms
2026-08-08 19:24:28.166 +05:30 [INF] Executed endpoint 'Billing.API.Controllers.UsersController.GetUsers (Billing.API)'
2026-08-08 19:24:28.166 +05:30 [INF] HTTP GET /api/users responded 200 in 77.1035 ms
2026-08-08 19:24:28.166 +05:30 [INF] Request finished HTTP/1.1 GET http://localhost:5000/api/users - 200 null application/json; charset=utf-8 77.3192ms
2026-08-08 19:27:16.126 +05:30 [INF] User profile is available. Using 'C:\Users\susha\AppData\Local\ASP.NET\DataProtection-Keys' as key repository and Windows DPAPI to encrypt keys at rest.
2026-08-08 19:27:16.217 +05:30 [INF] Now listening on: http://localhost:5000
2026-08-08 19:27:16.219 +05:30 [INF] Application started. Press Ctrl+C to shut down.
2026-08-08 19:27:16.219 +05:30 [INF] Hosting environment: Development
2026-08-08 19:27:16.219 +05:30 [INF] Content root path: D:\Projects\ERP\NewShop\src\Billing.API
2026-08-08 19:27:54.608 +05:30 [INF] Request starting HTTP/1.1 GET http://localhost:5000/api/users - null null
2026-08-08 19:27:54.856 +05:30 [INF] Executing endpoint 'Billing.API.Controllers.UsersController.GetUsers (Billing.API)'
2026-08-08 19:27:54.896 +05:30 [INF] Route matched with {action = "GetUsers", controller = "Users"}. Executing controller action with signature System.Threading.Tasks.Task`1[Microsoft.AspNetCore.Mvc.IActionResult] GetUsers(System.Threading.CancellationToken) on controller Billing.API.Controllers.UsersController (Billing.API).
2026-08-08 19:27:54.926 +05:30 [INF] Handling GetUsersQuery
2026-08-08 19:27:55.886 +05:30 [INF] Handled GetUsersQuery in 960ms
2026-08-08 19:27:55.896 +05:30 [INF] Executing OkObjectResult, writing value of type 'Billing.Shared.Results.Result`1[[System.Collections.Generic.IReadOnlyList`1[[Billing.Application.DTOs.Users.UserDto, Billing.Application, Version=1.0.0.0, Culture=neutral, PublicKeyToken=null]], System.Private.CoreLib, Version=9.0.0.0, Culture=neutral, PublicKeyToken=7cec85d7bea7798e]]'.
2026-08-08 19:27:55.984 +05:30 [INF] Executed action Billing.API.Controllers.UsersController.GetUsers (Billing.API) in 1083.0726ms
2026-08-08 19:27:55.985 +05:30 [INF] Executed endpoint 'Billing.API.Controllers.UsersController.GetUsers (Billing.API)'
2026-08-08 19:27:55.991 +05:30 [INF] HTTP GET /api/users responded 200 in 1321.1251 ms
2026-08-08 19:27:55.994 +05:30 [INF] Request finished HTTP/1.1 GET http://localhost:5000/api/users - 200 null application/json; charset=utf-8 1389.651ms
2026-08-08 19:28:20.905 +05:30 [INF] Request starting HTTP/1.1 GET http://localhost:5000/api/dashboard?from=2026-07-09&to=2026-08-08 - null null
2026-08-08 19:28:20.919 +05:30 [INF] Executing endpoint 'Billing.API.Controllers.DashboardController.GetDashboard (Billing.API)'
2026-08-08 19:28:20.933 +05:30 [INF] Route matched with {action = "GetDashboard", controller = "Dashboard"}. Executing controller action with signature System.Threading.Tasks.Task`1[Microsoft.AspNetCore.Mvc.IActionResult] GetDashboard(System.Nullable`1[System.DateTime], System.Nullable`1[System.DateTime], System.Threading.CancellationToken) on controller Billing.API.Controllers.DashboardController (Billing.API).
2026-08-08 19:28:20.949 +05:30 [INF] Handling GetDashboardQuery
2026-08-08 19:28:29.291 +05:30 [WRN] Redis connection failed; falling back to in-memory cache.
StackExchange.Redis.RedisConnectionException: It was not possible to connect to the redis server(s). Error connecting right now. To allow this multiplexer to continue retrying until it's able to connect, use abortConnect=false in your connection string or AbortOnConnectFail=false; in your code.
   at StackExchange.Redis.ConnectionMultiplexer.ConnectImplAsync(ConfigurationOptions configuration, TextWriter writer, Nullable`1 serverType) in /_/src/StackExchange.Redis/ConnectionMultiplexer.cs:line 620
   at Billing.Infrastructure.Caching.RedisCacheService.GetDatabaseAsync() in D:\Projects\ERP\NewShop\src\Billing.Infrastructure\Caching\RedisCacheService.cs:line 44
2026-08-08 19:28:29.572 +05:30 [INF] Handled GetDashboardQuery in 8623ms
2026-08-08 19:28:29.573 +05:30 [INF] Executing OkObjectResult, writing value of type 'Billing.Shared.Results.Result`1[[Billing.Application.DTOs.DashboardDto, Billing.Application, Version=1.0.0.0, Culture=neutral, PublicKeyToken=null]]'.
2026-08-08 19:28:29.612 +05:30 [INF] Executed action Billing.API.Controllers.DashboardController.GetDashboard (Billing.API) in 8678.9525ms
2026-08-08 19:28:29.612 +05:30 [INF] Executed endpoint 'Billing.API.Controllers.DashboardController.GetDashboard (Billing.API)'
2026-08-08 19:28:29.612 +05:30 [INF] HTTP GET /api/dashboard responded 200 in 8702.8110 ms
2026-08-08 19:28:29.612 +05:30 [INF] Request finished HTTP/1.1 GET http://localhost:5000/api/dashboard?from=2026-07-09&to=2026-08-08 - 200 null application/json; charset=utf-8 8707.8272ms
2026-08-08 19:28:57.802 +05:30 [INF] Request starting HTTP/1.1 GET http://localhost:5000/api/customers?page=1&pageSize=50 - null null
2026-08-08 19:28:57.816 +05:30 [INF] Failed to validate the token.
Microsoft.IdentityModel.Tokens.SecurityTokenExpiredException: IDX10223: Lifetime validation failed. The token is expired. ValidTo (UTC): '8/8/2026 1:57:56 PM', Current time (UTC): '8/8/2026 1:58:57 PM'.
   at Microsoft.IdentityModel.Tokens.ValidatorUtilities.ValidateLifetime(Nullable`1 notBefore, Nullable`1 expires, SecurityToken securityToken, TokenValidationParameters validationParameters)
   at Microsoft.IdentityModel.Tokens.Validators.ValidateLifetime(Nullable`1 notBefore, Nullable`1 expires, SecurityToken securityToken, TokenValidationParameters validationParameters)
   at Microsoft.IdentityModel.JsonWebTokens.JsonWebTokenHandler.ValidateTokenPayloadAsync(JsonWebToken jsonWebToken, TokenValidationParameters validationParameters, BaseConfiguration configuration)
   at Microsoft.IdentityModel.JsonWebTokens.JsonWebTokenHandler.ValidateJWSAsync(JsonWebToken jsonWebToken, TokenValidationParameters validationParameters, BaseConfiguration configuration)
2026-08-08 19:28:57.816 +05:30 [INF] Bearer was not authenticated. Failure message: IDX10223: Lifetime validation failed. The token is expired. ValidTo (UTC): '8/8/2026 1:57:56 PM', Current time (UTC): '8/8/2026 1:58:57 PM'.
2026-08-08 19:28:57.823 +05:30 [INF] Authorization failed. These requirements were not met:
DenyAnonymousAuthorizationRequirement: Requires an authenticated user.
Billing.Identity.Authorization.PermissionRequirement
2026-08-08 19:28:57.830 +05:30 [INF] AuthenticationScheme: Bearer was challenged.
2026-08-08 19:28:57.830 +05:30 [INF] HTTP GET /api/customers responded 401 in 27.5891 ms
2026-08-08 19:28:57.831 +05:30 [INF] Request finished HTTP/1.1 GET http://localhost:5000/api/customers?page=1&pageSize=50 - 401 0 null 28.0276ms
2026-08-08 19:28:57.844 +05:30 [INF] Request starting HTTP/1.1 POST http://localhost:5000/api/auth/refresh - application/json 1640
2026-08-08 19:28:57.847 +05:30 [INF] CORS policy execution successful.
2026-08-08 19:28:57.849 +05:30 [INF] Failed to validate the token.
Microsoft.IdentityModel.Tokens.SecurityTokenExpiredException: IDX10223: Lifetime validation failed. The token is expired. ValidTo (UTC): '8/8/2026 1:57:56 PM', Current time (UTC): '8/8/2026 1:58:57 PM'.
   at Microsoft.IdentityModel.Tokens.ValidatorUtilities.ValidateLifetime(Nullable`1 notBefore, Nullable`1 expires, SecurityToken securityToken, TokenValidationParameters validationParameters)
   at Microsoft.IdentityModel.Tokens.Validators.ValidateLifetime(Nullable`1 notBefore, Nullable`1 expires, SecurityToken securityToken, TokenValidationParameters validationParameters)
   at Microsoft.IdentityModel.JsonWebTokens.JsonWebTokenHandler.ValidateTokenPayloadAsync(JsonWebToken jsonWebToken, TokenValidationParameters validationParameters, BaseConfiguration configuration)
   at Microsoft.IdentityModel.JsonWebTokens.JsonWebTokenHandler.ValidateJWSAsync(JsonWebToken jsonWebToken, TokenValidationParameters validationParameters, BaseConfiguration configuration)
2026-08-08 19:28:57.849 +05:30 [INF] Bearer was not authenticated. Failure message: IDX10223: Lifetime validation failed. The token is expired. ValidTo (UTC): '8/8/2026 1:57:56 PM', Current time (UTC): '8/8/2026 1:58:57 PM'.
2026-08-08 19:28:57.849 +05:30 [INF] Executing endpoint 'Billing.API.Controllers.AuthController.Refresh (Billing.API)'
2026-08-08 19:28:57.861 +05:30 [INF] Route matched with {action = "Refresh", controller = "Auth"}. Executing controller action with signature System.Threading.Tasks.Task`1[Microsoft.AspNetCore.Mvc.IActionResult] Refresh(Billing.Application.DTOs.Auth.RefreshRequest, System.Threading.CancellationToken) on controller Billing.API.Controllers.AuthController (Billing.API).
2026-08-08 19:28:58.104 +05:30 [INF] Executing OkObjectResult, writing value of type 'Billing.Shared.Results.Result`1[[Billing.Application.DTOs.Auth.RefreshResponse, Billing.Application, Version=1.0.0.0, Culture=neutral, PublicKeyToken=null]]'.
2026-08-08 19:28:58.110 +05:30 [INF] Executed action Billing.API.Controllers.AuthController.Refresh (Billing.API) in 249.3181ms
2026-08-08 19:28:58.110 +05:30 [INF] Executed endpoint 'Billing.API.Controllers.AuthController.Refresh (Billing.API)'
2026-08-08 19:28:58.110 +05:30 [INF] HTTP POST /api/auth/refresh responded 200 in 266.3359 ms
2026-08-08 19:28:58.113 +05:30 [INF] Request finished HTTP/1.1 POST http://localhost:5000/api/auth/refresh - 200 null application/json; charset=utf-8 268.928ms
2026-08-08 19:28:58.118 +05:30 [INF] Request starting HTTP/1.1 GET http://localhost:5000/api/customers?page=1&pageSize=50 - null null
2026-08-08 19:28:58.118 +05:30 [INF] Executing endpoint 'Billing.API.Controllers.CustomersController.GetCustomers (Billing.API)'
2026-08-08 19:28:58.125 +05:30 [INF] Route matched with {action = "GetCustomers", controller = "Customers"}. Executing controller action with signature System.Threading.Tasks.Task`1[Microsoft.AspNetCore.Mvc.IActionResult] GetCustomers(Int32, Int32, System.String, System.Threading.CancellationToken) on controller Billing.API.Controllers.CustomersController (Billing.API).
2026-08-08 19:28:58.129 +05:30 [INF] Handling GetCustomersQuery
2026-08-08 19:28:58.307 +05:30 [INF] Handled GetCustomersQuery in 178ms
2026-08-08 19:28:58.308 +05:30 [INF] Executing OkObjectResult, writing value of type 'Billing.Shared.Results.Result`1[[Billing.Application.Common.PagedResult`1[[Billing.Application.DTOs.CustomerDto, Billing.Application, Version=1.0.0.0, Culture=neutral, PublicKeyToken=null]], Billing.Application, Version=1.0.0.0, Culture=neutral, PublicKeyToken=null]]'.
2026-08-08 19:28:58.316 +05:30 [INF] Executed action Billing.API.Controllers.CustomersController.GetCustomers (Billing.API) in 191.3136ms
2026-08-08 19:28:58.316 +05:30 [INF] Executed endpoint 'Billing.API.Controllers.CustomersController.GetCustomers (Billing.API)'
2026-08-08 19:28:58.316 +05:30 [INF] HTTP GET /api/customers responded 200 in 198.6086 ms
2026-08-08 19:28:58.316 +05:30 [INF] Request finished HTTP/1.1 GET http://localhost:5000/api/customers?page=1&pageSize=50 - 200 null application/json; charset=utf-8 198.7846ms
2026-08-08 19:29:05.151 +05:30 [INF] Request starting HTTP/1.1 GET http://localhost:5000/api/products/search?term=ru&limit=20 - null null
2026-08-08 19:29:05.153 +05:30 [INF] Executing endpoint 'Billing.API.Controllers.ProductsController.Search (Billing.API)'
2026-08-08 19:29:05.166 +05:30 [INF] Route matched with {action = "Search", controller = "Products"}. Executing controller action with signature System.Threading.Tasks.Task`1[Microsoft.AspNetCore.Mvc.IActionResult] Search(System.String, Int32, System.Threading.CancellationToken) on controller Billing.API.Controllers.ProductsController (Billing.API).
2026-08-08 19:29:05.173 +05:30 [INF] Handling SearchProductsQuery
2026-08-08 19:29:05.214 +05:30 [INF] Handled SearchProductsQuery in 41ms
2026-08-08 19:29:05.214 +05:30 [INF] Executing OkObjectResult, writing value of type 'Billing.Shared.Results.Result`1[[System.Collections.Generic.IReadOnlyList`1[[Billing.Application.DTOs.Products.ProductDto, Billing.Application, Version=1.0.0.0, Culture=neutral, PublicKeyToken=null]], System.Private.CoreLib, Version=9.0.0.0, Culture=neutral, PublicKeyToken=7cec85d7bea7798e]]'.
2026-08-08 19:29:05.222 +05:30 [INF] Executed action Billing.API.Controllers.ProductsController.Search (Billing.API) in 56.1646ms
2026-08-08 19:29:05.222 +05:30 [INF] Executed endpoint 'Billing.API.Controllers.ProductsController.Search (Billing.API)'
2026-08-08 19:29:05.222 +05:30 [INF] HTTP GET /api/products/search responded 200 in 70.7762 ms
2026-08-08 19:29:05.222 +05:30 [INF] Request finished HTTP/1.1 GET http://localhost:5000/api/products/search?term=ru&limit=20 - 200 null application/json; charset=utf-8 71.3425ms
2026-08-08 19:29:07.736 +05:30 [INF] Request starting HTTP/1.1 GET http://localhost:5000/api/products/search?term=ri&limit=20 - null null
2026-08-08 19:29:07.740 +05:30 [INF] Executing endpoint 'Billing.API.Controllers.ProductsController.Search (Billing.API)'
2026-08-08 19:29:07.740 +05:30 [INF] Route matched with {action = "Search", controller = "Products"}. Executing controller action with signature System.Threading.Tasks.Task`1[Microsoft.AspNetCore.Mvc.IActionResult] Search(System.String, Int32, System.Threading.CancellationToken) on controller Billing.API.Controllers.ProductsController (Billing.API).
2026-08-08 19:29:07.742 +05:30 [INF] Handling SearchProductsQuery
2026-08-08 19:29:07.774 +05:30 [INF] Handled SearchProductsQuery in 31ms
2026-08-08 19:29:07.774 +05:30 [INF] Executing OkObjectResult, writing value of type 'Billing.Shared.Results.Result`1[[System.Collections.Generic.IReadOnlyList`1[[Billing.Application.DTOs.Products.ProductDto, Billing.Application, Version=1.0.0.0, Culture=neutral, PublicKeyToken=null]], System.Private.CoreLib, Version=9.0.0.0, Culture=neutral, PublicKeyToken=7cec85d7bea7798e]]'.
2026-08-08 19:29:07.788 +05:30 [INF] Executed action Billing.API.Controllers.ProductsController.Search (Billing.API) in 47.6745ms
2026-08-08 19:29:07.788 +05:30 [INF] Executed endpoint 'Billing.API.Controllers.ProductsController.Search (Billing.API)'
2026-08-08 19:29:07.788 +05:30 [INF] HTTP GET /api/products/search responded 200 in 49.8842 ms
2026-08-08 19:29:07.788 +05:30 [INF] Request finished HTTP/1.1 GET http://localhost:5000/api/products/search?term=ri&limit=20 - 200 null application/json; charset=utf-8 52.123ms
2026-08-08 19:29:34.680 +05:30 [INF] Request starting HTTP/1.1 POST http://localhost:5000/api/sales - application/json 201
2026-08-08 19:29:34.681 +05:30 [INF] CORS policy execution successful.
2026-08-08 19:29:34.682 +05:30 [INF] Executing endpoint 'Billing.API.Controllers.SalesController.CreateSale (Billing.API)'
2026-08-08 19:29:34.695 +05:30 [INF] Route matched with {action = "CreateSale", controller = "Sales"}. Executing controller action with signature System.Threading.Tasks.Task`1[Microsoft.AspNetCore.Mvc.IActionResult] CreateSale(Billing.Application.DTOs.Sales.CreateSaleRequest, System.Threading.CancellationToken) on controller Billing.API.Controllers.SalesController (Billing.API).
2026-08-08 19:29:34.779 +05:30 [INF] Handling CreateSaleCommand
2026-08-08 19:29:35.077 +05:30 [ERR] Failed handling CreateSaleCommand after 298ms
Microsoft.Data.SqlClient.SqlException (0x80131904): Invalid column name 'Type'.
   at Microsoft.Data.SqlClient.SqlConnection.OnError(SqlException exception, Boolean breakConnection, Action`1 wrapCloseInAction)
   at Microsoft.Data.SqlClient.SqlInternalConnection.OnError(SqlException exception, Boolean breakConnection, Action`1 wrapCloseInAction)
   at Microsoft.Data.SqlClient.TdsParser.ThrowExceptionAndWarning(TdsParserStateObject stateObj, SqlCommand command, Boolean callerHasConnectionLock, Boolean asyncClose)
   at Microsoft.Data.SqlClient.TdsParser.TryRun(RunBehavior runBehavior, SqlCommand cmdHandler, SqlDataReader dataStream, BulkCopySimpleResultSet bulkCopyHandler, TdsParserStateObject stateObj, Boolean& dataReady)
   at Microsoft.Data.SqlClient.SqlCommand.FinishExecuteReader(SqlDataReader ds, RunBehavior runBehavior, String resetOptionsString, Boolean isInternal, Boolean forDescribeParameterEncryption, Boolean shouldCacheForAlwaysEncrypted)
   at Microsoft.Data.SqlClient.SqlCommand.CompleteAsyncExecuteReader(Boolean isInternal, Boolean forDescribeParameterEncryption)
   at Microsoft.Data.SqlClient.SqlCommand.InternalEndExecuteNonQuery(IAsyncResult asyncResult, Boolean isInternal, String endMethod)
   at Microsoft.Data.SqlClient.SqlCommand.EndExecuteNonQueryInternal(IAsyncResult asyncResult)
   at Microsoft.Data.SqlClient.SqlCommand.EndExecuteNonQueryAsync(IAsyncResult asyncResult)
   at Microsoft.Data.SqlClient.SqlCommand.<>c.<InternalExecuteNonQueryAsync>b__193_1(IAsyncResult asyncResult)
   at System.Threading.Tasks.TaskFactory`1.FromAsyncCoreLogic(IAsyncResult iar, Func`2 endFunction, Action`1 endAction, Task`1 promise, Boolean requiresSynchronization)
--- End of stack trace from previous location ---
   at Dapper.SqlMapper.ExecuteImplAsync(IDbConnection cnn, CommandDefinition command, Object param) in /_/Dapper/SqlMapper.Async.cs:line 662
   at Billing.Persistence.Repositories.SalesRepository.CreateSaleAsync(Sale sale, IDbTransaction transaction, CancellationToken cancellationToken) in D:\Projects\ERP\NewShop\src\Billing.Persistence\Repositories\SalesRepository.cs:line 98
   at Billing.Application.Commands.Sales.CreateSaleHandler.Handle(CreateSaleCommand request, CancellationToken cancellationToken) in D:\Projects\ERP\NewShop\src\Billing.Application\Handlers\Sales\SaleCommandHandlers.cs:line 121
   at Billing.Application.Commands.Sales.CreateSaleHandler.Handle(CreateSaleCommand request, CancellationToken cancellationToken) in D:\Projects\ERP\NewShop\src\Billing.Application\Handlers\Sales\SaleCommandHandlers.cs:line 141
   at Billing.Application.Behaviors.LoggingBehavior`2.Handle(TRequest request, RequestHandlerDelegate`1 next, CancellationToken cancellationToken) in D:\Projects\ERP\NewShop\src\Billing.Application\Behaviors\PipelineBehaviors.cs:line 53
   at Billing.Application.Behaviors.ValidationBehavior`2.Handle(TRequest request, RequestHandlerDelegate`1 next, CancellationToken cancellationToken) in D:\Projects\ERP\NewShop\src\Billing.Application\Behaviors\PipelineBehaviors.cs:line 20
   at Billing.API.Controllers.SalesController.CreateSale(CreateSaleRequest request, CancellationToken cancellationToken) in D:\Projects\ERP\NewShop\src\Billing.API\Controllers\SalesController.cs:line 52
   at Microsoft.AspNetCore.Mvc.Infrastructure.ActionMethodExecutor.TaskOfIActionResultExecutor.Execute(ActionContext actionContext, IActionResultTypeMapper mapper, ObjectMethodExecutor executor, Object controller, Object[] arguments)
   at Microsoft.AspNetCore.Mvc.Infrastructure.ControllerActionInvoker.<InvokeActionMethodAsync>g__Awaited|12_0(ControllerActionInvoker invoker, ValueTask`1 actionResultValueTask)
   at Microsoft.AspNetCore.Mvc.Infrastructure.ControllerActionInvoker.<InvokeNextActionFilterAsync>g__Awaited|10_0(ControllerActionInvoker invoker, Task lastTask, State next, Scope scope, Object state, Boolean isCompleted)
   at Microsoft.AspNetCore.Mvc.Infrastructure.ControllerActionInvoker.Rethrow(ActionExecutedContextSealed context)
   at Microsoft.AspNetCore.Mvc.Infrastructure.ControllerActionInvoker.Next(State& next, Scope& scope, Object& state, Boolean& isCompleted)
   at Microsoft.AspNetCore.Mvc.Infrastructure.ControllerActionInvoker.<InvokeInnerFilterAsync>g__Awaited|13_0(ControllerActionInvoker invoker, Task lastTask, State next, Scope scope, Object state, Boolean isCompleted)
   at Microsoft.AspNetCore.Mvc.Infrastructure.ResourceInvoker.<InvokeFilterPipelineAsync>g__Awaited|20_0(ResourceInvoker invoker, Task lastTask, State next, Scope scope, Object state, Boolean isCompleted)
   at Microsoft.AspNetCore.Mvc.Infrastructure.ResourceInvoker.<InvokeAsync>g__Logged|17_1(ResourceInvoker invoker)
   at Microsoft.AspNetCore.Mvc.Infrastructure.ResourceInvoker.<InvokeAsync>g__Logged|17_1(ResourceInvoker invoker)
   at Microsoft.AspNetCore.Routing.EndpointMiddleware.<Invoke>g__AwaitRequestTask|7_0(Endpoint endpoint, Task requestTask, ILogger logger)
   at Microsoft.AspNetCore.Authorization.AuthorizationMiddleware.Invoke(HttpContext context)
   at Billing.Infrastructure.Middleware.TenantContextMiddleware.InvokeAsync(HttpContext context, ITenantContext tenantContext) in D:\Projects\ERP\NewShop\src\Billing.Infrastructure\Middleware\TenantContextMiddleware.cs:line 49
   at Microsoft.AspNetCore.Authentication.AuthenticationMiddleware.Invoke(HttpContext context)
   at Billing.Infrastructure.Middleware.GlobalExceptionMiddleware.InvokeAsync(HttpContext context) in D:\Projects\ERP\NewShop\src\Billing.Infrastructure\Middleware\GlobalExceptionMiddleware.cs:line 31
ClientConnectionId:1b45bb80-d1f4-43da-baec-7b4d680820b9
Error Number:207,State:1,Class:16
2026-08-08 19:29:35.079 +05:30 [INF] Executed action Billing.API.Controllers.SalesController.CreateSale (Billing.API) in 384.5115ms
2026-08-08 19:29:35.081 +05:30 [INF] Executed endpoint 'Billing.API.Controllers.SalesController.CreateSale (Billing.API)'
2026-08-08 19:29:35.086 +05:30 [ERR] Unhandled exception. Path: /api/sales. Message: Invalid column name 'Type'.
Microsoft.Data.SqlClient.SqlException (0x80131904): Invalid column name 'Type'.
   at Microsoft.Data.SqlClient.SqlConnection.OnError(SqlException exception, Boolean breakConnection, Action`1 wrapCloseInAction)
   at Microsoft.Data.SqlClient.SqlInternalConnection.OnError(SqlException exception, Boolean breakConnection, Action`1 wrapCloseInAction)
   at Microsoft.Data.SqlClient.TdsParser.ThrowExceptionAndWarning(TdsParserStateObject stateObj, SqlCommand command, Boolean callerHasConnectionLock, Boolean asyncClose)
   at Microsoft.Data.SqlClient.TdsParser.TryRun(RunBehavior runBehavior, SqlCommand cmdHandler, SqlDataReader dataStream, BulkCopySimpleResultSet bulkCopyHandler, TdsParserStateObject stateObj, Boolean& dataReady)
   at Microsoft.Data.SqlClient.SqlCommand.FinishExecuteReader(SqlDataReader ds, RunBehavior runBehavior, String resetOptionsString, Boolean isInternal, Boolean forDescribeParameterEncryption, Boolean shouldCacheForAlwaysEncrypted)
   at Microsoft.Data.SqlClient.SqlCommand.CompleteAsyncExecuteReader(Boolean isInternal, Boolean forDescribeParameterEncryption)
   at Microsoft.Data.SqlClient.SqlCommand.InternalEndExecuteNonQuery(IAsyncResult asyncResult, Boolean isInternal, String endMethod)
   at Microsoft.Data.SqlClient.SqlCommand.EndExecuteNonQueryInternal(IAsyncResult asyncResult)
   at Microsoft.Data.SqlClient.SqlCommand.EndExecuteNonQueryAsync(IAsyncResult asyncResult)
   at Microsoft.Data.SqlClient.SqlCommand.<>c.<InternalExecuteNonQueryAsync>b__193_1(IAsyncResult asyncResult)
   at System.Threading.Tasks.TaskFactory`1.FromAsyncCoreLogic(IAsyncResult iar, Func`2 endFunction, Action`1 endAction, Task`1 promise, Boolean requiresSynchronization)
--- End of stack trace from previous location ---
   at Dapper.SqlMapper.ExecuteImplAsync(IDbConnection cnn, CommandDefinition command, Object param) in /_/Dapper/SqlMapper.Async.cs:line 662
   at Billing.Persistence.Repositories.SalesRepository.CreateSaleAsync(Sale sale, IDbTransaction transaction, CancellationToken cancellationToken) in D:\Projects\ERP\NewShop\src\Billing.Persistence\Repositories\SalesRepository.cs:line 98
   at Billing.Application.Commands.Sales.CreateSaleHandler.Handle(CreateSaleCommand request, CancellationToken cancellationToken) in D:\Projects\ERP\NewShop\src\Billing.Application\Handlers\Sales\SaleCommandHandlers.cs:line 121
   at Billing.Application.Commands.Sales.CreateSaleHandler.Handle(CreateSaleCommand request, CancellationToken cancellationToken) in D:\Projects\ERP\NewShop\src\Billing.Application\Handlers\Sales\SaleCommandHandlers.cs:line 141
   at Billing.Application.Behaviors.LoggingBehavior`2.Handle(TRequest request, RequestHandlerDelegate`1 next, CancellationToken cancellationToken) in D:\Projects\ERP\NewShop\src\Billing.Application\Behaviors\PipelineBehaviors.cs:line 53
   at Billing.Application.Behaviors.ValidationBehavior`2.Handle(TRequest request, RequestHandlerDelegate`1 next, CancellationToken cancellationToken) in D:\Projects\ERP\NewShop\src\Billing.Application\Behaviors\PipelineBehaviors.cs:line 20
   at Billing.API.Controllers.SalesController.CreateSale(CreateSaleRequest request, CancellationToken cancellationToken) in D:\Projects\ERP\NewShop\src\Billing.API\Controllers\SalesController.cs:line 52
   at Microsoft.AspNetCore.Mvc.Infrastructure.ActionMethodExecutor.TaskOfIActionResultExecutor.Execute(ActionContext actionContext, IActionResultTypeMapper mapper, ObjectMethodExecutor executor, Object controller, Object[] arguments)
   at Microsoft.AspNetCore.Mvc.Infrastructure.ControllerActionInvoker.<InvokeActionMethodAsync>g__Awaited|12_0(ControllerActionInvoker invoker, ValueTask`1 actionResultValueTask)
   at Microsoft.AspNetCore.Mvc.Infrastructure.ControllerActionInvoker.<InvokeNextActionFilterAsync>g__Awaited|10_0(ControllerActionInvoker invoker, Task lastTask, State next, Scope scope, Object state, Boolean isCompleted)
   at Microsoft.AspNetCore.Mvc.Infrastructure.ControllerActionInvoker.Rethrow(ActionExecutedContextSealed context)
   at Microsoft.AspNetCore.Mvc.Infrastructure.ControllerActionInvoker.Next(State& next, Scope& scope, Object& state, Boolean& isCompleted)
   at Microsoft.AspNetCore.Mvc.Infrastructure.ControllerActionInvoker.<InvokeInnerFilterAsync>g__Awaited|13_0(ControllerActionInvoker invoker, Task lastTask, State next, Scope scope, Object state, Boolean isCompleted)
   at Microsoft.AspNetCore.Mvc.Infrastructure.ResourceInvoker.<InvokeFilterPipelineAsync>g__Awaited|20_0(ResourceInvoker invoker, Task lastTask, State next, Scope scope, Object state, Boolean isCompleted)
   at Microsoft.AspNetCore.Mvc.Infrastructure.ResourceInvoker.<InvokeAsync>g__Logged|17_1(ResourceInvoker invoker)
   at Microsoft.AspNetCore.Mvc.Infrastructure.ResourceInvoker.<InvokeAsync>g__Logged|17_1(ResourceInvoker invoker)
   at Microsoft.AspNetCore.Routing.EndpointMiddleware.<Invoke>g__AwaitRequestTask|7_0(Endpoint endpoint, Task requestTask, ILogger logger)
   at Microsoft.AspNetCore.Authorization.AuthorizationMiddleware.Invoke(HttpContext context)
   at Billing.Infrastructure.Middleware.TenantContextMiddleware.InvokeAsync(HttpContext context, ITenantContext tenantContext) in D:\Projects\ERP\NewShop\src\Billing.Infrastructure\Middleware\TenantContextMiddleware.cs:line 49
   at Microsoft.AspNetCore.Authentication.AuthenticationMiddleware.Invoke(HttpContext context)
   at Billing.Infrastructure.Middleware.GlobalExceptionMiddleware.InvokeAsync(HttpContext context) in D:\Projects\ERP\NewShop\src\Billing.Infrastructure\Middleware\GlobalExceptionMiddleware.cs:line 31
ClientConnectionId:1b45bb80-d1f4-43da-baec-7b4d680820b9
Error Number:207,State:1,Class:16
2026-08-08 19:29:35.138 +05:30 [ERR] HTTP POST /api/sales responded 500 in 458.0849 ms
2026-08-08 19:29:35.139 +05:30 [INF] Request finished HTTP/1.1 POST http://localhost:5000/api/sales - 500 null application/json 459.0812ms
2026-08-08 19:34:07.447 +05:30 [INF] Request starting HTTP/1.1 GET http://localhost:5000/api/products?page=1&pageSize=10 - null null
2026-08-08 19:34:07.448 +05:30 [INF] Executing endpoint 'Billing.API.Controllers.ProductsController.GetProducts (Billing.API)'
2026-08-08 19:34:07.456 +05:30 [INF] Route matched with {action = "GetProducts", controller = "Products"}. Executing controller action with signature System.Threading.Tasks.Task`1[Microsoft.AspNetCore.Mvc.IActionResult] GetProducts(Int32, Int32, System.String, System.String, Boolean, System.Threading.CancellationToken) on controller Billing.API.Controllers.ProductsController (Billing.API).
2026-08-08 19:34:07.459 +05:30 [INF] Handling GetProductsQuery
2026-08-08 19:34:07.510 +05:30 [INF] Handled GetProductsQuery in 50ms
2026-08-08 19:34:07.510 +05:30 [INF] Executing OkObjectResult, writing value of type 'Billing.Shared.Results.Result`1[[Billing.Application.Common.PagedResult`1[[Billing.Application.DTOs.Products.ProductDto, Billing.Application, Version=1.0.0.0, Culture=neutral, PublicKeyToken=null]], Billing.Application, Version=1.0.0.0, Culture=neutral, PublicKeyToken=null]]'.
2026-08-08 19:34:07.518 +05:30 [INF] Executed action Billing.API.Controllers.ProductsController.GetProducts (Billing.API) in 61.8707ms
2026-08-08 19:34:07.518 +05:30 [INF] Executed endpoint 'Billing.API.Controllers.ProductsController.GetProducts (Billing.API)'
2026-08-08 19:34:07.519 +05:30 [INF] HTTP GET /api/products responded 200 in 71.4713 ms
2026-08-08 19:34:07.519 +05:30 [INF] Request finished HTTP/1.1 GET http://localhost:5000/api/products?page=1&pageSize=10 - 200 null application/json; charset=utf-8 72.1173ms
2026-08-08 19:34:08.352 +05:30 [INF] Request starting HTTP/1.1 GET http://localhost:5000/api/customers?page=1&pageSize=10 - null null
2026-08-08 19:34:08.353 +05:30 [INF] Executing endpoint 'Billing.API.Controllers.CustomersController.GetCustomers (Billing.API)'
2026-08-08 19:34:08.353 +05:30 [INF] Route matched with {action = "GetCustomers", controller = "Customers"}. Executing controller action with signature System.Threading.Tasks.Task`1[Microsoft.AspNetCore.Mvc.IActionResult] GetCustomers(Int32, Int32, System.String, System.Threading.CancellationToken) on controller Billing.API.Controllers.CustomersController (Billing.API).
2026-08-08 19:34:08.355 +05:30 [INF] Handling GetCustomersQuery
2026-08-08 19:34:08.407 +05:30 [INF] Handled GetCustomersQuery in 52ms
2026-08-08 19:34:08.407 +05:30 [INF] Executing OkObjectResult, writing value of type 'Billing.Shared.Results.Result`1[[Billing.Application.Common.PagedResult`1[[Billing.Application.DTOs.CustomerDto, Billing.Application, Version=1.0.0.0, Culture=neutral, PublicKeyToken=null]], Billing.Application, Version=1.0.0.0, Culture=neutral, PublicKeyToken=null]]'.
2026-08-08 19:34:08.407 +05:30 [INF] Executed action Billing.API.Controllers.CustomersController.GetCustomers (Billing.API) in 54.4255ms
2026-08-08 19:34:08.407 +05:30 [INF] Executed endpoint 'Billing.API.Controllers.CustomersController.GetCustomers (Billing.API)'
2026-08-08 19:34:08.408 +05:30 [INF] HTTP GET /api/customers responded 200 in 55.3666 ms
2026-08-08 19:34:08.408 +05:30 [INF] Request finished HTTP/1.1 GET http://localhost:5000/api/customers?page=1&pageSize=10 - 200 null application/json; charset=utf-8 55.5775ms
2026-08-08 19:34:10.820 +05:30 [INF] Request starting HTTP/1.1 GET http://localhost:5000/api/users - null null
2026-08-08 19:34:10.821 +05:30 [INF] Executing endpoint 'Billing.API.Controllers.UsersController.GetUsers (Billing.API)'
2026-08-08 19:34:10.821 +05:30 [INF] Route matched with {action = "GetUsers", controller = "Users"}. Executing controller action with signature System.Threading.Tasks.Task`1[Microsoft.AspNetCore.Mvc.IActionResult] GetUsers(System.Threading.CancellationToken) on controller Billing.API.Controllers.UsersController (Billing.API).
2026-08-08 19:34:10.822 +05:30 [INF] Handling GetUsersQuery
2026-08-08 19:34:10.902 +05:30 [INF] Handled GetUsersQuery in 79ms
2026-08-08 19:34:10.902 +05:30 [INF] Executing OkObjectResult, writing value of type 'Billing.Shared.Results.Result`1[[System.Collections.Generic.IReadOnlyList`1[[Billing.Application.DTOs.Users.UserDto, Billing.Application, Version=1.0.0.0, Culture=neutral, PublicKeyToken=null]], System.Private.CoreLib, Version=9.0.0.0, Culture=neutral, PublicKeyToken=7cec85d7bea7798e]]'.
2026-08-08 19:34:10.902 +05:30 [INF] Executed action Billing.API.Controllers.UsersController.GetUsers (Billing.API) in 81.1512ms
2026-08-08 19:34:10.902 +05:30 [INF] Executed endpoint 'Billing.API.Controllers.UsersController.GetUsers (Billing.API)'
2026-08-08 19:34:10.902 +05:30 [INF] HTTP GET /api/users responded 200 in 82.3354 ms
2026-08-08 19:34:10.902 +05:30 [INF] Request finished HTTP/1.1 GET http://localhost:5000/api/users - 200 null application/json; charset=utf-8 82.5293ms
2026-08-08 19:34:20.447 +05:30 [INF] Request starting HTTP/1.1 PUT http://localhost:5000/api/users/e5555555-0000-0000-0000-000000000002 - application/json 37
2026-08-08 19:34:20.451 +05:30 [INF] CORS policy execution successful.
2026-08-08 19:34:20.452 +05:30 [INF] Executing endpoint 'Billing.API.Controllers.UsersController.UpdateUser (Billing.API)'
2026-08-08 19:34:20.459 +05:30 [INF] Route matched with {action = "UpdateUser", controller = "Users"}. Executing controller action with signature System.Threading.Tasks.Task`1[Microsoft.AspNetCore.Mvc.IActionResult] UpdateUser(System.Guid, Billing.Application.DTOs.Users.UpdateUserRequest, System.Threading.CancellationToken) on controller Billing.API.Controllers.UsersController (Billing.API).
2026-08-08 19:34:20.468 +05:30 [INF] Handling UpdateUserCommand
2026-08-08 19:34:20.533 +05:30 [INF] Handled UpdateUserCommand in 64ms
2026-08-08 19:34:20.533 +05:30 [INF] Executing OkObjectResult, writing value of type 'Billing.Shared.Results.Result'.
2026-08-08 19:34:20.535 +05:30 [INF] Executed action Billing.API.Controllers.UsersController.UpdateUser (Billing.API) in 76.1199ms
2026-08-08 19:34:20.535 +05:30 [INF] Executed endpoint 'Billing.API.Controllers.UsersController.UpdateUser (Billing.API)'
2026-08-08 19:34:20.535 +05:30 [INF] HTTP PUT /api/users/e5555555-0000-0000-0000-000000000002 responded 200 in 84.2170 ms
2026-08-08 19:34:20.536 +05:30 [INF] Request finished HTTP/1.1 PUT http://localhost:5000/api/users/e5555555-0000-0000-0000-000000000002 - 200 null application/json; charset=utf-8 88.3248ms
2026-08-08 19:34:20.545 +05:30 [INF] Request starting HTTP/1.1 GET http://localhost:5000/api/users - null null
2026-08-08 19:34:20.546 +05:30 [INF] Executing endpoint 'Billing.API.Controllers.UsersController.GetUsers (Billing.API)'
2026-08-08 19:34:20.546 +05:30 [INF] Route matched with {action = "GetUsers", controller = "Users"}. Executing controller action with signature System.Threading.Tasks.Task`1[Microsoft.AspNetCore.Mvc.IActionResult] GetUsers(System.Threading.CancellationToken) on controller Billing.API.Controllers.UsersController (Billing.API).
2026-08-08 19:34:20.551 +05:30 [INF] Handling GetUsersQuery
2026-08-08 19:34:20.583 +05:30 [INF] Handled GetUsersQuery in 31ms
2026-08-08 19:34:20.583 +05:30 [INF] Executing OkObjectResult, writing value of type 'Billing.Shared.Results.Result`1[[System.Collections.Generic.IReadOnlyList`1[[Billing.Application.DTOs.Users.UserDto, Billing.Application, Version=1.0.0.0, Culture=neutral, PublicKeyToken=null]], System.Private.CoreLib, Version=9.0.0.0, Culture=neutral, PublicKeyToken=7cec85d7bea7798e]]'.
2026-08-08 19:34:20.584 +05:30 [INF] Executed action Billing.API.Controllers.UsersController.GetUsers (Billing.API) in 37.4035ms
2026-08-08 19:34:20.584 +05:30 [INF] Executed endpoint 'Billing.API.Controllers.UsersController.GetUsers (Billing.API)'
2026-08-08 19:34:20.584 +05:30 [INF] HTTP GET /api/users responded 200 in 38.3718 ms
2026-08-08 19:34:20.584 +05:30 [INF] Request finished HTTP/1.1 GET http://localhost:5000/api/users - 200 null application/json; charset=utf-8 38.5679ms
2026-08-08 19:34:22.108 +05:30 [INF] Request starting HTTP/1.1 PUT http://localhost:5000/api/users/e5555555-0000-0000-0000-000000000002 - application/json 36
2026-08-08 19:34:22.109 +05:30 [INF] CORS policy execution successful.
2026-08-08 19:34:22.110 +05:30 [INF] Executing endpoint 'Billing.API.Controllers.UsersController.UpdateUser (Billing.API)'
2026-08-08 19:34:22.111 +05:30 [INF] Route matched with {action = "UpdateUser", controller = "Users"}. Executing controller action with signature System.Threading.Tasks.Task`1[Microsoft.AspNetCore.Mvc.IActionResult] UpdateUser(System.Guid, Billing.Application.DTOs.Users.UpdateUserRequest, System.Threading.CancellationToken) on controller Billing.API.Controllers.UsersController (Billing.API).
2026-08-08 19:34:22.113 +05:30 [INF] Handling UpdateUserCommand
2026-08-08 19:34:22.173 +05:30 [INF] Handled UpdateUserCommand in 60ms
2026-08-08 19:34:22.174 +05:30 [INF] Executing OkObjectResult, writing value of type 'Billing.Shared.Results.Result'.
2026-08-08 19:34:22.174 +05:30 [INF] Executed action Billing.API.Controllers.UsersController.UpdateUser (Billing.API) in 63.2861ms
2026-08-08 19:34:22.174 +05:30 [INF] Executed endpoint 'Billing.API.Controllers.UsersController.UpdateUser (Billing.API)'
2026-08-08 19:34:22.174 +05:30 [INF] HTTP PUT /api/users/e5555555-0000-0000-0000-000000000002 responded 200 in 65.2742 ms
2026-08-08 19:34:22.174 +05:30 [INF] Request finished HTTP/1.1 PUT http://localhost:5000/api/users/e5555555-0000-0000-0000-000000000002 - 200 null application/json; charset=utf-8 65.9729ms
2026-08-08 19:34:22.181 +05:30 [INF] Request starting HTTP/1.1 GET http://localhost:5000/api/users - null null
2026-08-08 19:34:22.181 +05:30 [INF] Executing endpoint 'Billing.API.Controllers.UsersController.GetUsers (Billing.API)'
2026-08-08 19:34:22.181 +05:30 [INF] Route matched with {action = "GetUsers", controller = "Users"}. Executing controller action with signature System.Threading.Tasks.Task`1[Microsoft.AspNetCore.Mvc.IActionResult] GetUsers(System.Threading.CancellationToken) on controller Billing.API.Controllers.UsersController (Billing.API).
2026-08-08 19:34:22.181 +05:30 [INF] Handling GetUsersQuery
2026-08-08 19:34:22.208 +05:30 [INF] Handled GetUsersQuery in 26ms
2026-08-08 19:34:22.208 +05:30 [INF] Executing OkObjectResult, writing value of type 'Billing.Shared.Results.Result`1[[System.Collections.Generic.IReadOnlyList`1[[Billing.Application.DTOs.Users.UserDto, Billing.Application, Version=1.0.0.0, Culture=neutral, PublicKeyToken=null]], System.Private.CoreLib, Version=9.0.0.0, Culture=neutral, PublicKeyToken=7cec85d7bea7798e]]'.
2026-08-08 19:34:22.209 +05:30 [INF] Executed action Billing.API.Controllers.UsersController.GetUsers (Billing.API) in 27.2081ms
2026-08-08 19:34:22.209 +05:30 [INF] Executed endpoint 'Billing.API.Controllers.UsersController.GetUsers (Billing.API)'
2026-08-08 19:34:22.209 +05:30 [INF] HTTP GET /api/users responded 200 in 27.8265 ms
2026-08-08 19:34:22.209 +05:30 [INF] Request finished HTTP/1.1 GET http://localhost:5000/api/users - 200 null application/json; charset=utf-8 27.9595ms
2026-08-08 19:35:59.658 +05:30 [INF] Request starting HTTP/1.1 GET http://localhost:5000/api/dashboard?from=2026-07-09&to=2026-08-08 - null null
2026-08-08 19:35:59.658 +05:30 [INF] Executing endpoint 'Billing.API.Controllers.DashboardController.GetDashboard (Billing.API)'
2026-08-08 19:35:59.659 +05:30 [INF] Route matched with {action = "GetDashboard", controller = "Dashboard"}. Executing controller action with signature System.Threading.Tasks.Task`1[Microsoft.AspNetCore.Mvc.IActionResult] GetDashboard(System.Nullable`1[System.DateTime], System.Nullable`1[System.DateTime], System.Threading.CancellationToken) on controller Billing.API.Controllers.DashboardController (Billing.API).
2026-08-08 19:35:59.660 +05:30 [INF] Handling GetDashboardQuery
2026-08-08 19:35:59.793 +05:30 [INF] Handled GetDashboardQuery in 133ms
2026-08-08 19:35:59.793 +05:30 [INF] Executing OkObjectResult, writing value of type 'Billing.Shared.Results.Result`1[[Billing.Application.DTOs.DashboardDto, Billing.Application, Version=1.0.0.0, Culture=neutral, PublicKeyToken=null]]'.
2026-08-08 19:35:59.794 +05:30 [INF] Executed action Billing.API.Controllers.DashboardController.GetDashboard (Billing.API) in 135.3938ms
2026-08-08 19:35:59.794 +05:30 [INF] Executed endpoint 'Billing.API.Controllers.DashboardController.GetDashboard (Billing.API)'
2026-08-08 19:35:59.794 +05:30 [INF] HTTP GET /api/dashboard responded 200 in 136.7929 ms
2026-08-08 19:35:59.795 +05:30 [INF] Request finished HTTP/1.1 GET http://localhost:5000/api/dashboard?from=2026-07-09&to=2026-08-08 - 200 null application/json; charset=utf-8 137.0617ms
2026-08-08 19:36:39.139 +05:30 [INF] Request starting HTTP/1.1 GET http://localhost:5000/api/suppliers?page=1&pageSize=10 - null null
2026-08-08 19:36:39.141 +05:30 [INF] Executing endpoint 'Billing.API.Controllers.SuppliersController.GetSuppliers (Billing.API)'
2026-08-08 19:36:39.148 +05:30 [INF] Route matched with {action = "GetSuppliers", controller = "Suppliers"}. Executing controller action with signature System.Threading.Tasks.Task`1[Microsoft.AspNetCore.Mvc.IActionResult] GetSuppliers(Int32, Int32, System.String, System.Threading.CancellationToken) on controller Billing.API.Controllers.SuppliersController (Billing.API).
2026-08-08 19:36:39.153 +05:30 [INF] Handling GetSuppliersQuery
2026-08-08 19:36:39.211 +05:30 [INF] Handled GetSuppliersQuery in 58ms
2026-08-08 19:36:39.211 +05:30 [INF] Executing OkObjectResult, writing value of type 'Billing.Shared.Results.Result`1[[Billing.Application.Common.PagedResult`1[[Billing.Application.DTOs.SupplierDto, Billing.Application, Version=1.0.0.0, Culture=neutral, PublicKeyToken=null]], Billing.Application, Version=1.0.0.0, Culture=neutral, PublicKeyToken=null]]'.
2026-08-08 19:36:39.234 +05:30 [INF] Executed action Billing.API.Controllers.SuppliersController.GetSuppliers (Billing.API) in 85.4369ms
2026-08-08 19:36:39.234 +05:30 [INF] Executed endpoint 'Billing.API.Controllers.SuppliersController.GetSuppliers (Billing.API)'
2026-08-08 19:36:39.234 +05:30 [INF] HTTP GET /api/suppliers responded 200 in 94.2890 ms
2026-08-08 19:36:39.234 +05:30 [INF] Request finished HTTP/1.1 GET http://localhost:5000/api/suppliers?page=1&pageSize=10 - 200 null application/json; charset=utf-8 94.5925ms
2026-08-08 19:36:42.254 +05:30 [INF] Request starting HTTP/1.1 GET http://localhost:5000/api/purchases?page=1&pageSize=10 - null null
2026-08-08 19:36:42.254 +05:30 [INF] Request starting HTTP/1.1 GET http://localhost:5000/api/suppliers?page=1&pageSize=1000 - null null
2026-08-08 19:36:42.255 +05:30 [INF] Executing endpoint 'Billing.API.Controllers.SuppliersController.GetSuppliers (Billing.API)'
2026-08-08 19:36:42.255 +05:30 [INF] Executing endpoint 'Billing.API.Controllers.PurchasesController.GetPurchases (Billing.API)'
2026-08-08 19:36:42.256 +05:30 [INF] Route matched with {action = "GetSuppliers", controller = "Suppliers"}. Executing controller action with signature System.Threading.Tasks.Task`1[Microsoft.AspNetCore.Mvc.IActionResult] GetSuppliers(Int32, Int32, System.String, System.Threading.CancellationToken) on controller Billing.API.Controllers.SuppliersController (Billing.API).
2026-08-08 19:36:42.257 +05:30 [INF] Handling GetSuppliersQuery
2026-08-08 19:36:42.262 +05:30 [INF] Route matched with {action = "GetPurchases", controller = "Purchases"}. Executing controller action with signature System.Threading.Tasks.Task`1[Microsoft.AspNetCore.Mvc.IActionResult] GetPurchases(Int32, Int32, System.Threading.CancellationToken) on controller Billing.API.Controllers.PurchasesController (Billing.API).
2026-08-08 19:36:42.267 +05:30 [INF] Handling GetPurchasesQuery
2026-08-08 19:36:42.296 +05:30 [INF] Handled GetSuppliersQuery in 39ms
2026-08-08 19:36:42.296 +05:30 [INF] Executing OkObjectResult, writing value of type 'Billing.Shared.Results.Result`1[[Billing.Application.Common.PagedResult`1[[Billing.Application.DTOs.SupplierDto, Billing.Application, Version=1.0.0.0, Culture=neutral, PublicKeyToken=null]], Billing.Application, Version=1.0.0.0, Culture=neutral, PublicKeyToken=null]]'.
2026-08-08 19:36:42.297 +05:30 [INF] Executed action Billing.API.Controllers.SuppliersController.GetSuppliers (Billing.API) in 41.0522ms
2026-08-08 19:36:42.297 +05:30 [INF] Executed endpoint 'Billing.API.Controllers.SuppliersController.GetSuppliers (Billing.API)'
2026-08-08 19:36:42.297 +05:30 [INF] HTTP GET /api/suppliers responded 200 in 42.9966 ms
2026-08-08 19:36:42.297 +05:30 [INF] Request finished HTTP/1.1 GET http://localhost:5000/api/suppliers?page=1&pageSize=1000 - 200 null application/json; charset=utf-8 43.2075ms
2026-08-08 19:36:42.315 +05:30 [INF] Handled GetPurchasesQuery in 48ms
2026-08-08 19:36:42.315 +05:30 [INF] Executing OkObjectResult, writing value of type 'Billing.Shared.Results.Result`1[[Billing.Application.Common.PagedResult`1[[Billing.Application.DTOs.PurchaseDto, Billing.Application, Version=1.0.0.0, Culture=neutral, PublicKeyToken=null]], Billing.Application, Version=1.0.0.0, Culture=neutral, PublicKeyToken=null]]'.
2026-08-08 19:36:42.336 +05:30 [INF] Executed action Billing.API.Controllers.PurchasesController.GetPurchases (Billing.API) in 73.9941ms
2026-08-08 19:36:42.336 +05:30 [INF] Executed endpoint 'Billing.API.Controllers.PurchasesController.GetPurchases (Billing.API)'
2026-08-08 19:36:42.336 +05:30 [INF] HTTP GET /api/purchases responded 200 in 82.0808 ms
2026-08-08 19:36:42.336 +05:30 [INF] Request finished HTTP/1.1 GET http://localhost:5000/api/purchases?page=1&pageSize=10 - 200 null application/json; charset=utf-8 82.2892ms
2026-08-08 19:37:01.041 +05:30 [INF] Request starting HTTP/1.1 GET http://localhost:5000/api/products/search?term=mi&limit=20 - null null
2026-08-08 19:37:01.041 +05:30 [INF] Executing endpoint 'Billing.API.Controllers.ProductsController.Search (Billing.API)'
2026-08-08 19:37:01.041 +05:30 [INF] Route matched with {action = "Search", controller = "Products"}. Executing controller action with signature System.Threading.Tasks.Task`1[Microsoft.AspNetCore.Mvc.IActionResult] Search(System.String, Int32, System.Threading.CancellationToken) on controller Billing.API.Controllers.ProductsController (Billing.API).
2026-08-08 19:37:01.047 +05:30 [INF] Handling SearchProductsQuery
2026-08-08 19:37:01.074 +05:30 [INF] Handled SearchProductsQuery in 27ms
2026-08-08 19:37:01.074 +05:30 [INF] Executing OkObjectResult, writing value of type 'Billing.Shared.Results.Result`1[[System.Collections.Generic.IReadOnlyList`1[[Billing.Application.DTOs.Products.ProductDto, Billing.Application, Version=1.0.0.0, Culture=neutral, PublicKeyToken=null]], System.Private.CoreLib, Version=9.0.0.0, Culture=neutral, PublicKeyToken=7cec85d7bea7798e]]'.
2026-08-08 19:37:01.075 +05:30 [INF] Executed action Billing.API.Controllers.ProductsController.Search (Billing.API) in 33.6932ms
2026-08-08 19:37:01.075 +05:30 [INF] Executed endpoint 'Billing.API.Controllers.ProductsController.Search (Billing.API)'
2026-08-08 19:37:01.075 +05:30 [INF] HTTP GET /api/products/search responded 200 in 34.7089 ms
2026-08-08 19:37:01.075 +05:30 [INF] Request finished HTTP/1.1 GET http://localhost:5000/api/products/search?term=mi&limit=20 - 200 null application/json; charset=utf-8 34.9591ms
2026-08-08 19:37:02.814 +05:30 [INF] Request starting HTTP/1.1 GET http://localhost:5000/api/products/search?term=Mineral+Water+1L&limit=20 - null null
2026-08-08 19:37:02.814 +05:30 [INF] Executing endpoint 'Billing.API.Controllers.ProductsController.Search (Billing.API)'
2026-08-08 19:37:02.814 +05:30 [INF] Route matched with {action = "Search", controller = "Products"}. Executing controller action with signature System.Threading.Tasks.Task`1[Microsoft.AspNetCore.Mvc.IActionResult] Search(System.String, Int32, System.Threading.CancellationToken) on controller Billing.API.Controllers.ProductsController (Billing.API).
2026-08-08 19:37:02.815 +05:30 [INF] Handling SearchProductsQuery
2026-08-08 19:37:02.828 +05:30 [INF] Handled SearchProductsQuery in 13ms
2026-08-08 19:37:02.829 +05:30 [INF] Executing OkObjectResult, writing value of type 'Billing.Shared.Results.Result`1[[System.Collections.Generic.IReadOnlyList`1[[Billing.Application.DTOs.Products.ProductDto, Billing.Application, Version=1.0.0.0, Culture=neutral, PublicKeyToken=null]], System.Private.CoreLib, Version=9.0.0.0, Culture=neutral, PublicKeyToken=7cec85d7bea7798e]]'.
2026-08-08 19:37:02.829 +05:30 [INF] Executed action Billing.API.Controllers.ProductsController.Search (Billing.API) in 14.7429ms
2026-08-08 19:37:02.829 +05:30 [INF] Executed endpoint 'Billing.API.Controllers.ProductsController.Search (Billing.API)'
2026-08-08 19:37:02.829 +05:30 [INF] HTTP GET /api/products/search responded 200 in 15.3999 ms
2026-08-08 19:37:02.829 +05:30 [INF] Request finished HTTP/1.1 GET http://localhost:5000/api/products/search?term=Mineral+Water+1L&limit=20 - 200 null application/json; charset=utf-8 15.6282ms
2026-08-08 19:37:24.383 +05:30 [INF] Request starting HTTP/1.1 GET http://localhost:5000/api/products/search?term=Mineral+Water+1&limit=20 - null null
2026-08-08 19:37:24.383 +05:30 [INF] Executing endpoint 'Billing.API.Controllers.ProductsController.Search (Billing.API)'
2026-08-08 19:37:24.383 +05:30 [INF] Route matched with {action = "Search", controller = "Products"}. Executing controller action with signature System.Threading.Tasks.Task`1[Microsoft.AspNetCore.Mvc.IActionResult] Search(System.String, Int32, System.Threading.CancellationToken) on controller Billing.API.Controllers.ProductsController (Billing.API).
2026-08-08 19:37:24.383 +05:30 [INF] Handling SearchProductsQuery
2026-08-08 19:37:24.416 +05:30 [INF] Handled SearchProductsQuery in 32ms
2026-08-08 19:37:24.416 +05:30 [INF] Executing OkObjectResult, writing value of type 'Billing.Shared.Results.Result`1[[System.Collections.Generic.IReadOnlyList`1[[Billing.Application.DTOs.Products.ProductDto, Billing.Application, Version=1.0.0.0, Culture=neutral, PublicKeyToken=null]], System.Private.CoreLib, Version=9.0.0.0, Culture=neutral, PublicKeyToken=7cec85d7bea7798e]]'.
2026-08-08 19:37:24.416 +05:30 [INF] Executed action Billing.API.Controllers.ProductsController.Search (Billing.API) in 32.9894ms
2026-08-08 19:37:24.416 +05:30 [INF] Executed endpoint 'Billing.API.Controllers.ProductsController.Search (Billing.API)'
2026-08-08 19:37:24.416 +05:30 [INF] HTTP GET /api/products/search responded 200 in 33.5737 ms
2026-08-08 19:37:24.416 +05:30 [INF] Request finished HTTP/1.1 GET http://localhost:5000/api/products/search?term=Mineral+Water+1&limit=20 - 200 null application/json; charset=utf-8 33.7101ms
2026-08-08 19:37:24.863 +05:30 [INF] Request starting HTTP/1.1 GET http://localhost:5000/api/products/search?term=Mineral+Water+&limit=20 - null null
2026-08-08 19:37:24.864 +05:30 [INF] Executing endpoint 'Billing.API.Controllers.ProductsController.Search (Billing.API)'
2026-08-08 19:37:24.864 +05:30 [INF] Route matched with {action = "Search", controller = "Products"}. Executing controller action with signature System.Threading.Tasks.Task`1[Microsoft.AspNetCore.Mvc.IActionResult] Search(System.String, Int32, System.Threading.CancellationToken) on controller Billing.API.Controllers.ProductsController (Billing.API).
2026-08-08 19:37:24.864 +05:30 [INF] Handling SearchProductsQuery
2026-08-08 19:37:24.881 +05:30 [INF] Handled SearchProductsQuery in 17ms
2026-08-08 19:37:24.882 +05:30 [INF] Executing OkObjectResult, writing value of type 'Billing.Shared.Results.Result`1[[System.Collections.Generic.IReadOnlyList`1[[Billing.Application.DTOs.Products.ProductDto, Billing.Application, Version=1.0.0.0, Culture=neutral, PublicKeyToken=null]], System.Private.CoreLib, Version=9.0.0.0, Culture=neutral, PublicKeyToken=7cec85d7bea7798e]]'.
2026-08-08 19:37:24.882 +05:30 [INF] Executed action Billing.API.Controllers.ProductsController.Search (Billing.API) in 18.0014ms
2026-08-08 19:37:24.882 +05:30 [INF] Executed endpoint 'Billing.API.Controllers.ProductsController.Search (Billing.API)'
2026-08-08 19:37:24.882 +05:30 [INF] HTTP GET /api/products/search responded 200 in 18.7874 ms
2026-08-08 19:37:24.882 +05:30 [INF] Request finished HTTP/1.1 GET http://localhost:5000/api/products/search?term=Mineral+Water+&limit=20 - 200 null application/json; charset=utf-8 18.9252ms
2026-08-08 19:37:24.899 +05:30 [INF] Request starting HTTP/1.1 GET http://localhost:5000/api/products/search?term=Mineral+Water&limit=20 - null null
2026-08-08 19:37:24.900 +05:30 [INF] Executing endpoint 'Billing.API.Controllers.ProductsController.Search (Billing.API)'
2026-08-08 19:37:24.900 +05:30 [INF] Route matched with {action = "Search", controller = "Products"}. Executing controller action with signature System.Threading.Tasks.Task`1[Microsoft.AspNetCore.Mvc.IActionResult] Search(System.String, Int32, System.Threading.CancellationToken) on controller Billing.API.Controllers.ProductsController (Billing.API).
2026-08-08 19:37:24.900 +05:30 [INF] Handling SearchProductsQuery
2026-08-08 19:37:24.925 +05:30 [INF] Handled SearchProductsQuery in 25ms
2026-08-08 19:37:24.926 +05:30 [INF] Executing OkObjectResult, writing value of type 'Billing.Shared.Results.Result`1[[System.Collections.Generic.IReadOnlyList`1[[Billing.Application.DTOs.Products.ProductDto, Billing.Application, Version=1.0.0.0, Culture=neutral, PublicKeyToken=null]], System.Private.CoreLib, Version=9.0.0.0, Culture=neutral, PublicKeyToken=7cec85d7bea7798e]]'.
2026-08-08 19:37:24.926 +05:30 [INF] Executed action Billing.API.Controllers.ProductsController.Search (Billing.API) in 25.9708ms
2026-08-08 19:37:24.926 +05:30 [INF] Executed endpoint 'Billing.API.Controllers.ProductsController.Search (Billing.API)'
2026-08-08 19:37:24.927 +05:30 [INF] HTTP GET /api/products/search responded 200 in 27.0255 ms
2026-08-08 19:37:24.927 +05:30 [INF] Request finished HTTP/1.1 GET http://localhost:5000/api/products/search?term=Mineral+Water&limit=20 - 200 null application/json; charset=utf-8 27.1815ms
2026-08-08 19:37:24.929 +05:30 [INF] Request starting HTTP/1.1 GET http://localhost:5000/api/products/search?term=Mineral+Wate&limit=20 - null null
2026-08-08 19:37:24.930 +05:30 [INF] Executing endpoint 'Billing.API.Controllers.ProductsController.Search (Billing.API)'
2026-08-08 19:37:24.930 +05:30 [INF] Route matched with {action = "Search", controller = "Products"}. Executing controller action with signature System.Threading.Tasks.Task`1[Microsoft.AspNetCore.Mvc.IActionResult] Search(System.String, Int32, System.Threading.CancellationToken) on controller Billing.API.Controllers.ProductsController (Billing.API).
2026-08-08 19:37:24.930 +05:30 [INF] Handling SearchProductsQuery
2026-08-08 19:37:24.938 +05:30 [INF] Handled SearchProductsQuery in 7ms
2026-08-08 19:37:24.938 +05:30 [INF] Executing OkObjectResult, writing value of type 'Billing.Shared.Results.Result`1[[System.Collections.Generic.IReadOnlyList`1[[Billing.Application.DTOs.Products.ProductDto, Billing.Application, Version=1.0.0.0, Culture=neutral, PublicKeyToken=null]], System.Private.CoreLib, Version=9.0.0.0, Culture=neutral, PublicKeyToken=7cec85d7bea7798e]]'.
2026-08-08 19:37:24.938 +05:30 [INF] Executed action Billing.API.Controllers.ProductsController.Search (Billing.API) in 8.2047ms
2026-08-08 19:37:24.938 +05:30 [INF] Executed endpoint 'Billing.API.Controllers.ProductsController.Search (Billing.API)'
2026-08-08 19:37:24.938 +05:30 [INF] HTTP GET /api/products/search responded 200 in 9.0204 ms
2026-08-08 19:37:24.938 +05:30 [INF] Request finished HTTP/1.1 GET http://localhost:5000/api/products/search?term=Mineral+Wate&limit=20 - 200 null application/json; charset=utf-8 9.1728ms
2026-08-08 19:37:24.958 +05:30 [INF] Request starting HTTP/1.1 GET http://localhost:5000/api/products/search?term=Mineral+Wat&limit=20 - null null
2026-08-08 19:37:24.959 +05:30 [INF] Executing endpoint 'Billing.API.Controllers.ProductsController.Search (Billing.API)'
2026-08-08 19:37:24.959 +05:30 [INF] Route matched with {action = "Search", controller = "Products"}. Executing controller action with signature System.Threading.Tasks.Task`1[Microsoft.AspNetCore.Mvc.IActionResult] Search(System.String, Int32, System.Threading.CancellationToken) on controller Billing.API.Controllers.ProductsController (Billing.API).
2026-08-08 19:37:24.959 +05:30 [INF] Handling SearchProductsQuery
2026-08-08 19:37:24.966 +05:30 [INF] Handled SearchProductsQuery in 6ms
2026-08-08 19:37:24.966 +05:30 [INF] Executing OkObjectResult, writing value of type 'Billing.Shared.Results.Result`1[[System.Collections.Generic.IReadOnlyList`1[[Billing.Application.DTOs.Products.ProductDto, Billing.Application, Version=1.0.0.0, Culture=neutral, PublicKeyToken=null]], System.Private.CoreLib, Version=9.0.0.0, Culture=neutral, PublicKeyToken=7cec85d7bea7798e]]'.
2026-08-08 19:37:24.966 +05:30 [INF] Executed action Billing.API.Controllers.ProductsController.Search (Billing.API) in 7.4231ms
2026-08-08 19:37:24.966 +05:30 [INF] Executed endpoint 'Billing.API.Controllers.ProductsController.Search (Billing.API)'
2026-08-08 19:37:24.966 +05:30 [INF] HTTP GET /api/products/search responded 200 in 8.1032 ms
2026-08-08 19:37:24.966 +05:30 [INF] Request finished HTTP/1.1 GET http://localhost:5000/api/products/search?term=Mineral+Wat&limit=20 - 200 null application/json; charset=utf-8 8.2504ms
2026-08-08 19:37:24.984 +05:30 [INF] Request starting HTTP/1.1 GET http://localhost:5000/api/products/search?term=Mineral+Wa&limit=20 - null null
2026-08-08 19:37:24.984 +05:30 [INF] Executing endpoint 'Billing.API.Controllers.ProductsController.Search (Billing.API)'
2026-08-08 19:37:24.984 +05:30 [INF] Route matched with {action = "Search", controller = "Products"}. Executing controller action with signature System.Threading.Tasks.Task`1[Microsoft.AspNetCore.Mvc.IActionResult] Search(System.String, Int32, System.Threading.CancellationToken) on controller Billing.API.Controllers.ProductsController (Billing.API).
2026-08-08 19:37:24.984 +05:30 [INF] Handling SearchProductsQuery
2026-08-08 19:37:24.992 +05:30 [INF] Handled SearchProductsQuery in 7ms
2026-08-08 19:37:24.992 +05:30 [INF] Executing OkObjectResult, writing value of type 'Billing.Shared.Results.Result`1[[System.Collections.Generic.IReadOnlyList`1[[Billing.Application.DTOs.Products.ProductDto, Billing.Application, Version=1.0.0.0, Culture=neutral, PublicKeyToken=null]], System.Private.CoreLib, Version=9.0.0.0, Culture=neutral, PublicKeyToken=7cec85d7bea7798e]]'.
2026-08-08 19:37:24.992 +05:30 [INF] Executed action Billing.API.Controllers.ProductsController.Search (Billing.API) in 8.2923ms
2026-08-08 19:37:24.992 +05:30 [INF] Executed endpoint 'Billing.API.Controllers.ProductsController.Search (Billing.API)'
2026-08-08 19:37:24.993 +05:30 [INF] HTTP GET /api/products/search responded 200 in 8.8952 ms
2026-08-08 19:37:24.993 +05:30 [INF] Request finished HTTP/1.1 GET http://localhost:5000/api/products/search?term=Mineral+Wa&limit=20 - 200 null application/json; charset=utf-8 9.0324ms
2026-08-08 19:37:25.011 +05:30 [INF] Request starting HTTP/1.1 GET http://localhost:5000/api/products/search?term=Mineral+W&limit=20 - null null
2026-08-08 19:37:25.012 +05:30 [INF] Executing endpoint 'Billing.API.Controllers.ProductsController.Search (Billing.API)'
2026-08-08 19:37:25.012 +05:30 [INF] Route matched with {action = "Search", controller = "Products"}. Executing controller action with signature System.Threading.Tasks.Task`1[Microsoft.AspNetCore.Mvc.IActionResult] Search(System.String, Int32, System.Threading.CancellationToken) on controller Billing.API.Controllers.ProductsController (Billing.API).
2026-08-08 19:37:25.012 +05:30 [INF] Handling SearchProductsQuery
2026-08-08 19:37:25.023 +05:30 [INF] Handled SearchProductsQuery in 11ms
2026-08-08 19:37:25.024 +05:30 [INF] Executing OkObjectResult, writing value of type 'Billing.Shared.Results.Result`1[[System.Collections.Generic.IReadOnlyList`1[[Billing.Application.DTOs.Products.ProductDto, Billing.Application, Version=1.0.0.0, Culture=neutral, PublicKeyToken=null]], System.Private.CoreLib, Version=9.0.0.0, Culture=neutral, PublicKeyToken=7cec85d7bea7798e]]'.
2026-08-08 19:37:25.024 +05:30 [INF] Executed action Billing.API.Controllers.ProductsController.Search (Billing.API) in 12.1724ms
2026-08-08 19:37:25.024 +05:30 [INF] Executed endpoint 'Billing.API.Controllers.ProductsController.Search (Billing.API)'
2026-08-08 19:37:25.024 +05:30 [INF] HTTP GET /api/products/search responded 200 in 12.8501 ms
2026-08-08 19:37:25.024 +05:30 [INF] Request finished HTTP/1.1 GET http://localhost:5000/api/products/search?term=Mineral+W&limit=20 - 200 null application/json; charset=utf-8 13.0181ms
2026-08-08 19:37:25.044 +05:30 [INF] Request starting HTTP/1.1 GET http://localhost:5000/api/products/search?term=Mineral+&limit=20 - null null
2026-08-08 19:37:25.045 +05:30 [INF] Executing endpoint 'Billing.API.Controllers.ProductsController.Search (Billing.API)'
2026-08-08 19:37:25.045 +05:30 [INF] Route matched with {action = "Search", controller = "Products"}. Executing controller action with signature System.Threading.Tasks.Task`1[Microsoft.AspNetCore.Mvc.IActionResult] Search(System.String, Int32, System.Threading.CancellationToken) on controller Billing.API.Controllers.ProductsController (Billing.API).
2026-08-08 19:37:25.045 +05:30 [INF] Handling SearchProductsQuery
2026-08-08 19:37:25.058 +05:30 [INF] Handled SearchProductsQuery in 12ms
2026-08-08 19:37:25.059 +05:30 [INF] Executing OkObjectResult, writing value of type 'Billing.Shared.Results.Result`1[[System.Collections.Generic.IReadOnlyList`1[[Billing.Application.DTOs.Products.ProductDto, Billing.Application, Version=1.0.0.0, Culture=neutral, PublicKeyToken=null]], System.Private.CoreLib, Version=9.0.0.0, Culture=neutral, PublicKeyToken=7cec85d7bea7798e]]'.
2026-08-08 19:37:25.059 +05:30 [INF] Executed action Billing.API.Controllers.ProductsController.Search (Billing.API) in 13.6905ms
2026-08-08 19:37:25.059 +05:30 [INF] Executed endpoint 'Billing.API.Controllers.ProductsController.Search (Billing.API)'
2026-08-08 19:37:25.059 +05:30 [INF] HTTP GET /api/products/search responded 200 in 14.4424 ms
2026-08-08 19:37:25.059 +05:30 [INF] Request finished HTTP/1.1 GET http://localhost:5000/api/products/search?term=Mineral+&limit=20 - 200 null application/json; charset=utf-8 14.7411ms
2026-08-08 19:37:25.081 +05:30 [INF] Request starting HTTP/1.1 GET http://localhost:5000/api/products/search?term=Mineral&limit=20 - null null
2026-08-08 19:37:25.082 +05:30 [INF] Executing endpoint 'Billing.API.Controllers.ProductsController.Search (Billing.API)'
2026-08-08 19:37:25.082 +05:30 [INF] Route matched with {action = "Search", controller = "Products"}. Executing controller action with signature System.Threading.Tasks.Task`1[Microsoft.AspNetCore.Mvc.IActionResult] Search(System.String, Int32, System.Threading.CancellationToken) on controller Billing.API.Controllers.ProductsController (Billing.API).
2026-08-08 19:37:25.083 +05:30 [INF] Handling SearchProductsQuery
2026-08-08 19:37:25.098 +05:30 [INF] Handled SearchProductsQuery in 15ms
2026-08-08 19:37:25.098 +05:30 [INF] Executing OkObjectResult, writing value of type 'Billing.Shared.Results.Result`1[[System.Collections.Generic.IReadOnlyList`1[[Billing.Application.DTOs.Products.ProductDto, Billing.Application, Version=1.0.0.0, Culture=neutral, PublicKeyToken=null]], System.Private.CoreLib, Version=9.0.0.0, Culture=neutral, PublicKeyToken=7cec85d7bea7798e]]'.
2026-08-08 19:37:25.098 +05:30 [INF] Executed action Billing.API.Controllers.ProductsController.Search (Billing.API) in 15.9211ms
2026-08-08 19:37:25.098 +05:30 [INF] Executed endpoint 'Billing.API.Controllers.ProductsController.Search (Billing.API)'
2026-08-08 19:37:25.098 +05:30 [INF] HTTP GET /api/products/search responded 200 in 16.8020 ms
2026-08-08 19:37:25.098 +05:30 [INF] Request finished HTTP/1.1 GET http://localhost:5000/api/products/search?term=Mineral&limit=20 - 200 null application/json; charset=utf-8 16.9846ms
2026-08-08 19:37:25.115 +05:30 [INF] Request starting HTTP/1.1 GET http://localhost:5000/api/products/search?term=Minera&limit=20 - null null
2026-08-08 19:37:25.116 +05:30 [INF] Executing endpoint 'Billing.API.Controllers.ProductsController.Search (Billing.API)'
2026-08-08 19:37:25.116 +05:30 [INF] Route matched with {action = "Search", controller = "Products"}. Executing controller action with signature System.Threading.Tasks.Task`1[Microsoft.AspNetCore.Mvc.IActionResult] Search(System.String, Int32, System.Threading.CancellationToken) on controller Billing.API.Controllers.ProductsController (Billing.API).
2026-08-08 19:37:25.116 +05:30 [INF] Handling SearchProductsQuery
2026-08-08 19:37:25.127 +05:30 [INF] Handled SearchProductsQuery in 10ms
2026-08-08 19:37:25.127 +05:30 [INF] Executing OkObjectResult, writing value of type 'Billing.Shared.Results.Result`1[[System.Collections.Generic.IReadOnlyList`1[[Billing.Application.DTOs.Products.ProductDto, Billing.Application, Version=1.0.0.0, Culture=neutral, PublicKeyToken=null]], System.Private.CoreLib, Version=9.0.0.0, Culture=neutral, PublicKeyToken=7cec85d7bea7798e]]'.
2026-08-08 19:37:25.128 +05:30 [INF] Executed action Billing.API.Controllers.ProductsController.Search (Billing.API) in 11.4326ms
2026-08-08 19:37:25.128 +05:30 [INF] Executed endpoint 'Billing.API.Controllers.ProductsController.Search (Billing.API)'
2026-08-08 19:37:25.128 +05:30 [INF] HTTP GET /api/products/search responded 200 in 12.1606 ms
2026-08-08 19:37:25.128 +05:30 [INF] Request finished HTTP/1.1 GET http://localhost:5000/api/products/search?term=Minera&limit=20 - 200 null application/json; charset=utf-8 12.3787ms
2026-08-08 19:37:25.143 +05:30 [INF] Request starting HTTP/1.1 GET http://localhost:5000/api/products/search?term=Miner&limit=20 - null null
2026-08-08 19:37:25.144 +05:30 [INF] Executing endpoint 'Billing.API.Controllers.ProductsController.Search (Billing.API)'
2026-08-08 19:37:25.144 +05:30 [INF] Route matched with {action = "Search", controller = "Products"}. Executing controller action with signature System.Threading.Tasks.Task`1[Microsoft.AspNetCore.Mvc.IActionResult] Search(System.String, Int32, System.Threading.CancellationToken) on controller Billing.API.Controllers.ProductsController (Billing.API).
2026-08-08 19:37:25.144 +05:30 [INF] Handling SearchProductsQuery
2026-08-08 19:37:25.156 +05:30 [INF] Handled SearchProductsQuery in 11ms
2026-08-08 19:37:25.157 +05:30 [INF] Executing OkObjectResult, writing value of type 'Billing.Shared.Results.Result`1[[System.Collections.Generic.IReadOnlyList`1[[Billing.Application.DTOs.Products.ProductDto, Billing.Application, Version=1.0.0.0, Culture=neutral, PublicKeyToken=null]], System.Private.CoreLib, Version=9.0.0.0, Culture=neutral, PublicKeyToken=7cec85d7bea7798e]]'.
2026-08-08 19:37:25.157 +05:30 [INF] Executed action Billing.API.Controllers.ProductsController.Search (Billing.API) in 12.8561ms
2026-08-08 19:37:25.157 +05:30 [INF] Executed endpoint 'Billing.API.Controllers.ProductsController.Search (Billing.API)'
2026-08-08 19:37:25.157 +05:30 [INF] HTTP GET /api/products/search responded 200 in 13.8834 ms
2026-08-08 19:37:25.157 +05:30 [INF] Request finished HTTP/1.1 GET http://localhost:5000/api/products/search?term=Miner&limit=20 - 200 null application/json; charset=utf-8 14.0422ms
2026-08-08 19:37:25.174 +05:30 [INF] Request starting HTTP/1.1 GET http://localhost:5000/api/products/search?term=Mine&limit=20 - null null
2026-08-08 19:37:25.174 +05:30 [INF] Executing endpoint 'Billing.API.Controllers.ProductsController.Search (Billing.API)'
2026-08-08 19:37:25.175 +05:30 [INF] Route matched with {action = "Search", controller = "Products"}. Executing controller action with signature System.Threading.Tasks.Task`1[Microsoft.AspNetCore.Mvc.IActionResult] Search(System.String, Int32, System.Threading.CancellationToken) on controller Billing.API.Controllers.ProductsController (Billing.API).
2026-08-08 19:37:25.175 +05:30 [INF] Handling SearchProductsQuery
2026-08-08 19:37:25.176 +05:30 [INF] Handled SearchProductsQuery in 1ms
2026-08-08 19:37:25.177 +05:30 [INF] Executing OkObjectResult, writing value of type 'Billing.Shared.Results.Result`1[[System.Collections.Generic.IReadOnlyList`1[[Billing.Application.DTOs.Products.ProductDto, Billing.Application, Version=1.0.0.0, Culture=neutral, PublicKeyToken=null]], System.Private.CoreLib, Version=9.0.0.0, Culture=neutral, PublicKeyToken=7cec85d7bea7798e]]'.
2026-08-08 19:37:25.177 +05:30 [INF] Executed action Billing.API.Controllers.ProductsController.Search (Billing.API) in 2.2143ms
2026-08-08 19:37:25.177 +05:30 [INF] Executed endpoint 'Billing.API.Controllers.ProductsController.Search (Billing.API)'
2026-08-08 19:37:25.177 +05:30 [INF] HTTP GET /api/products/search responded 200 in 2.9888 ms
2026-08-08 19:37:25.177 +05:30 [INF] Request finished HTTP/1.1 GET http://localhost:5000/api/products/search?term=Mine&limit=20 - 200 null application/json; charset=utf-8 3.1261ms
2026-08-08 19:37:25.196 +05:30 [INF] Request starting HTTP/1.1 GET http://localhost:5000/api/products/search?term=Min&limit=20 - null null
2026-08-08 19:37:25.197 +05:30 [INF] Executing endpoint 'Billing.API.Controllers.ProductsController.Search (Billing.API)'
2026-08-08 19:37:25.197 +05:30 [INF] Route matched with {action = "Search", controller = "Products"}. Executing controller action with signature System.Threading.Tasks.Task`1[Microsoft.AspNetCore.Mvc.IActionResult] Search(System.String, Int32, System.Threading.CancellationToken) on controller Billing.API.Controllers.ProductsController (Billing.API).
2026-08-08 19:37:25.197 +05:30 [INF] Handling SearchProductsQuery
2026-08-08 19:37:25.205 +05:30 [INF] Handled SearchProductsQuery in 7ms
2026-08-08 19:37:25.205 +05:30 [INF] Executing OkObjectResult, writing value of type 'Billing.Shared.Results.Result`1[[System.Collections.Generic.IReadOnlyList`1[[Billing.Application.DTOs.Products.ProductDto, Billing.Application, Version=1.0.0.0, Culture=neutral, PublicKeyToken=null]], System.Private.CoreLib, Version=9.0.0.0, Culture=neutral, PublicKeyToken=7cec85d7bea7798e]]'.
2026-08-08 19:37:25.205 +05:30 [INF] Executed action Billing.API.Controllers.ProductsController.Search (Billing.API) in 7.7846ms
2026-08-08 19:37:25.205 +05:30 [INF] Executed endpoint 'Billing.API.Controllers.ProductsController.Search (Billing.API)'
2026-08-08 19:37:25.205 +05:30 [INF] HTTP GET /api/products/search responded 200 in 8.5989 ms
2026-08-08 19:37:25.205 +05:30 [INF] Request finished HTTP/1.1 GET http://localhost:5000/api/products/search?term=Min&limit=20 - 200 null application/json; charset=utf-8 8.7228ms
2026-08-08 19:37:25.223 +05:30 [INF] Request starting HTTP/1.1 GET http://localhost:5000/api/products/search?term=Mi&limit=20 - null null
2026-08-08 19:37:25.224 +05:30 [INF] Executing endpoint 'Billing.API.Controllers.ProductsController.Search (Billing.API)'
2026-08-08 19:37:25.224 +05:30 [INF] Route matched with {action = "Search", controller = "Products"}. Executing controller action with signature System.Threading.Tasks.Task`1[Microsoft.AspNetCore.Mvc.IActionResult] Search(System.String, Int32, System.Threading.CancellationToken) on controller Billing.API.Controllers.ProductsController (Billing.API).
2026-08-08 19:37:25.224 +05:30 [INF] Handling SearchProductsQuery
2026-08-08 19:37:25.234 +05:30 [INF] Handled SearchProductsQuery in 9ms
2026-08-08 19:37:25.235 +05:30 [INF] Executing OkObjectResult, writing value of type 'Billing.Shared.Results.Result`1[[System.Collections.Generic.IReadOnlyList`1[[Billing.Application.DTOs.Products.ProductDto, Billing.Application, Version=1.0.0.0, Culture=neutral, PublicKeyToken=null]], System.Private.CoreLib, Version=9.0.0.0, Culture=neutral, PublicKeyToken=7cec85d7bea7798e]]'.
2026-08-08 19:37:25.235 +05:30 [INF] Executed action Billing.API.Controllers.ProductsController.Search (Billing.API) in 10.6856ms
2026-08-08 19:37:25.235 +05:30 [INF] Executed endpoint 'Billing.API.Controllers.ProductsController.Search (Billing.API)'
2026-08-08 19:37:25.235 +05:30 [INF] HTTP GET /api/products/search responded 200 in 11.5836 ms
2026-08-08 19:37:25.235 +05:30 [INF] Request finished HTTP/1.1 GET http://localhost:5000/api/products/search?term=Mi&limit=20 - 200 null application/json; charset=utf-8 11.7614ms
2026-08-08 19:37:27.501 +05:30 [INF] Request starting HTTP/1.1 GET http://localhost:5000/api/products/search?term=ri&limit=20 - null null
2026-08-08 19:37:27.502 +05:30 [INF] Executing endpoint 'Billing.API.Controllers.ProductsController.Search (Billing.API)'
2026-08-08 19:37:27.502 +05:30 [INF] Route matched with {action = "Search", controller = "Products"}. Executing controller action with signature System.Threading.Tasks.Task`1[Microsoft.AspNetCore.Mvc.IActionResult] Search(System.String, Int32, System.Threading.CancellationToken) on controller Billing.API.Controllers.ProductsController (Billing.API).
2026-08-08 19:37:27.503 +05:30 [INF] Handling SearchProductsQuery
2026-08-08 19:37:27.528 +05:30 [INF] Handled SearchProductsQuery in 25ms
2026-08-08 19:37:27.529 +05:30 [INF] Executing OkObjectResult, writing value of type 'Billing.Shared.Results.Result`1[[System.Collections.Generic.IReadOnlyList`1[[Billing.Application.DTOs.Products.ProductDto, Billing.Application, Version=1.0.0.0, Culture=neutral, PublicKeyToken=null]], System.Private.CoreLib, Version=9.0.0.0, Culture=neutral, PublicKeyToken=7cec85d7bea7798e]]'.
2026-08-08 19:37:27.529 +05:30 [INF] Executed action Billing.API.Controllers.ProductsController.Search (Billing.API) in 26.466ms
2026-08-08 19:37:27.529 +05:30 [INF] Executed endpoint 'Billing.API.Controllers.ProductsController.Search (Billing.API)'
2026-08-08 19:37:27.529 +05:30 [INF] HTTP GET /api/products/search responded 200 in 27.6280 ms
2026-08-08 19:37:27.529 +05:30 [INF] Request finished HTTP/1.1 GET http://localhost:5000/api/products/search?term=ri&limit=20 - 200 null application/json; charset=utf-8 27.8747ms
2026-08-08 19:37:27.840 +05:30 [INF] Request starting HTTP/1.1 GET http://localhost:5000/api/products/search?term=ric&limit=20 - null null
2026-08-08 19:37:27.841 +05:30 [INF] Executing endpoint 'Billing.API.Controllers.ProductsController.Search (Billing.API)'
2026-08-08 19:37:27.841 +05:30 [INF] Route matched with {action = "Search", controller = "Products"}. Executing controller action with signature System.Threading.Tasks.Task`1[Microsoft.AspNetCore.Mvc.IActionResult] Search(System.String, Int32, System.Threading.CancellationToken) on controller Billing.API.Controllers.ProductsController (Billing.API).
2026-08-08 19:37:27.842 +05:30 [INF] Handling SearchProductsQuery
2026-08-08 19:37:27.878 +05:30 [INF] Handled SearchProductsQuery in 36ms
2026-08-08 19:37:27.878 +05:30 [INF] Executing OkObjectResult, writing value of type 'Billing.Shared.Results.Result`1[[System.Collections.Generic.IReadOnlyList`1[[Billing.Application.DTOs.Products.ProductDto, Billing.Application, Version=1.0.0.0, Culture=neutral, PublicKeyToken=null]], System.Private.CoreLib, Version=9.0.0.0, Culture=neutral, PublicKeyToken=7cec85d7bea7798e]]'.
2026-08-08 19:37:27.878 +05:30 [INF] Executed action Billing.API.Controllers.ProductsController.Search (Billing.API) in 36.602ms
2026-08-08 19:37:27.878 +05:30 [INF] Executed endpoint 'Billing.API.Controllers.ProductsController.Search (Billing.API)'
2026-08-08 19:37:27.878 +05:30 [INF] HTTP GET /api/products/search responded 200 in 37.5915 ms
2026-08-08 19:37:27.878 +05:30 [INF] Request finished HTTP/1.1 GET http://localhost:5000/api/products/search?term=ric&limit=20 - 200 null application/json; charset=utf-8 37.7103ms
2026-08-08 19:37:29.070 +05:30 [INF] Request starting HTTP/1.1 GET http://localhost:5000/api/products/search?term=Rice+5kg+Bag&limit=20 - null null
2026-08-08 19:37:29.070 +05:30 [INF] Executing endpoint 'Billing.API.Controllers.ProductsController.Search (Billing.API)'
2026-08-08 19:37:29.070 +05:30 [INF] Route matched with {action = "Search", controller = "Products"}. Executing controller action with signature System.Threading.Tasks.Task`1[Microsoft.AspNetCore.Mvc.IActionResult] Search(System.String, Int32, System.Threading.CancellationToken) on controller Billing.API.Controllers.ProductsController (Billing.API).
2026-08-08 19:37:29.071 +05:30 [INF] Handling SearchProductsQuery
2026-08-08 19:37:29.093 +05:30 [INF] Handled SearchProductsQuery in 22ms
2026-08-08 19:37:29.093 +05:30 [INF] Executing OkObjectResult, writing value of type 'Billing.Shared.Results.Result`1[[System.Collections.Generic.IReadOnlyList`1[[Billing.Application.DTOs.Products.ProductDto, Billing.Application, Version=1.0.0.0, Culture=neutral, PublicKeyToken=null]], System.Private.CoreLib, Version=9.0.0.0, Culture=neutral, PublicKeyToken=7cec85d7bea7798e]]'.
2026-08-08 19:37:29.094 +05:30 [INF] Executed action Billing.API.Controllers.ProductsController.Search (Billing.API) in 23.0506ms
2026-08-08 19:37:29.094 +05:30 [INF] Executed endpoint 'Billing.API.Controllers.ProductsController.Search (Billing.API)'
2026-08-08 19:37:29.094 +05:30 [INF] HTTP GET /api/products/search responded 200 in 23.5609 ms
2026-08-08 19:37:29.094 +05:30 [INF] Request finished HTTP/1.1 GET http://localhost:5000/api/products/search?term=Rice+5kg+Bag&limit=20 - 200 null application/json; charset=utf-8 23.6984ms
2026-08-08 19:38:07.871 +05:30 [INF] Request starting HTTP/1.1 GET http://localhost:5000/api/products/44444444-0000-0000-0000-000000000005 - null null
2026-08-08 19:38:07.871 +05:30 [INF] Executing endpoint 'Billing.API.Controllers.ProductsController.GetProduct (Billing.API)'
2026-08-08 19:38:07.878 +05:30 [INF] Route matched with {action = "GetProduct", controller = "Products"}. Executing controller action with signature System.Threading.Tasks.Task`1[Microsoft.AspNetCore.Mvc.IActionResult] GetProduct(System.Guid, System.Threading.CancellationToken) on controller Billing.API.Controllers.ProductsController (Billing.API).
2026-08-08 19:38:07.881 +05:30 [INF] Handling GetProductByIdQuery
2026-08-08 19:38:07.901 +05:30 [INF] Handled GetProductByIdQuery in 19ms
2026-08-08 19:38:07.901 +05:30 [INF] Executing OkObjectResult, writing value of type 'Billing.Shared.Results.Result`1[[Billing.Application.DTOs.Products.ProductDto, Billing.Application, Version=1.0.0.0, Culture=neutral, PublicKeyToken=null]]'.
2026-08-08 19:38:07.903 +05:30 [INF] Executed action Billing.API.Controllers.ProductsController.GetProduct (Billing.API) in 24.1802ms
2026-08-08 19:38:07.903 +05:30 [INF] Executed endpoint 'Billing.API.Controllers.ProductsController.GetProduct (Billing.API)'
2026-08-08 19:38:07.903 +05:30 [INF] HTTP GET /api/products/44444444-0000-0000-0000-000000000005 responded 200 in 31.7380 ms
2026-08-08 19:38:07.903 +05:30 [INF] Request finished HTTP/1.1 GET http://localhost:5000/api/products/44444444-0000-0000-0000-000000000005 - 200 null application/json; charset=utf-8 31.8874ms
2026-08-08 19:38:34.677 +05:30 [INF] Request starting HTTP/1.1 GET http://localhost:5000/api/products/44444444-0000-0000-0000-000000000004 - null null
2026-08-08 19:38:34.678 +05:30 [INF] Executing endpoint 'Billing.API.Controllers.ProductsController.GetProduct (Billing.API)'
2026-08-08 19:38:34.678 +05:30 [INF] Route matched with {action = "GetProduct", controller = "Products"}. Executing controller action with signature System.Threading.Tasks.Task`1[Microsoft.AspNetCore.Mvc.IActionResult] GetProduct(System.Guid, System.Threading.CancellationToken) on controller Billing.API.Controllers.ProductsController (Billing.API).
2026-08-08 19:38:34.678 +05:30 [INF] Handling GetProductByIdQuery
2026-08-08 19:38:34.701 +05:30 [INF] Handled GetProductByIdQuery in 22ms
2026-08-08 19:38:34.701 +05:30 [INF] Executing OkObjectResult, writing value of type 'Billing.Shared.Results.Result`1[[Billing.Application.DTOs.Products.ProductDto, Billing.Application, Version=1.0.0.0, Culture=neutral, PublicKeyToken=null]]'.
2026-08-08 19:38:34.701 +05:30 [INF] Executed action Billing.API.Controllers.ProductsController.GetProduct (Billing.API) in 23.4749ms
2026-08-08 19:38:34.702 +05:30 [INF] Executed endpoint 'Billing.API.Controllers.ProductsController.GetProduct (Billing.API)'
2026-08-08 19:38:34.702 +05:30 [INF] HTTP GET /api/products/44444444-0000-0000-0000-000000000004 responded 200 in 24.6759 ms
2026-08-08 19:38:34.702 +05:30 [INF] Request finished HTTP/1.1 GET http://localhost:5000/api/products/44444444-0000-0000-0000-000000000004 - 200 null application/json; charset=utf-8 24.9347ms
2026-08-08 19:38:55.320 +05:30 [INF] Request starting HTTP/1.1 GET http://localhost:5000/api/products/44444444-0000-0000-0000-000000000001 - null null
2026-08-08 19:38:55.321 +05:30 [INF] Executing endpoint 'Billing.API.Controllers.ProductsController.GetProduct (Billing.API)'
2026-08-08 19:38:55.321 +05:30 [INF] Route matched with {action = "GetProduct", controller = "Products"}. Executing controller action with signature System.Threading.Tasks.Task`1[Microsoft.AspNetCore.Mvc.IActionResult] GetProduct(System.Guid, System.Threading.CancellationToken) on controller Billing.API.Controllers.ProductsController (Billing.API).
2026-08-08 19:38:55.326 +05:30 [INF] Handling GetProductByIdQuery
2026-08-08 19:38:55.350 +05:30 [INF] Handled GetProductByIdQuery in 24ms
2026-08-08 19:38:55.350 +05:30 [INF] Executing OkObjectResult, writing value of type 'Billing.Shared.Results.Result`1[[Billing.Application.DTOs.Products.ProductDto, Billing.Application, Version=1.0.0.0, Culture=neutral, PublicKeyToken=null]]'.
2026-08-08 19:38:55.350 +05:30 [INF] Executed action Billing.API.Controllers.ProductsController.GetProduct (Billing.API) in 29.2845ms
2026-08-08 19:38:55.350 +05:30 [INF] Executed endpoint 'Billing.API.Controllers.ProductsController.GetProduct (Billing.API)'
2026-08-08 19:38:55.351 +05:30 [INF] HTTP GET /api/products/44444444-0000-0000-0000-000000000001 responded 200 in 29.9625 ms
2026-08-08 19:38:55.351 +05:30 [INF] Request finished HTTP/1.1 GET http://localhost:5000/api/products/44444444-0000-0000-0000-000000000001 - 200 null application/json; charset=utf-8 30.0957ms
2026-08-08 19:39:21.398 +05:30 [INF] Request starting HTTP/1.1 GET http://localhost:5000/api/products?page=1&pageSize=10 - null null
2026-08-08 19:39:21.399 +05:30 [INF] Executing endpoint 'Billing.API.Controllers.ProductsController.GetProducts (Billing.API)'
2026-08-08 19:39:21.399 +05:30 [INF] Route matched with {action = "GetProducts", controller = "Products"}. Executing controller action with signature System.Threading.Tasks.Task`1[Microsoft.AspNetCore.Mvc.IActionResult] GetProducts(Int32, Int32, System.String, System.String, Boolean, System.Threading.CancellationToken) on controller Billing.API.Controllers.ProductsController (Billing.API).
2026-08-08 19:39:21.400 +05:30 [INF] Handling GetProductsQuery
2026-08-08 19:39:21.424 +05:30 [INF] Handled GetProductsQuery in 24ms
2026-08-08 19:39:21.424 +05:30 [INF] Executing OkObjectResult, writing value of type 'Billing.Shared.Results.Result`1[[Billing.Application.Common.PagedResult`1[[Billing.Application.DTOs.Products.ProductDto, Billing.Application, Version=1.0.0.0, Culture=neutral, PublicKeyToken=null]], Billing.Application, Version=1.0.0.0, Culture=neutral, PublicKeyToken=null]]'.
2026-08-08 19:39:21.425 +05:30 [INF] Executed action Billing.API.Controllers.ProductsController.GetProducts (Billing.API) in 25.8241ms
2026-08-08 19:39:21.425 +05:30 [INF] Executed endpoint 'Billing.API.Controllers.ProductsController.GetProducts (Billing.API)'
2026-08-08 19:39:21.425 +05:30 [INF] HTTP GET /api/products responded 200 in 26.7571 ms
2026-08-08 19:39:21.425 +05:30 [INF] Request finished HTTP/1.1 GET http://localhost:5000/api/products?page=1&pageSize=10 - 200 null application/json; charset=utf-8 26.9908ms
2026-08-08 19:40:06.278 +05:30 [INF] Request starting HTTP/1.1 GET http://localhost:5000/api/purchases/d6176733-a53a-474d-b578-75682fa0d09b - null null
2026-08-08 19:40:06.279 +05:30 [INF] Executing endpoint 'Billing.API.Controllers.PurchasesController.GetPurchase (Billing.API)'
2026-08-08 19:40:06.287 +05:30 [INF] Route matched with {action = "GetPurchase", controller = "Purchases"}. Executing controller action with signature System.Threading.Tasks.Task`1[Microsoft.AspNetCore.Mvc.IActionResult] GetPurchase(System.Guid, System.Threading.CancellationToken) on controller Billing.API.Controllers.PurchasesController (Billing.API).
2026-08-08 19:40:06.291 +05:30 [INF] Handling GetPurchaseByIdQuery
2026-08-08 19:40:06.360 +05:30 [INF] Handled GetPurchaseByIdQuery in 68ms
2026-08-08 19:40:06.360 +05:30 [INF] Executing OkObjectResult, writing value of type 'Billing.Shared.Results.Result`1[[Billing.Application.DTOs.PurchaseDto, Billing.Application, Version=1.0.0.0, Culture=neutral, PublicKeyToken=null]]'.
2026-08-08 19:40:06.368 +05:30 [INF] Executed action Billing.API.Controllers.PurchasesController.GetPurchase (Billing.API) in 80.5842ms
2026-08-08 19:40:06.368 +05:30 [INF] Executed endpoint 'Billing.API.Controllers.PurchasesController.GetPurchase (Billing.API)'
2026-08-08 19:40:06.368 +05:30 [INF] HTTP GET /api/purchases/d6176733-a53a-474d-b578-75682fa0d09b responded 200 in 90.2053 ms
2026-08-08 19:40:06.368 +05:30 [INF] Request finished HTTP/1.1 GET http://localhost:5000/api/purchases/d6176733-a53a-474d-b578-75682fa0d09b - 200 null application/json; charset=utf-8 90.6463ms
2026-08-08 19:40:37.713 +05:30 [INF] Request starting HTTP/1.1 GET http://localhost:5000/api/users - null null
2026-08-08 19:40:37.714 +05:30 [INF] Executing endpoint 'Billing.API.Controllers.UsersController.GetUsers (Billing.API)'
2026-08-08 19:40:37.714 +05:30 [INF] Route matched with {action = "GetUsers", controller = "Users"}. Executing controller action with signature System.Threading.Tasks.Task`1[Microsoft.AspNetCore.Mvc.IActionResult] GetUsers(System.Threading.CancellationToken) on controller Billing.API.Controllers.UsersController (Billing.API).
2026-08-08 19:40:37.714 +05:30 [INF] Handling GetUsersQuery
2026-08-08 19:40:37.751 +05:30 [INF] Handled GetUsersQuery in 37ms
2026-08-08 19:40:37.752 +05:30 [INF] Executing OkObjectResult, writing value of type 'Billing.Shared.Results.Result`1[[System.Collections.Generic.IReadOnlyList`1[[Billing.Application.DTOs.Users.UserDto, Billing.Application, Version=1.0.0.0, Culture=neutral, PublicKeyToken=null]], System.Private.CoreLib, Version=9.0.0.0, Culture=neutral, PublicKeyToken=7cec85d7bea7798e]]'.
2026-08-08 19:40:37.752 +05:30 [INF] Executed action Billing.API.Controllers.UsersController.GetUsers (Billing.API) in 38.3158ms
2026-08-08 19:40:37.753 +05:30 [INF] Executed endpoint 'Billing.API.Controllers.UsersController.GetUsers (Billing.API)'
2026-08-08 19:40:37.753 +05:30 [INF] HTTP GET /api/users responded 200 in 39.6953 ms
2026-08-08 19:40:37.753 +05:30 [INF] Request finished HTTP/1.1 GET http://localhost:5000/api/users - 200 null application/json; charset=utf-8 40.0391ms
2026-08-08 19:42:07.120 +05:30 [INF] Request starting HTTP/1.1 GET http://localhost:5000/api/customers?page=1&pageSize=50 - null null
2026-08-08 19:42:07.121 +05:30 [INF] Executing endpoint 'Billing.API.Controllers.CustomersController.GetCustomers (Billing.API)'
2026-08-08 19:42:07.121 +05:30 [INF] Route matched with {action = "GetCustomers", controller = "Customers"}. Executing controller action with signature System.Threading.Tasks.Task`1[Microsoft.AspNetCore.Mvc.IActionResult] GetCustomers(Int32, Int32, System.String, System.Threading.CancellationToken) on controller Billing.API.Controllers.CustomersController (Billing.API).
2026-08-08 19:42:07.125 +05:30 [INF] Handling GetCustomersQuery
2026-08-08 19:42:07.149 +05:30 [INF] Handled GetCustomersQuery in 23ms
2026-08-08 19:42:07.149 +05:30 [INF] Executing OkObjectResult, writing value of type 'Billing.Shared.Results.Result`1[[Billing.Application.Common.PagedResult`1[[Billing.Application.DTOs.CustomerDto, Billing.Application, Version=1.0.0.0, Culture=neutral, PublicKeyToken=null]], Billing.Application, Version=1.0.0.0, Culture=neutral, PublicKeyToken=null]]'.
2026-08-08 19:42:07.150 +05:30 [INF] Executed action Billing.API.Controllers.CustomersController.GetCustomers (Billing.API) in 28.9154ms
2026-08-08 19:42:07.150 +05:30 [INF] Executed endpoint 'Billing.API.Controllers.CustomersController.GetCustomers (Billing.API)'
2026-08-08 19:42:07.150 +05:30 [INF] HTTP GET /api/customers responded 200 in 29.7855 ms
2026-08-08 19:42:07.150 +05:30 [INF] Request finished HTTP/1.1 GET http://localhost:5000/api/customers?page=1&pageSize=50 - 200 null application/json; charset=utf-8 29.9161ms
2026-08-08 19:42:26.082 +05:30 [INF] Request starting HTTP/1.1 GET http://localhost:5000/api/products/search?term=WA&limit=20 - null null
2026-08-08 19:42:26.083 +05:30 [INF] Executing endpoint 'Billing.API.Controllers.ProductsController.Search (Billing.API)'
2026-08-08 19:42:26.083 +05:30 [INF] Route matched with {action = "Search", controller = "Products"}. Executing controller action with signature System.Threading.Tasks.Task`1[Microsoft.AspNetCore.Mvc.IActionResult] Search(System.String, Int32, System.Threading.CancellationToken) on controller Billing.API.Controllers.ProductsController (Billing.API).
2026-08-08 19:42:26.084 +05:30 [INF] Handling SearchProductsQuery
2026-08-08 19:42:26.119 +05:30 [INF] Handled SearchProductsQuery in 35ms
2026-08-08 19:42:26.119 +05:30 [INF] Executing OkObjectResult, writing value of type 'Billing.Shared.Results.Result`1[[System.Collections.Generic.IReadOnlyList`1[[Billing.Application.DTOs.Products.ProductDto, Billing.Application, Version=1.0.0.0, Culture=neutral, PublicKeyToken=null]], System.Private.CoreLib, Version=9.0.0.0, Culture=neutral, PublicKeyToken=7cec85d7bea7798e]]'.
2026-08-08 19:42:26.119 +05:30 [INF] Executed action Billing.API.Controllers.ProductsController.Search (Billing.API) in 36.26ms
2026-08-08 19:42:26.119 +05:30 [INF] Executed endpoint 'Billing.API.Controllers.ProductsController.Search (Billing.API)'
2026-08-08 19:42:26.120 +05:30 [INF] HTTP GET /api/products/search responded 200 in 37.4501 ms
2026-08-08 19:42:26.120 +05:30 [INF] Request finished HTTP/1.1 GET http://localhost:5000/api/products/search?term=WA&limit=20 - 200 null application/json; charset=utf-8 37.6694ms
2026-08-08 19:42:26.680 +05:30 [INF] Request starting HTTP/1.1 GET http://localhost:5000/api/products/search?term=WAT&limit=20 - null null
2026-08-08 19:42:26.681 +05:30 [INF] Executing endpoint 'Billing.API.Controllers.ProductsController.Search (Billing.API)'
2026-08-08 19:42:26.681 +05:30 [INF] Route matched with {action = "Search", controller = "Products"}. Executing controller action with signature System.Threading.Tasks.Task`1[Microsoft.AspNetCore.Mvc.IActionResult] Search(System.String, Int32, System.Threading.CancellationToken) on controller Billing.API.Controllers.ProductsController (Billing.API).
2026-08-08 19:42:26.681 +05:30 [INF] Handling SearchProductsQuery
2026-08-08 19:42:26.734 +05:30 [INF] Handled SearchProductsQuery in 53ms
2026-08-08 19:42:26.734 +05:30 [INF] Executing OkObjectResult, writing value of type 'Billing.Shared.Results.Result`1[[System.Collections.Generic.IReadOnlyList`1[[Billing.Application.DTOs.Products.ProductDto, Billing.Application, Version=1.0.0.0, Culture=neutral, PublicKeyToken=null]], System.Private.CoreLib, Version=9.0.0.0, Culture=neutral, PublicKeyToken=7cec85d7bea7798e]]'.
2026-08-08 19:42:26.735 +05:30 [INF] Executed action Billing.API.Controllers.ProductsController.Search (Billing.API) in 54.0196ms
2026-08-08 19:42:26.735 +05:30 [INF] Executed endpoint 'Billing.API.Controllers.ProductsController.Search (Billing.API)'
2026-08-08 19:42:26.735 +05:30 [INF] HTTP GET /api/products/search responded 200 in 54.4300 ms
2026-08-08 19:42:26.735 +05:30 [INF] Request finished HTTP/1.1 GET http://localhost:5000/api/products/search?term=WAT&limit=20 - 200 null application/json; charset=utf-8 54.7541ms
2026-08-08 19:42:47.940 +05:30 [INF] Request starting HTTP/1.1 POST http://localhost:5000/api/sales - application/json 201
2026-08-08 19:42:47.940 +05:30 [INF] CORS policy execution successful.
2026-08-08 19:42:47.941 +05:30 [INF] Executing endpoint 'Billing.API.Controllers.SalesController.CreateSale (Billing.API)'
2026-08-08 19:42:47.941 +05:30 [INF] Route matched with {action = "CreateSale", controller = "Sales"}. Executing controller action with signature System.Threading.Tasks.Task`1[Microsoft.AspNetCore.Mvc.IActionResult] CreateSale(Billing.Application.DTOs.Sales.CreateSaleRequest, System.Threading.CancellationToken) on controller Billing.API.Controllers.SalesController (Billing.API).
2026-08-08 19:42:47.942 +05:30 [INF] Handling CreateSaleCommand
2026-08-08 19:42:47.982 +05:30 [ERR] Failed handling CreateSaleCommand after 39ms
Billing.Shared.Exceptions.ConflictException: Insufficient stock for product 'Mineral Water 1L'. Available: 0.000, Requested: 1
   at Billing.Application.Commands.Sales.CreateSaleHandler.Handle(CreateSaleCommand request, CancellationToken cancellationToken) in D:\Projects\ERP\NewShop\src\Billing.Application\Handlers\Sales\SaleCommandHandlers.cs:line 76
   at Billing.Application.Commands.Sales.CreateSaleHandler.Handle(CreateSaleCommand request, CancellationToken cancellationToken) in D:\Projects\ERP\NewShop\src\Billing.Application\Handlers\Sales\SaleCommandHandlers.cs:line 141
   at Billing.Application.Behaviors.LoggingBehavior`2.Handle(TRequest request, RequestHandlerDelegate`1 next, CancellationToken cancellationToken) in D:\Projects\ERP\NewShop\src\Billing.Application\Behaviors\PipelineBehaviors.cs:line 53
   at Billing.Application.Behaviors.ValidationBehavior`2.Handle(TRequest request, RequestHandlerDelegate`1 next, CancellationToken cancellationToken) in D:\Projects\ERP\NewShop\src\Billing.Application\Behaviors\PipelineBehaviors.cs:line 20
   at Billing.API.Controllers.SalesController.CreateSale(CreateSaleRequest request, CancellationToken cancellationToken) in D:\Projects\ERP\NewShop\src\Billing.API\Controllers\SalesController.cs:line 52
2026-08-08 19:42:47.982 +05:30 [INF] Executed action Billing.API.Controllers.SalesController.CreateSale (Billing.API) in 40.6993ms
2026-08-08 19:42:47.982 +05:30 [INF] Executed endpoint 'Billing.API.Controllers.SalesController.CreateSale (Billing.API)'
2026-08-08 19:42:47.982 +05:30 [WRN] Handled application exception (409). Path: /api/sales
Billing.Shared.Exceptions.ConflictException: Insufficient stock for product 'Mineral Water 1L'. Available: 0.000, Requested: 1
   at Billing.Application.Commands.Sales.CreateSaleHandler.Handle(CreateSaleCommand request, CancellationToken cancellationToken) in D:\Projects\ERP\NewShop\src\Billing.Application\Handlers\Sales\SaleCommandHandlers.cs:line 76
   at Billing.Application.Commands.Sales.CreateSaleHandler.Handle(CreateSaleCommand request, CancellationToken cancellationToken) in D:\Projects\ERP\NewShop\src\Billing.Application\Handlers\Sales\SaleCommandHandlers.cs:line 141
   at Billing.Application.Behaviors.LoggingBehavior`2.Handle(TRequest request, RequestHandlerDelegate`1 next, CancellationToken cancellationToken) in D:\Projects\ERP\NewShop\src\Billing.Application\Behaviors\PipelineBehaviors.cs:line 53
   at Billing.Application.Behaviors.ValidationBehavior`2.Handle(TRequest request, RequestHandlerDelegate`1 next, CancellationToken cancellationToken) in D:\Projects\ERP\NewShop\src\Billing.Application\Behaviors\PipelineBehaviors.cs:line 20
   at Billing.API.Controllers.SalesController.CreateSale(CreateSaleRequest request, CancellationToken cancellationToken) in D:\Projects\ERP\NewShop\src\Billing.API\Controllers\SalesController.cs:line 52
   at Microsoft.AspNetCore.Mvc.Infrastructure.ActionMethodExecutor.TaskOfIActionResultExecutor.Execute(ActionContext actionContext, IActionResultTypeMapper mapper, ObjectMethodExecutor executor, Object controller, Object[] arguments)
   at Microsoft.AspNetCore.Mvc.Infrastructure.ControllerActionInvoker.<InvokeActionMethodAsync>g__Awaited|12_0(ControllerActionInvoker invoker, ValueTask`1 actionResultValueTask)
   at Microsoft.AspNetCore.Mvc.Infrastructure.ControllerActionInvoker.<InvokeNextActionFilterAsync>g__Awaited|10_0(ControllerActionInvoker invoker, Task lastTask, State next, Scope scope, Object state, Boolean isCompleted)
   at Microsoft.AspNetCore.Mvc.Infrastructure.ControllerActionInvoker.Rethrow(ActionExecutedContextSealed context)
   at Microsoft.AspNetCore.Mvc.Infrastructure.ControllerActionInvoker.Next(State& next, Scope& scope, Object& state, Boolean& isCompleted)
   at Microsoft.AspNetCore.Mvc.Infrastructure.ControllerActionInvoker.<InvokeInnerFilterAsync>g__Awaited|13_0(ControllerActionInvoker invoker, Task lastTask, State next, Scope scope, Object state, Boolean isCompleted)
   at Microsoft.AspNetCore.Mvc.Infrastructure.ResourceInvoker.<InvokeFilterPipelineAsync>g__Awaited|20_0(ResourceInvoker invoker, Task lastTask, State next, Scope scope, Object state, Boolean isCompleted)
   at Microsoft.AspNetCore.Mvc.Infrastructure.ResourceInvoker.<InvokeAsync>g__Logged|17_1(ResourceInvoker invoker)
   at Microsoft.AspNetCore.Mvc.Infrastructure.ResourceInvoker.<InvokeAsync>g__Logged|17_1(ResourceInvoker invoker)
   at Microsoft.AspNetCore.Routing.EndpointMiddleware.<Invoke>g__AwaitRequestTask|7_0(Endpoint endpoint, Task requestTask, ILogger logger)
   at Microsoft.AspNetCore.Authorization.AuthorizationMiddleware.Invoke(HttpContext context)
   at Billing.Infrastructure.Middleware.TenantContextMiddleware.InvokeAsync(HttpContext context, ITenantContext tenantContext) in D:\Projects\ERP\NewShop\src\Billing.Infrastructure\Middleware\TenantContextMiddleware.cs:line 49
   at Microsoft.AspNetCore.Authentication.AuthenticationMiddleware.Invoke(HttpContext context)
   at Billing.Infrastructure.Middleware.GlobalExceptionMiddleware.InvokeAsync(HttpContext context) in D:\Projects\ERP\NewShop\src\Billing.Infrastructure\Middleware\GlobalExceptionMiddleware.cs:line 31
2026-08-08 19:42:47.985 +05:30 [INF] HTTP POST /api/sales responded 409 in 44.1675 ms
2026-08-08 19:42:47.985 +05:30 [INF] Request finished HTTP/1.1 POST http://localhost:5000/api/sales - 409 null application/json 44.3527ms
2026-08-08 19:44:32.246 +05:30 [INF] Request starting HTTP/1.1 GET http://localhost:5000/api/customers?page=1&pageSize=50 - null null
2026-08-08 19:44:32.247 +05:30 [INF] Failed to validate the token.
Microsoft.IdentityModel.Tokens.SecurityTokenExpiredException: IDX10223: Lifetime validation failed. The token is expired. ValidTo (UTC): '8/8/2026 2:13:58 PM', Current time (UTC): '8/8/2026 2:14:32 PM'.
   at Microsoft.IdentityModel.Tokens.ValidatorUtilities.ValidateLifetime(Nullable`1 notBefore, Nullable`1 expires, SecurityToken securityToken, TokenValidationParameters validationParameters)
   at Microsoft.IdentityModel.Tokens.Validators.ValidateLifetime(Nullable`1 notBefore, Nullable`1 expires, SecurityToken securityToken, TokenValidationParameters validationParameters)
   at Microsoft.IdentityModel.JsonWebTokens.JsonWebTokenHandler.ValidateTokenPayloadAsync(JsonWebToken jsonWebToken, TokenValidationParameters validationParameters, BaseConfiguration configuration)
   at Microsoft.IdentityModel.JsonWebTokens.JsonWebTokenHandler.ValidateJWSAsync(JsonWebToken jsonWebToken, TokenValidationParameters validationParameters, BaseConfiguration configuration)
2026-08-08 19:44:32.247 +05:30 [INF] Bearer was not authenticated. Failure message: IDX10223: Lifetime validation failed. The token is expired. ValidTo (UTC): '8/8/2026 2:13:58 PM', Current time (UTC): '8/8/2026 2:14:32 PM'.
2026-08-08 19:44:32.247 +05:30 [INF] Authorization failed. These requirements were not met:
DenyAnonymousAuthorizationRequirement: Requires an authenticated user.
Billing.Identity.Authorization.PermissionRequirement
2026-08-08 19:44:32.247 +05:30 [INF] AuthenticationScheme: Bearer was challenged.
2026-08-08 19:44:32.248 +05:30 [INF] HTTP GET /api/customers responded 401 in 0.9718 ms
2026-08-08 19:44:32.248 +05:30 [INF] Request finished HTTP/1.1 GET http://localhost:5000/api/customers?page=1&pageSize=50 - 401 0 null 1.0972ms
2026-08-08 19:44:32.265 +05:30 [INF] Request starting HTTP/1.1 POST http://localhost:5000/api/auth/refresh - application/json 1640
2026-08-08 19:44:32.268 +05:30 [INF] CORS policy execution successful.
2026-08-08 19:44:32.268 +05:30 [INF] Failed to validate the token.
Microsoft.IdentityModel.Tokens.SecurityTokenExpiredException: IDX10223: Lifetime validation failed. The token is expired. ValidTo (UTC): '8/8/2026 2:13:58 PM', Current time (UTC): '8/8/2026 2:14:32 PM'.
   at Microsoft.IdentityModel.Tokens.ValidatorUtilities.ValidateLifetime(Nullable`1 notBefore, Nullable`1 expires, SecurityToken securityToken, TokenValidationParameters validationParameters)
   at Microsoft.IdentityModel.Tokens.Validators.ValidateLifetime(Nullable`1 notBefore, Nullable`1 expires, SecurityToken securityToken, TokenValidationParameters validationParameters)
   at Microsoft.IdentityModel.JsonWebTokens.JsonWebTokenHandler.ValidateTokenPayloadAsync(JsonWebToken jsonWebToken, TokenValidationParameters validationParameters, BaseConfiguration configuration)
   at Microsoft.IdentityModel.JsonWebTokens.JsonWebTokenHandler.ValidateJWSAsync(JsonWebToken jsonWebToken, TokenValidationParameters validationParameters, BaseConfiguration configuration)
2026-08-08 19:44:32.268 +05:30 [INF] Bearer was not authenticated. Failure message: IDX10223: Lifetime validation failed. The token is expired. ValidTo (UTC): '8/8/2026 2:13:58 PM', Current time (UTC): '8/8/2026 2:14:32 PM'.
2026-08-08 19:44:32.268 +05:30 [INF] Executing endpoint 'Billing.API.Controllers.AuthController.Refresh (Billing.API)'
2026-08-08 19:44:32.269 +05:30 [INF] Route matched with {action = "Refresh", controller = "Auth"}. Executing controller action with signature System.Threading.Tasks.Task`1[Microsoft.AspNetCore.Mvc.IActionResult] Refresh(Billing.Application.DTOs.Auth.RefreshRequest, System.Threading.CancellationToken) on controller Billing.API.Controllers.AuthController (Billing.API).
2026-08-08 19:44:32.359 +05:30 [INF] Executing OkObjectResult, writing value of type 'Billing.Shared.Results.Result`1[[Billing.Application.DTOs.Auth.RefreshResponse, Billing.Application, Version=1.0.0.0, Culture=neutral, PublicKeyToken=null]]'.
2026-08-08 19:44:32.359 +05:30 [INF] Executed action Billing.API.Controllers.AuthController.Refresh (Billing.API) in 90.5347ms
2026-08-08 19:44:32.359 +05:30 [INF] Executed endpoint 'Billing.API.Controllers.AuthController.Refresh (Billing.API)'
2026-08-08 19:44:32.359 +05:30 [INF] HTTP POST /api/auth/refresh responded 200 in 91.6876 ms
2026-08-08 19:44:32.359 +05:30 [INF] Request finished HTTP/1.1 POST http://localhost:5000/api/auth/refresh - 200 null application/json; charset=utf-8 94.2201ms
2026-08-08 19:44:32.374 +05:30 [INF] Request starting HTTP/1.1 GET http://localhost:5000/api/customers?page=1&pageSize=50 - null null
2026-08-08 19:44:32.375 +05:30 [INF] Executing endpoint 'Billing.API.Controllers.CustomersController.GetCustomers (Billing.API)'
2026-08-08 19:44:32.375 +05:30 [INF] Route matched with {action = "GetCustomers", controller = "Customers"}. Executing controller action with signature System.Threading.Tasks.Task`1[Microsoft.AspNetCore.Mvc.IActionResult] GetCustomers(Int32, Int32, System.String, System.Threading.CancellationToken) on controller Billing.API.Controllers.CustomersController (Billing.API).
2026-08-08 19:44:32.375 +05:30 [INF] Handling GetCustomersQuery
2026-08-08 19:44:32.391 +05:30 [INF] Handled GetCustomersQuery in 16ms
2026-08-08 19:44:32.391 +05:30 [INF] Executing OkObjectResult, writing value of type 'Billing.Shared.Results.Result`1[[Billing.Application.Common.PagedResult`1[[Billing.Application.DTOs.CustomerDto, Billing.Application, Version=1.0.0.0, Culture=neutral, PublicKeyToken=null]], Billing.Application, Version=1.0.0.0, Culture=neutral, PublicKeyToken=null]]'.
2026-08-08 19:44:32.392 +05:30 [INF] Executed action Billing.API.Controllers.CustomersController.GetCustomers (Billing.API) in 16.9121ms
2026-08-08 19:44:32.392 +05:30 [INF] Executed endpoint 'Billing.API.Controllers.CustomersController.GetCustomers (Billing.API)'
2026-08-08 19:44:32.392 +05:30 [INF] HTTP GET /api/customers responded 200 in 17.7876 ms
2026-08-08 19:44:32.392 +05:30 [INF] Request finished HTTP/1.1 GET http://localhost:5000/api/customers?page=1&pageSize=50 - 200 null application/json; charset=utf-8 17.9834ms
2026-08-08 19:44:37.321 +05:30 [INF] Request starting HTTP/1.1 GET http://localhost:5000/api/users - null null
2026-08-08 19:44:37.321 +05:30 [INF] Executing endpoint 'Billing.API.Controllers.UsersController.GetUsers (Billing.API)'
2026-08-08 19:44:37.321 +05:30 [INF] Route matched with {action = "GetUsers", controller = "Users"}. Executing controller action with signature System.Threading.Tasks.Task`1[Microsoft.AspNetCore.Mvc.IActionResult] GetUsers(System.Threading.CancellationToken) on controller Billing.API.Controllers.UsersController (Billing.API).
2026-08-08 19:44:37.321 +05:30 [INF] Handling GetUsersQuery
2026-08-08 19:44:37.333 +05:30 [INF] Handled GetUsersQuery in 12ms
2026-08-08 19:44:37.333 +05:30 [INF] Executing OkObjectResult, writing value of type 'Billing.Shared.Results.Result`1[[System.Collections.Generic.IReadOnlyList`1[[Billing.Application.DTOs.Users.UserDto, Billing.Application, Version=1.0.0.0, Culture=neutral, PublicKeyToken=null]], System.Private.CoreLib, Version=9.0.0.0, Culture=neutral, PublicKeyToken=7cec85d7bea7798e]]'.
2026-08-08 19:44:37.334 +05:30 [INF] Executed action Billing.API.Controllers.UsersController.GetUsers (Billing.API) in 12.7075ms
2026-08-08 19:44:37.334 +05:30 [INF] Executed endpoint 'Billing.API.Controllers.UsersController.GetUsers (Billing.API)'
2026-08-08 19:44:37.334 +05:30 [INF] HTTP GET /api/users responded 200 in 13.1440 ms
2026-08-08 19:44:37.334 +05:30 [INF] Request finished HTTP/1.1 GET http://localhost:5000/api/users - 200 null application/json; charset=utf-8 13.3161ms
2026-08-08 19:45:38.968 +05:30 [INF] Request starting HTTP/1.1 POST http://localhost:5000/api/auth/logout - application/json 1640
2026-08-08 19:45:38.969 +05:30 [INF] CORS policy execution successful.
2026-08-08 19:45:38.969 +05:30 [INF] Executing endpoint 'Billing.API.Controllers.AuthController.Logout (Billing.API)'
2026-08-08 19:45:38.979 +05:30 [INF] Route matched with {action = "Logout", controller = "Auth"}. Executing controller action with signature System.Threading.Tasks.Task`1[Microsoft.AspNetCore.Mvc.IActionResult] Logout(Billing.API.Controllers.RevokeRequest, System.Threading.CancellationToken) on controller Billing.API.Controllers.AuthController (Billing.API).
2026-08-08 19:45:39.013 +05:30 [INF] Executing OkObjectResult, writing value of type 'Billing.Shared.Results.Result'.
2026-08-08 19:45:39.013 +05:30 [INF] Executed action Billing.API.Controllers.AuthController.Logout (Billing.API) in 33.5483ms
2026-08-08 19:45:39.013 +05:30 [INF] Executed endpoint 'Billing.API.Controllers.AuthController.Logout (Billing.API)'
2026-08-08 19:45:39.013 +05:30 [INF] HTTP POST /api/auth/logout responded 200 in 44.6075 ms
2026-08-08 19:45:39.013 +05:30 [INF] Request finished HTTP/1.1 POST http://localhost:5000/api/auth/logout - 200 null application/json; charset=utf-8 44.956ms
2026-08-08 19:46:19.759 +05:30 [INF] Request starting HTTP/1.1 POST http://localhost:5000/api/auth/register - application/json 153
2026-08-08 19:46:19.759 +05:30 [INF] CORS policy execution successful.
2026-08-08 19:46:19.759 +05:30 [INF] Executing endpoint 'Billing.API.Controllers.AuthController.Register (Billing.API)'
2026-08-08 19:46:19.765 +05:30 [INF] Route matched with {action = "Register", controller = "Auth"}. Executing controller action with signature System.Threading.Tasks.Task`1[Microsoft.AspNetCore.Mvc.IActionResult] Register(Billing.Application.DTOs.Auth.RegisterRequest, System.Threading.CancellationToken) on controller Billing.API.Controllers.AuthController (Billing.API).
2026-08-08 19:46:19.997 +05:30 [INF] Executed action Billing.API.Controllers.AuthController.Register (Billing.API) in 231.8851ms
2026-08-08 19:46:19.997 +05:30 [INF] Executed endpoint 'Billing.API.Controllers.AuthController.Register (Billing.API)'
2026-08-08 19:46:19.997 +05:30 [ERR] Unhandled exception. Path: /api/auth/register. Message: The INSERT statement conflicted with the FOREIGN KEY constraint "FK_UserRoles_Users". The conflict occurred in database "BillingSystem", table "dbo.Users", column 'Id'.
The statement has been terminated.
Microsoft.Data.SqlClient.SqlException (0x80131904): The INSERT statement conflicted with the FOREIGN KEY constraint "FK_UserRoles_Users". The conflict occurred in database "BillingSystem", table "dbo.Users", column 'Id'.
The statement has been terminated.
   at Microsoft.Data.SqlClient.SqlConnection.OnError(SqlException exception, Boolean breakConnection, Action`1 wrapCloseInAction)
   at Microsoft.Data.SqlClient.SqlInternalConnection.OnError(SqlException exception, Boolean breakConnection, Action`1 wrapCloseInAction)
   at Microsoft.Data.SqlClient.TdsParser.ThrowExceptionAndWarning(TdsParserStateObject stateObj, SqlCommand command, Boolean callerHasConnectionLock, Boolean asyncClose)
   at Microsoft.Data.SqlClient.TdsParser.TryRun(RunBehavior runBehavior, SqlCommand cmdHandler, SqlDataReader dataStream, BulkCopySimpleResultSet bulkCopyHandler, TdsParserStateObject stateObj, Boolean& dataReady)
   at Microsoft.Data.SqlClient.SqlCommand.FinishExecuteReader(SqlDataReader ds, RunBehavior runBehavior, String resetOptionsString, Boolean isInternal, Boolean forDescribeParameterEncryption, Boolean shouldCacheForAlwaysEncrypted)
   at Microsoft.Data.SqlClient.SqlCommand.CompleteAsyncExecuteReader(Boolean isInternal, Boolean forDescribeParameterEncryption)
   at Microsoft.Data.SqlClient.SqlCommand.InternalEndExecuteNonQuery(IAsyncResult asyncResult, Boolean isInternal, String endMethod)
   at Microsoft.Data.SqlClient.SqlCommand.EndExecuteNonQueryInternal(IAsyncResult asyncResult)
   at Microsoft.Data.SqlClient.SqlCommand.EndExecuteNonQueryAsync(IAsyncResult asyncResult)
   at Microsoft.Data.SqlClient.SqlCommand.<>c.<InternalExecuteNonQueryAsync>b__193_1(IAsyncResult asyncResult)
   at System.Threading.Tasks.TaskFactory`1.FromAsyncCoreLogic(IAsyncResult iar, Func`2 endFunction, Action`1 endAction, Task`1 promise, Boolean requiresSynchronization)
--- End of stack trace from previous location ---
   at Dapper.SqlMapper.ExecuteImplAsync(IDbConnection cnn, CommandDefinition command, Object param) in /_/Dapper/SqlMapper.Async.cs:line 662
   at Billing.Persistence.Repositories.UserRepository.AssignRoleAsync(Guid userId, Guid roleId, IDbTransaction transaction, CancellationToken cancellationToken) in D:\Projects\ERP\NewShop\src\Billing.Persistence\Repositories\UserRefreshTokenAuditRepository.cs:line 78
   at Billing.Identity.Services.AuthService.RegisterAsync(RegisterRequest request, String ipAddress, String deviceInfo, CancellationToken cancellationToken) in D:\Projects\ERP\NewShop\src\Billing.Identity\Services\AuthService.cs:line 294
   at Billing.Identity.Services.AuthService.RegisterAsync(RegisterRequest request, String ipAddress, String deviceInfo, CancellationToken cancellationToken) in D:\Projects\ERP\NewShop\src\Billing.Identity\Services\AuthService.cs:line 329
   at Billing.API.Controllers.AuthController.Register(RegisterRequest request, CancellationToken cancellationToken) in D:\Projects\ERP\NewShop\src\Billing.API\Controllers\AuthController.cs:line 41
   at Microsoft.AspNetCore.Mvc.Infrastructure.ActionMethodExecutor.TaskOfIActionResultExecutor.Execute(ActionContext actionContext, IActionResultTypeMapper mapper, ObjectMethodExecutor executor, Object controller, Object[] arguments)
   at Microsoft.AspNetCore.Mvc.Infrastructure.ControllerActionInvoker.<InvokeActionMethodAsync>g__Awaited|12_0(ControllerActionInvoker invoker, ValueTask`1 actionResultValueTask)
   at Microsoft.AspNetCore.Mvc.Infrastructure.ControllerActionInvoker.<InvokeNextActionFilterAsync>g__Awaited|10_0(ControllerActionInvoker invoker, Task lastTask, State next, Scope scope, Object state, Boolean isCompleted)
   at Microsoft.AspNetCore.Mvc.Infrastructure.ControllerActionInvoker.Rethrow(ActionExecutedContextSealed context)
   at Microsoft.AspNetCore.Mvc.Infrastructure.ControllerActionInvoker.Next(State& next, Scope& scope, Object& state, Boolean& isCompleted)
   at Microsoft.AspNetCore.Mvc.Infrastructure.ControllerActionInvoker.<InvokeInnerFilterAsync>g__Awaited|13_0(ControllerActionInvoker invoker, Task lastTask, State next, Scope scope, Object state, Boolean isCompleted)
   at Microsoft.AspNetCore.Mvc.Infrastructure.ResourceInvoker.<InvokeFilterPipelineAsync>g__Awaited|20_0(ResourceInvoker invoker, Task lastTask, State next, Scope scope, Object state, Boolean isCompleted)
   at Microsoft.AspNetCore.Mvc.Infrastructure.ResourceInvoker.<InvokeAsync>g__Logged|17_1(ResourceInvoker invoker)
   at Microsoft.AspNetCore.Mvc.Infrastructure.ResourceInvoker.<InvokeAsync>g__Logged|17_1(ResourceInvoker invoker)
   at Microsoft.AspNetCore.Routing.EndpointMiddleware.<Invoke>g__AwaitRequestTask|7_0(Endpoint endpoint, Task requestTask, ILogger logger)
   at Microsoft.AspNetCore.Authorization.AuthorizationMiddleware.Invoke(HttpContext context)
   at Billing.Infrastructure.Middleware.TenantContextMiddleware.InvokeAsync(HttpContext context, ITenantContext tenantContext) in D:\Projects\ERP\NewShop\src\Billing.Infrastructure\Middleware\TenantContextMiddleware.cs:line 57
   at Microsoft.AspNetCore.Authentication.AuthenticationMiddleware.Invoke(HttpContext context)
   at Billing.Infrastructure.Middleware.GlobalExceptionMiddleware.InvokeAsync(HttpContext context) in D:\Projects\ERP\NewShop\src\Billing.Infrastructure\Middleware\GlobalExceptionMiddleware.cs:line 31
ClientConnectionId:f959353c-25b3-4266-8994-a7702e114add
Error Number:547,State:0,Class:16
2026-08-08 19:46:20.011 +05:30 [ERR] HTTP POST /api/auth/register responded 500 in 251.5781 ms
2026-08-08 19:46:20.011 +05:30 [INF] Request finished HTTP/1.1 POST http://localhost:5000/api/auth/register - 500 null application/json 251.736ms
2026-08-08 19:47:21.937 +05:30 [INF] Request starting HTTP/1.1 POST http://localhost:5000/api/auth/register - application/json 153
2026-08-08 19:47:21.937 +05:30 [INF] CORS policy execution successful.
2026-08-08 19:47:21.938 +05:30 [INF] Executing endpoint 'Billing.API.Controllers.AuthController.Register (Billing.API)'
2026-08-08 19:47:21.938 +05:30 [INF] Route matched with {action = "Register", controller = "Auth"}. Executing controller action with signature System.Threading.Tasks.Task`1[Microsoft.AspNetCore.Mvc.IActionResult] Register(Billing.Application.DTOs.Auth.RegisterRequest, System.Threading.CancellationToken) on controller Billing.API.Controllers.AuthController (Billing.API).
2026-08-08 19:47:22.197 +05:30 [INF] Executed action Billing.API.Controllers.AuthController.Register (Billing.API) in 259.5386ms
2026-08-08 19:47:22.198 +05:30 [INF] Executed endpoint 'Billing.API.Controllers.AuthController.Register (Billing.API)'
2026-08-08 19:47:22.198 +05:30 [ERR] Unhandled exception. Path: /api/auth/register. Message: The INSERT statement conflicted with the FOREIGN KEY constraint "FK_UserRoles_Users". The conflict occurred in database "BillingSystem", table "dbo.Users", column 'Id'.
The statement has been terminated.
Microsoft.Data.SqlClient.SqlException (0x80131904): The INSERT statement conflicted with the FOREIGN KEY constraint "FK_UserRoles_Users". The conflict occurred in database "BillingSystem", table "dbo.Users", column 'Id'.
The statement has been terminated.
   at Microsoft.Data.SqlClient.SqlConnection.OnError(SqlException exception, Boolean breakConnection, Action`1 wrapCloseInAction)
   at Microsoft.Data.SqlClient.SqlInternalConnection.OnError(SqlException exception, Boolean breakConnection, Action`1 wrapCloseInAction)
   at Microsoft.Data.SqlClient.TdsParser.ThrowExceptionAndWarning(TdsParserStateObject stateObj, SqlCommand command, Boolean callerHasConnectionLock, Boolean asyncClose)
   at Microsoft.Data.SqlClient.TdsParser.TryRun(RunBehavior runBehavior, SqlCommand cmdHandler, SqlDataReader dataStream, BulkCopySimpleResultSet bulkCopyHandler, TdsParserStateObject stateObj, Boolean& dataReady)
   at Microsoft.Data.SqlClient.SqlCommand.FinishExecuteReader(SqlDataReader ds, RunBehavior runBehavior, String resetOptionsString, Boolean isInternal, Boolean forDescribeParameterEncryption, Boolean shouldCacheForAlwaysEncrypted)
   at Microsoft.Data.SqlClient.SqlCommand.CompleteAsyncExecuteReader(Boolean isInternal, Boolean forDescribeParameterEncryption)
   at Microsoft.Data.SqlClient.SqlCommand.InternalEndExecuteNonQuery(IAsyncResult asyncResult, Boolean isInternal, String endMethod)
   at Microsoft.Data.SqlClient.SqlCommand.EndExecuteNonQueryInternal(IAsyncResult asyncResult)
   at Microsoft.Data.SqlClient.SqlCommand.EndExecuteNonQueryAsync(IAsyncResult asyncResult)
   at Microsoft.Data.SqlClient.SqlCommand.<>c.<InternalExecuteNonQueryAsync>b__193_1(IAsyncResult asyncResult)
   at System.Threading.Tasks.TaskFactory`1.FromAsyncCoreLogic(IAsyncResult iar, Func`2 endFunction, Action`1 endAction, Task`1 promise, Boolean requiresSynchronization)
--- End of stack trace from previous location ---
   at Dapper.SqlMapper.ExecuteImplAsync(IDbConnection cnn, CommandDefinition command, Object param) in /_/Dapper/SqlMapper.Async.cs:line 662
   at Billing.Persistence.Repositories.UserRepository.AssignRoleAsync(Guid userId, Guid roleId, IDbTransaction transaction, CancellationToken cancellationToken) in D:\Projects\ERP\NewShop\src\Billing.Persistence\Repositories\UserRefreshTokenAuditRepository.cs:line 78
   at Billing.Identity.Services.AuthService.RegisterAsync(RegisterRequest request, String ipAddress, String deviceInfo, CancellationToken cancellationToken) in D:\Projects\ERP\NewShop\src\Billing.Identity\Services\AuthService.cs:line 294
   at Billing.Identity.Services.AuthService.RegisterAsync(RegisterRequest request, String ipAddress, String deviceInfo, CancellationToken cancellationToken) in D:\Projects\ERP\NewShop\src\Billing.Identity\Services\AuthService.cs:line 329
   at Billing.API.Controllers.AuthController.Register(RegisterRequest request, CancellationToken cancellationToken) in D:\Projects\ERP\NewShop\src\Billing.API\Controllers\AuthController.cs:line 41
   at Microsoft.AspNetCore.Mvc.Infrastructure.ActionMethodExecutor.TaskOfIActionResultExecutor.Execute(ActionContext actionContext, IActionResultTypeMapper mapper, ObjectMethodExecutor executor, Object controller, Object[] arguments)
   at Microsoft.AspNetCore.Mvc.Infrastructure.ControllerActionInvoker.<InvokeActionMethodAsync>g__Awaited|12_0(ControllerActionInvoker invoker, ValueTask`1 actionResultValueTask)
   at Microsoft.AspNetCore.Mvc.Infrastructure.ControllerActionInvoker.<InvokeNextActionFilterAsync>g__Awaited|10_0(ControllerActionInvoker invoker, Task lastTask, State next, Scope scope, Object state, Boolean isCompleted)
   at Microsoft.AspNetCore.Mvc.Infrastructure.ControllerActionInvoker.Rethrow(ActionExecutedContextSealed context)
   at Microsoft.AspNetCore.Mvc.Infrastructure.ControllerActionInvoker.Next(State& next, Scope& scope, Object& state, Boolean& isCompleted)
   at Microsoft.AspNetCore.Mvc.Infrastructure.ControllerActionInvoker.<InvokeInnerFilterAsync>g__Awaited|13_0(ControllerActionInvoker invoker, Task lastTask, State next, Scope scope, Object state, Boolean isCompleted)
   at Microsoft.AspNetCore.Mvc.Infrastructure.ResourceInvoker.<InvokeFilterPipelineAsync>g__Awaited|20_0(ResourceInvoker invoker, Task lastTask, State next, Scope scope, Object state, Boolean isCompleted)
   at Microsoft.AspNetCore.Mvc.Infrastructure.ResourceInvoker.<InvokeAsync>g__Logged|17_1(ResourceInvoker invoker)
   at Microsoft.AspNetCore.Mvc.Infrastructure.ResourceInvoker.<InvokeAsync>g__Logged|17_1(ResourceInvoker invoker)
   at Microsoft.AspNetCore.Routing.EndpointMiddleware.<Invoke>g__AwaitRequestTask|7_0(Endpoint endpoint, Task requestTask, ILogger logger)
   at Microsoft.AspNetCore.Authorization.AuthorizationMiddleware.Invoke(HttpContext context)
   at Billing.Infrastructure.Middleware.TenantContextMiddleware.InvokeAsync(HttpContext context, ITenantContext tenantContext) in D:\Projects\ERP\NewShop\src\Billing.Infrastructure\Middleware\TenantContextMiddleware.cs:line 57
   at Microsoft.AspNetCore.Authentication.AuthenticationMiddleware.Invoke(HttpContext context)
   at Billing.Infrastructure.Middleware.GlobalExceptionMiddleware.InvokeAsync(HttpContext context) in D:\Projects\ERP\NewShop\src\Billing.Infrastructure\Middleware\GlobalExceptionMiddleware.cs:line 31
ClientConnectionId:f959353c-25b3-4266-8994-a7702e114add
Error Number:547,State:0,Class:16
2026-08-08 19:47:22.202 +05:30 [ERR] HTTP POST /api/auth/register responded 500 in 264.7864 ms
2026-08-08 19:47:22.202 +05:30 [INF] Request finished HTTP/1.1 POST http://localhost:5000/api/auth/register - 500 null application/json 265.0202ms
2026-08-08 19:47:53.167 +05:30 [INF] Request starting HTTP/1.1 POST http://localhost:5000/api/auth/register - application/json 2
2026-08-08 19:47:53.168 +05:30 [INF] Executing endpoint 'Billing.API.Controllers.AuthController.Register (Billing.API)'
2026-08-08 19:47:53.168 +05:30 [INF] Route matched with {action = "Register", controller = "Auth"}. Executing controller action with signature System.Threading.Tasks.Task`1[Microsoft.AspNetCore.Mvc.IActionResult] Register(Billing.Application.DTOs.Auth.RegisterRequest, System.Threading.CancellationToken) on controller Billing.API.Controllers.AuthController (Billing.API).
2026-08-08 19:47:53.173 +05:30 [INF] Executing BadRequestObjectResult, writing value of type 'Microsoft.AspNetCore.Mvc.ValidationProblemDetails'.
2026-08-08 19:47:53.188 +05:30 [INF] Executed action Billing.API.Controllers.AuthController.Register (Billing.API) in 20.2405ms
2026-08-08 19:47:53.188 +05:30 [INF] Executed endpoint 'Billing.API.Controllers.AuthController.Register (Billing.API)'
2026-08-08 19:47:53.188 +05:30 [INF] HTTP POST /api/auth/register responded 400 in 20.8097 ms
2026-08-08 19:47:53.188 +05:30 [INF] Request finished HTTP/1.1 POST http://localhost:5000/api/auth/register - 400 null application/problem+json; charset=utf-8 21.0198ms
2026-08-08 19:52:27.295 +05:30 [INF] Request starting HTTP/1.1 POST http://localhost:5000/api/auth/register - application/json 153
2026-08-08 19:52:27.297 +05:30 [INF] CORS policy execution successful.
2026-08-08 19:52:27.299 +05:30 [INF] Executing endpoint 'Billing.API.Controllers.AuthController.Register (Billing.API)'
2026-08-08 19:52:27.301 +05:30 [INF] Route matched with {action = "Register", controller = "Auth"}. Executing controller action with signature System.Threading.Tasks.Task`1[Microsoft.AspNetCore.Mvc.IActionResult] Register(Billing.Application.DTOs.Auth.RegisterRequest, System.Threading.CancellationToken) on controller Billing.API.Controllers.AuthController (Billing.API).
2026-08-08 19:52:27.513 +05:30 [INF] Executed action Billing.API.Controllers.AuthController.Register (Billing.API) in 212.3583ms
2026-08-08 19:52:27.514 +05:30 [INF] Executed endpoint 'Billing.API.Controllers.AuthController.Register (Billing.API)'
2026-08-08 19:52:27.515 +05:30 [ERR] Unhandled exception. Path: /api/auth/register. Message: The INSERT statement conflicted with the FOREIGN KEY constraint "FK_UserRoles_Users". The conflict occurred in database "BillingSystem", table "dbo.Users", column 'Id'.
The statement has been terminated.
Microsoft.Data.SqlClient.SqlException (0x80131904): The INSERT statement conflicted with the FOREIGN KEY constraint "FK_UserRoles_Users". The conflict occurred in database "BillingSystem", table "dbo.Users", column 'Id'.
The statement has been terminated.
   at Microsoft.Data.SqlClient.SqlConnection.OnError(SqlException exception, Boolean breakConnection, Action`1 wrapCloseInAction)
   at Microsoft.Data.SqlClient.SqlInternalConnection.OnError(SqlException exception, Boolean breakConnection, Action`1 wrapCloseInAction)
   at Microsoft.Data.SqlClient.TdsParser.ThrowExceptionAndWarning(TdsParserStateObject stateObj, SqlCommand command, Boolean callerHasConnectionLock, Boolean asyncClose)
   at Microsoft.Data.SqlClient.TdsParser.TryRun(RunBehavior runBehavior, SqlCommand cmdHandler, SqlDataReader dataStream, BulkCopySimpleResultSet bulkCopyHandler, TdsParserStateObject stateObj, Boolean& dataReady)
   at Microsoft.Data.SqlClient.SqlCommand.FinishExecuteReader(SqlDataReader ds, RunBehavior runBehavior, String resetOptionsString, Boolean isInternal, Boolean forDescribeParameterEncryption, Boolean shouldCacheForAlwaysEncrypted)
   at Microsoft.Data.SqlClient.SqlCommand.CompleteAsyncExecuteReader(Boolean isInternal, Boolean forDescribeParameterEncryption)
   at Microsoft.Data.SqlClient.SqlCommand.InternalEndExecuteNonQuery(IAsyncResult asyncResult, Boolean isInternal, String endMethod)
   at Microsoft.Data.SqlClient.SqlCommand.EndExecuteNonQueryInternal(IAsyncResult asyncResult)
   at Microsoft.Data.SqlClient.SqlCommand.EndExecuteNonQueryAsync(IAsyncResult asyncResult)
   at Microsoft.Data.SqlClient.SqlCommand.<>c.<InternalExecuteNonQueryAsync>b__193_1(IAsyncResult asyncResult)
   at System.Threading.Tasks.TaskFactory`1.FromAsyncCoreLogic(IAsyncResult iar, Func`2 endFunction, Action`1 endAction, Task`1 promise, Boolean requiresSynchronization)
--- End of stack trace from previous location ---
   at Dapper.SqlMapper.ExecuteImplAsync(IDbConnection cnn, CommandDefinition command, Object param) in /_/Dapper/SqlMapper.Async.cs:line 662
   at Billing.Persistence.Repositories.UserRepository.AssignRoleAsync(Guid userId, Guid roleId, IDbTransaction transaction, CancellationToken cancellationToken) in D:\Projects\ERP\NewShop\src\Billing.Persistence\Repositories\UserRefreshTokenAuditRepository.cs:line 78
   at Billing.Identity.Services.AuthService.RegisterAsync(RegisterRequest request, String ipAddress, String deviceInfo, CancellationToken cancellationToken) in D:\Projects\ERP\NewShop\src\Billing.Identity\Services\AuthService.cs:line 294
   at Billing.Identity.Services.AuthService.RegisterAsync(RegisterRequest request, String ipAddress, String deviceInfo, CancellationToken cancellationToken) in D:\Projects\ERP\NewShop\src\Billing.Identity\Services\AuthService.cs:line 329
   at Billing.API.Controllers.AuthController.Register(RegisterRequest request, CancellationToken cancellationToken) in D:\Projects\ERP\NewShop\src\Billing.API\Controllers\AuthController.cs:line 41
   at Microsoft.AspNetCore.Mvc.Infrastructure.ActionMethodExecutor.TaskOfIActionResultExecutor.Execute(ActionContext actionContext, IActionResultTypeMapper mapper, ObjectMethodExecutor executor, Object controller, Object[] arguments)
   at Microsoft.AspNetCore.Mvc.Infrastructure.ControllerActionInvoker.<InvokeActionMethodAsync>g__Awaited|12_0(ControllerActionInvoker invoker, ValueTask`1 actionResultValueTask)
   at Microsoft.AspNetCore.Mvc.Infrastructure.ControllerActionInvoker.<InvokeNextActionFilterAsync>g__Awaited|10_0(ControllerActionInvoker invoker, Task lastTask, State next, Scope scope, Object state, Boolean isCompleted)
   at Microsoft.AspNetCore.Mvc.Infrastructure.ControllerActionInvoker.Rethrow(ActionExecutedContextSealed context)
   at Microsoft.AspNetCore.Mvc.Infrastructure.ControllerActionInvoker.Next(State& next, Scope& scope, Object& state, Boolean& isCompleted)
   at Microsoft.AspNetCore.Mvc.Infrastructure.ControllerActionInvoker.<InvokeInnerFilterAsync>g__Awaited|13_0(ControllerActionInvoker invoker, Task lastTask, State next, Scope scope, Object state, Boolean isCompleted)
   at Microsoft.AspNetCore.Mvc.Infrastructure.ResourceInvoker.<InvokeFilterPipelineAsync>g__Awaited|20_0(ResourceInvoker invoker, Task lastTask, State next, Scope scope, Object state, Boolean isCompleted)
   at Microsoft.AspNetCore.Mvc.Infrastructure.ResourceInvoker.<InvokeAsync>g__Logged|17_1(ResourceInvoker invoker)
   at Microsoft.AspNetCore.Mvc.Infrastructure.ResourceInvoker.<InvokeAsync>g__Logged|17_1(ResourceInvoker invoker)
   at Microsoft.AspNetCore.Routing.EndpointMiddleware.<Invoke>g__AwaitRequestTask|7_0(Endpoint endpoint, Task requestTask, ILogger logger)
   at Microsoft.AspNetCore.Authorization.AuthorizationMiddleware.Invoke(HttpContext context)
   at Billing.Infrastructure.Middleware.TenantContextMiddleware.InvokeAsync(HttpContext context, ITenantContext tenantContext) in D:\Projects\ERP\NewShop\src\Billing.Infrastructure\Middleware\TenantContextMiddleware.cs:line 57
   at Microsoft.AspNetCore.Authentication.AuthenticationMiddleware.Invoke(HttpContext context)
   at Billing.Infrastructure.Middleware.GlobalExceptionMiddleware.InvokeAsync(HttpContext context) in D:\Projects\ERP\NewShop\src\Billing.Infrastructure\Middleware\GlobalExceptionMiddleware.cs:line 31
ClientConnectionId:cf050a5d-a777-417a-86f8-d18575d8901b
Error Number:547,State:0,Class:16
2026-08-08 19:52:27.537 +05:30 [ERR] HTTP POST /api/auth/register responded 500 in 241.3036 ms
2026-08-08 19:52:27.538 +05:30 [INF] Request finished HTTP/1.1 POST http://localhost:5000/api/auth/register - 500 null application/json 243.4869ms
2026-08-08 19:55:35.133 +05:30 [INF] Request starting HTTP/1.1 POST http://localhost:5000/api/auth/register - application/json 153
2026-08-08 19:55:35.134 +05:30 [INF] CORS policy execution successful.
2026-08-08 19:55:35.135 +05:30 [INF] Executing endpoint 'Billing.API.Controllers.AuthController.Register (Billing.API)'
2026-08-08 19:55:35.137 +05:30 [INF] Route matched with {action = "Register", controller = "Auth"}. Executing controller action with signature System.Threading.Tasks.Task`1[Microsoft.AspNetCore.Mvc.IActionResult] Register(Billing.Application.DTOs.Auth.RegisterRequest, System.Threading.CancellationToken) on controller Billing.API.Controllers.AuthController (Billing.API).
2026-08-08 19:55:35.348 +05:30 [INF] Executed action Billing.API.Controllers.AuthController.Register (Billing.API) in 211.6471ms
2026-08-08 19:55:35.348 +05:30 [INF] Executed endpoint 'Billing.API.Controllers.AuthController.Register (Billing.API)'
2026-08-08 19:55:35.349 +05:30 [ERR] Unhandled exception. Path: /api/auth/register. Message: The INSERT statement conflicted with the FOREIGN KEY constraint "FK_UserRoles_Users". The conflict occurred in database "BillingSystem", table "dbo.Users", column 'Id'.
The statement has been terminated.
Microsoft.Data.SqlClient.SqlException (0x80131904): The INSERT statement conflicted with the FOREIGN KEY constraint "FK_UserRoles_Users". The conflict occurred in database "BillingSystem", table "dbo.Users", column 'Id'.
The statement has been terminated.
   at Microsoft.Data.SqlClient.SqlConnection.OnError(SqlException exception, Boolean breakConnection, Action`1 wrapCloseInAction)
   at Microsoft.Data.SqlClient.SqlInternalConnection.OnError(SqlException exception, Boolean breakConnection, Action`1 wrapCloseInAction)
   at Microsoft.Data.SqlClient.TdsParser.ThrowExceptionAndWarning(TdsParserStateObject stateObj, SqlCommand command, Boolean callerHasConnectionLock, Boolean asyncClose)
   at Microsoft.Data.SqlClient.TdsParser.TryRun(RunBehavior runBehavior, SqlCommand cmdHandler, SqlDataReader dataStream, BulkCopySimpleResultSet bulkCopyHandler, TdsParserStateObject stateObj, Boolean& dataReady)
   at Microsoft.Data.SqlClient.SqlCommand.FinishExecuteReader(SqlDataReader ds, RunBehavior runBehavior, String resetOptionsString, Boolean isInternal, Boolean forDescribeParameterEncryption, Boolean shouldCacheForAlwaysEncrypted)
   at Microsoft.Data.SqlClient.SqlCommand.CompleteAsyncExecuteReader(Boolean isInternal, Boolean forDescribeParameterEncryption)
   at Microsoft.Data.SqlClient.SqlCommand.InternalEndExecuteNonQuery(IAsyncResult asyncResult, Boolean isInternal, String endMethod)
   at Microsoft.Data.SqlClient.SqlCommand.EndExecuteNonQueryInternal(IAsyncResult asyncResult)
   at Microsoft.Data.SqlClient.SqlCommand.EndExecuteNonQueryAsync(IAsyncResult asyncResult)
   at Microsoft.Data.SqlClient.SqlCommand.<>c.<InternalExecuteNonQueryAsync>b__193_1(IAsyncResult asyncResult)
   at System.Threading.Tasks.TaskFactory`1.FromAsyncCoreLogic(IAsyncResult iar, Func`2 endFunction, Action`1 endAction, Task`1 promise, Boolean requiresSynchronization)
--- End of stack trace from previous location ---
   at Dapper.SqlMapper.ExecuteImplAsync(IDbConnection cnn, CommandDefinition command, Object param) in /_/Dapper/SqlMapper.Async.cs:line 662
   at Billing.Persistence.Repositories.UserRepository.AssignRoleAsync(Guid userId, Guid roleId, IDbTransaction transaction, CancellationToken cancellationToken) in D:\Projects\ERP\NewShop\src\Billing.Persistence\Repositories\UserRefreshTokenAuditRepository.cs:line 78
   at Billing.Identity.Services.AuthService.RegisterAsync(RegisterRequest request, String ipAddress, String deviceInfo, CancellationToken cancellationToken) in D:\Projects\ERP\NewShop\src\Billing.Identity\Services\AuthService.cs:line 294
   at Billing.Identity.Services.AuthService.RegisterAsync(RegisterRequest request, String ipAddress, String deviceInfo, CancellationToken cancellationToken) in D:\Projects\ERP\NewShop\src\Billing.Identity\Services\AuthService.cs:line 329
   at Billing.API.Controllers.AuthController.Register(RegisterRequest request, CancellationToken cancellationToken) in D:\Projects\ERP\NewShop\src\Billing.API\Controllers\AuthController.cs:line 41
   at Microsoft.AspNetCore.Mvc.Infrastructure.ActionMethodExecutor.TaskOfIActionResultExecutor.Execute(ActionContext actionContext, IActionResultTypeMapper mapper, ObjectMethodExecutor executor, Object controller, Object[] arguments)
   at Microsoft.AspNetCore.Mvc.Infrastructure.ControllerActionInvoker.<InvokeActionMethodAsync>g__Awaited|12_0(ControllerActionInvoker invoker, ValueTask`1 actionResultValueTask)
   at Microsoft.AspNetCore.Mvc.Infrastructure.ControllerActionInvoker.<InvokeNextActionFilterAsync>g__Awaited|10_0(ControllerActionInvoker invoker, Task lastTask, State next, Scope scope, Object state, Boolean isCompleted)
   at Microsoft.AspNetCore.Mvc.Infrastructure.ControllerActionInvoker.Rethrow(ActionExecutedContextSealed context)
   at Microsoft.AspNetCore.Mvc.Infrastructure.ControllerActionInvoker.Next(State& next, Scope& scope, Object& state, Boolean& isCompleted)
   at Microsoft.AspNetCore.Mvc.Infrastructure.ControllerActionInvoker.<InvokeInnerFilterAsync>g__Awaited|13_0(ControllerActionInvoker invoker, Task lastTask, State next, Scope scope, Object state, Boolean isCompleted)
   at Microsoft.AspNetCore.Mvc.Infrastructure.ResourceInvoker.<InvokeFilterPipelineAsync>g__Awaited|20_0(ResourceInvoker invoker, Task lastTask, State next, Scope scope, Object state, Boolean isCompleted)
   at Microsoft.AspNetCore.Mvc.Infrastructure.ResourceInvoker.<InvokeAsync>g__Logged|17_1(ResourceInvoker invoker)
   at Microsoft.AspNetCore.Mvc.Infrastructure.ResourceInvoker.<InvokeAsync>g__Logged|17_1(ResourceInvoker invoker)
   at Microsoft.AspNetCore.Routing.EndpointMiddleware.<Invoke>g__AwaitRequestTask|7_0(Endpoint endpoint, Task requestTask, ILogger logger)
   at Microsoft.AspNetCore.Authorization.AuthorizationMiddleware.Invoke(HttpContext context)
   at Billing.Infrastructure.Middleware.TenantContextMiddleware.InvokeAsync(HttpContext context, ITenantContext tenantContext) in D:\Projects\ERP\NewShop\src\Billing.Infrastructure\Middleware\TenantContextMiddleware.cs:line 57
   at Microsoft.AspNetCore.Authentication.AuthenticationMiddleware.Invoke(HttpContext context)
   at Billing.Infrastructure.Middleware.GlobalExceptionMiddleware.InvokeAsync(HttpContext context) in D:\Projects\ERP\NewShop\src\Billing.Infrastructure\Middleware\GlobalExceptionMiddleware.cs:line 31
ClientConnectionId:970ee936-98f8-45b4-a56d-68f28e145586
Error Number:547,State:0,Class:16
2026-08-08 19:55:35.369 +05:30 [ERR] HTTP POST /api/auth/register responded 500 in 235.8803 ms
2026-08-08 19:55:35.369 +05:30 [INF] Request finished HTTP/1.1 POST http://localhost:5000/api/auth/register - 500 null application/json 236.4232ms
2026-08-08 19:55:56.679 +05:30 [INF] Request starting HTTP/1.1 POST http://localhost:5000/api/auth/register - application/json 153
2026-08-08 19:55:56.680 +05:30 [INF] CORS policy execution successful.
2026-08-08 19:55:56.680 +05:30 [INF] Executing endpoint 'Billing.API.Controllers.AuthController.Register (Billing.API)'
2026-08-08 19:55:56.680 +05:30 [INF] Route matched with {action = "Register", controller = "Auth"}. Executing controller action with signature System.Threading.Tasks.Task`1[Microsoft.AspNetCore.Mvc.IActionResult] Register(Billing.Application.DTOs.Auth.RegisterRequest, System.Threading.CancellationToken) on controller Billing.API.Controllers.AuthController (Billing.API).
2026-08-08 19:55:56.889 +05:30 [INF] Executed action Billing.API.Controllers.AuthController.Register (Billing.API) in 209.2156ms
2026-08-08 19:55:56.889 +05:30 [INF] Executed endpoint 'Billing.API.Controllers.AuthController.Register (Billing.API)'
2026-08-08 19:55:56.890 +05:30 [ERR] Unhandled exception. Path: /api/auth/register. Message: The INSERT statement conflicted with the FOREIGN KEY constraint "FK_UserRoles_Users". The conflict occurred in database "BillingSystem", table "dbo.Users", column 'Id'.
The statement has been terminated.
Microsoft.Data.SqlClient.SqlException (0x80131904): The INSERT statement conflicted with the FOREIGN KEY constraint "FK_UserRoles_Users". The conflict occurred in database "BillingSystem", table "dbo.Users", column 'Id'.
The statement has been terminated.
   at Microsoft.Data.SqlClient.SqlConnection.OnError(SqlException exception, Boolean breakConnection, Action`1 wrapCloseInAction)
   at Microsoft.Data.SqlClient.SqlInternalConnection.OnError(SqlException exception, Boolean breakConnection, Action`1 wrapCloseInAction)
   at Microsoft.Data.SqlClient.TdsParser.ThrowExceptionAndWarning(TdsParserStateObject stateObj, SqlCommand command, Boolean callerHasConnectionLock, Boolean asyncClose)
   at Microsoft.Data.SqlClient.TdsParser.TryRun(RunBehavior runBehavior, SqlCommand cmdHandler, SqlDataReader dataStream, BulkCopySimpleResultSet bulkCopyHandler, TdsParserStateObject stateObj, Boolean& dataReady)
   at Microsoft.Data.SqlClient.SqlCommand.FinishExecuteReader(SqlDataReader ds, RunBehavior runBehavior, String resetOptionsString, Boolean isInternal, Boolean forDescribeParameterEncryption, Boolean shouldCacheForAlwaysEncrypted)
   at Microsoft.Data.SqlClient.SqlCommand.CompleteAsyncExecuteReader(Boolean isInternal, Boolean forDescribeParameterEncryption)
   at Microsoft.Data.SqlClient.SqlCommand.InternalEndExecuteNonQuery(IAsyncResult asyncResult, Boolean isInternal, String endMethod)
   at Microsoft.Data.SqlClient.SqlCommand.EndExecuteNonQueryInternal(IAsyncResult asyncResult)
   at Microsoft.Data.SqlClient.SqlCommand.EndExecuteNonQueryAsync(IAsyncResult asyncResult)
   at Microsoft.Data.SqlClient.SqlCommand.<>c.<InternalExecuteNonQueryAsync>b__193_1(IAsyncResult asyncResult)
   at System.Threading.Tasks.TaskFactory`1.FromAsyncCoreLogic(IAsyncResult iar, Func`2 endFunction, Action`1 endAction, Task`1 promise, Boolean requiresSynchronization)
--- End of stack trace from previous location ---
   at Dapper.SqlMapper.ExecuteImplAsync(IDbConnection cnn, CommandDefinition command, Object param) in /_/Dapper/SqlMapper.Async.cs:line 662
   at Billing.Persistence.Repositories.UserRepository.AssignRoleAsync(Guid userId, Guid roleId, IDbTransaction transaction, CancellationToken cancellationToken) in D:\Projects\ERP\NewShop\src\Billing.Persistence\Repositories\UserRefreshTokenAuditRepository.cs:line 78
   at Billing.Identity.Services.AuthService.RegisterAsync(RegisterRequest request, String ipAddress, String deviceInfo, CancellationToken cancellationToken) in D:\Projects\ERP\NewShop\src\Billing.Identity\Services\AuthService.cs:line 294
   at Billing.Identity.Services.AuthService.RegisterAsync(RegisterRequest request, String ipAddress, String deviceInfo, CancellationToken cancellationToken) in D:\Projects\ERP\NewShop\src\Billing.Identity\Services\AuthService.cs:line 329
   at Billing.API.Controllers.AuthController.Register(RegisterRequest request, CancellationToken cancellationToken) in D:\Projects\ERP\NewShop\src\Billing.API\Controllers\AuthController.cs:line 41
   at Microsoft.AspNetCore.Mvc.Infrastructure.ActionMethodExecutor.TaskOfIActionResultExecutor.Execute(ActionContext actionContext, IActionResultTypeMapper mapper, ObjectMethodExecutor executor, Object controller, Object[] arguments)
   at Microsoft.AspNetCore.Mvc.Infrastructure.ControllerActionInvoker.<InvokeActionMethodAsync>g__Awaited|12_0(ControllerActionInvoker invoker, ValueTask`1 actionResultValueTask)
   at Microsoft.AspNetCore.Mvc.Infrastructure.ControllerActionInvoker.<InvokeNextActionFilterAsync>g__Awaited|10_0(ControllerActionInvoker invoker, Task lastTask, State next, Scope scope, Object state, Boolean isCompleted)
   at Microsoft.AspNetCore.Mvc.Infrastructure.ControllerActionInvoker.Rethrow(ActionExecutedContextSealed context)
   at Microsoft.AspNetCore.Mvc.Infrastructure.ControllerActionInvoker.Next(State& next, Scope& scope, Object& state, Boolean& isCompleted)
   at Microsoft.AspNetCore.Mvc.Infrastructure.ControllerActionInvoker.<InvokeInnerFilterAsync>g__Awaited|13_0(ControllerActionInvoker invoker, Task lastTask, State next, Scope scope, Object state, Boolean isCompleted)
   at Microsoft.AspNetCore.Mvc.Infrastructure.ResourceInvoker.<InvokeFilterPipelineAsync>g__Awaited|20_0(ResourceInvoker invoker, Task lastTask, State next, Scope scope, Object state, Boolean isCompleted)
   at Microsoft.AspNetCore.Mvc.Infrastructure.ResourceInvoker.<InvokeAsync>g__Logged|17_1(ResourceInvoker invoker)
   at Microsoft.AspNetCore.Mvc.Infrastructure.ResourceInvoker.<InvokeAsync>g__Logged|17_1(ResourceInvoker invoker)
   at Microsoft.AspNetCore.Routing.EndpointMiddleware.<Invoke>g__AwaitRequestTask|7_0(Endpoint endpoint, Task requestTask, ILogger logger)
   at Microsoft.AspNetCore.Authorization.AuthorizationMiddleware.Invoke(HttpContext context)
   at Billing.Infrastructure.Middleware.TenantContextMiddleware.InvokeAsync(HttpContext context, ITenantContext tenantContext) in D:\Projects\ERP\NewShop\src\Billing.Infrastructure\Middleware\TenantContextMiddleware.cs:line 57
   at Microsoft.AspNetCore.Authentication.AuthenticationMiddleware.Invoke(HttpContext context)
   at Billing.Infrastructure.Middleware.GlobalExceptionMiddleware.InvokeAsync(HttpContext context) in D:\Projects\ERP\NewShop\src\Billing.Infrastructure\Middleware\GlobalExceptionMiddleware.cs:line 31
ClientConnectionId:970ee936-98f8-45b4-a56d-68f28e145586
Error Number:547,State:0,Class:16
2026-08-08 19:55:56.903 +05:30 [ERR] HTTP POST /api/auth/register responded 500 in 223.7277 ms
2026-08-08 19:55:56.904 +05:30 [INF] Request finished HTTP/1.1 POST http://localhost:5000/api/auth/register - 500 null application/json 224.2059ms
2026-08-08 19:57:28.598 +05:30 [INF] User profile is available. Using 'C:\Users\susha\AppData\Local\ASP.NET\DataProtection-Keys' as key repository and Windows DPAPI to encrypt keys at rest.
2026-08-08 19:57:28.825 +05:30 [INF] Now listening on: http://localhost:5000
2026-08-08 19:57:28.827 +05:30 [INF] Application started. Press Ctrl+C to shut down.
2026-08-08 19:57:28.828 +05:30 [INF] Hosting environment: Development
2026-08-08 19:57:28.828 +05:30 [INF] Content root path: D:\Projects\ERP\NewShop\src\Billing.API
2026-08-08 19:57:45.722 +05:30 [INF] Request starting HTTP/1.1 POST http://localhost:5000/api/auth/register - application/json 153
2026-08-08 19:57:45.765 +05:30 [INF] CORS policy execution successful.
2026-08-08 19:57:45.859 +05:30 [INF] Executing endpoint 'Billing.API.Controllers.AuthController.Register (Billing.API)'
2026-08-08 19:57:45.887 +05:30 [INF] Route matched with {action = "Register", controller = "Auth"}. Executing controller action with signature System.Threading.Tasks.Task`1[Microsoft.AspNetCore.Mvc.IActionResult] Register(Billing.Application.DTOs.Auth.RegisterRequest, System.Threading.CancellationToken) on controller Billing.API.Controllers.AuthController (Billing.API).
2026-08-08 19:57:47.132 +05:30 [INF] Executing OkObjectResult, writing value of type 'Billing.Shared.Results.Result`1[[Billing.Application.DTOs.Auth.LoginResponse, Billing.Application, Version=1.0.0.0, Culture=neutral, PublicKeyToken=null]]'.
2026-08-08 19:57:47.181 +05:30 [INF] Executed action Billing.API.Controllers.AuthController.Register (Billing.API) in 1289.4361ms
2026-08-08 19:57:47.181 +05:30 [INF] Executed endpoint 'Billing.API.Controllers.AuthController.Register (Billing.API)'
2026-08-08 19:57:47.185 +05:30 [INF] HTTP POST /api/auth/register responded 200 in 1427.7675 ms
2026-08-08 19:57:47.187 +05:30 [INF] Request finished HTTP/1.1 POST http://localhost:5000/api/auth/register - 200 null application/json; charset=utf-8 1469.375ms
2026-08-08 19:57:47.287 +05:30 [INF] Request starting HTTP/1.1 GET http://localhost:5000/api/dashboard?from=2026-07-09&to=2026-08-08 - null null
2026-08-08 19:57:47.395 +05:30 [INF] Executing endpoint 'Billing.API.Controllers.DashboardController.GetDashboard (Billing.API)'
2026-08-08 19:57:47.407 +05:30 [INF] Route matched with {action = "GetDashboard", controller = "Dashboard"}. Executing controller action with signature System.Threading.Tasks.Task`1[Microsoft.AspNetCore.Mvc.IActionResult] GetDashboard(System.Nullable`1[System.DateTime], System.Nullable`1[System.DateTime], System.Threading.CancellationToken) on controller Billing.API.Controllers.DashboardController (Billing.API).
2026-08-08 19:57:47.433 +05:30 [INF] Handling GetDashboardQuery
2026-08-08 19:57:55.705 +05:30 [WRN] Redis connection failed; falling back to in-memory cache.
StackExchange.Redis.RedisConnectionException: It was not possible to connect to the redis server(s). Error connecting right now. To allow this multiplexer to continue retrying until it's able to connect, use abortConnect=false in your connection string or AbortOnConnectFail=false; in your code.
   at StackExchange.Redis.ConnectionMultiplexer.ConnectImplAsync(ConfigurationOptions configuration, TextWriter writer, Nullable`1 serverType) in /_/src/StackExchange.Redis/ConnectionMultiplexer.cs:line 620
   at Billing.Infrastructure.Caching.RedisCacheService.GetDatabaseAsync() in D:\Projects\ERP\NewShop\src\Billing.Infrastructure\Caching\RedisCacheService.cs:line 44
2026-08-08 19:58:00.776 +05:30 [INF] Handled GetDashboardQuery in 13342ms
2026-08-08 19:58:00.777 +05:30 [INF] Executing OkObjectResult, writing value of type 'Billing.Shared.Results.Result`1[[Billing.Application.DTOs.DashboardDto, Billing.Application, Version=1.0.0.0, Culture=neutral, PublicKeyToken=null]]'.
2026-08-08 19:58:00.797 +05:30 [INF] Executed action Billing.API.Controllers.DashboardController.GetDashboard (Billing.API) in 13388.9226ms
2026-08-08 19:58:00.797 +05:30 [INF] Executed endpoint 'Billing.API.Controllers.DashboardController.GetDashboard (Billing.API)'
2026-08-08 19:58:00.797 +05:30 [INF] HTTP GET /api/dashboard responded 200 in 13507.5295 ms
2026-08-08 19:58:00.798 +05:30 [INF] Request finished HTTP/1.1 GET http://localhost:5000/api/dashboard?from=2026-07-09&to=2026-08-08 - 200 null application/json; charset=utf-8 13511.0485ms
2026-08-08 19:58:16.550 +05:30 [INF] Request starting HTTP/1.1 GET http://localhost:5000/api/products?page=1&pageSize=10 - null null
2026-08-08 19:58:16.573 +05:30 [INF] Executing endpoint 'Billing.API.Controllers.ProductsController.GetProducts (Billing.API)'
2026-08-08 19:58:16.586 +05:30 [INF] Route matched with {action = "GetProducts", controller = "Products"}. Executing controller action with signature System.Threading.Tasks.Task`1[Microsoft.AspNetCore.Mvc.IActionResult] GetProducts(Int32, Int32, System.String, System.String, Boolean, System.Threading.CancellationToken) on controller Billing.API.Controllers.ProductsController (Billing.API).
2026-08-08 19:58:16.593 +05:30 [INF] Handling GetProductsQuery
2026-08-08 19:58:16.890 +05:30 [INF] Handled GetProductsQuery in 296ms
2026-08-08 19:58:16.891 +05:30 [INF] Executing OkObjectResult, writing value of type 'Billing.Shared.Results.Result`1[[Billing.Application.Common.PagedResult`1[[Billing.Application.DTOs.Products.ProductDto, Billing.Application, Version=1.0.0.0, Culture=neutral, PublicKeyToken=null]], Billing.Application, Version=1.0.0.0, Culture=neutral, PublicKeyToken=null]]'.
2026-08-08 19:58:16.906 +05:30 [INF] Executed action Billing.API.Controllers.ProductsController.GetProducts (Billing.API) in 320.1866ms
2026-08-08 19:58:16.907 +05:30 [INF] Executed endpoint 'Billing.API.Controllers.ProductsController.GetProducts (Billing.API)'
2026-08-08 19:58:16.907 +05:30 [INF] HTTP GET /api/products responded 200 in 356.3513 ms
2026-08-08 19:58:16.907 +05:30 [INF] Request finished HTTP/1.1 GET http://localhost:5000/api/products?page=1&pageSize=10 - 200 null application/json; charset=utf-8 356.9612ms
2026-08-08 19:58:18.137 +05:30 [INF] Request starting HTTP/1.1 GET http://localhost:5000/api/customers?page=1&pageSize=10 - null null
2026-08-08 19:58:18.140 +05:30 [INF] Executing endpoint 'Billing.API.Controllers.CustomersController.GetCustomers (Billing.API)'
2026-08-08 19:58:18.147 +05:30 [INF] Route matched with {action = "GetCustomers", controller = "Customers"}. Executing controller action with signature System.Threading.Tasks.Task`1[Microsoft.AspNetCore.Mvc.IActionResult] GetCustomers(Int32, Int32, System.String, System.Threading.CancellationToken) on controller Billing.API.Controllers.CustomersController (Billing.API).
2026-08-08 19:58:18.152 +05:30 [INF] Handling GetCustomersQuery
2026-08-08 19:58:18.218 +05:30 [INF] Handled GetCustomersQuery in 66ms
2026-08-08 19:58:18.218 +05:30 [INF] Executing OkObjectResult, writing value of type 'Billing.Shared.Results.Result`1[[Billing.Application.Common.PagedResult`1[[Billing.Application.DTOs.CustomerDto, Billing.Application, Version=1.0.0.0, Culture=neutral, PublicKeyToken=null]], Billing.Application, Version=1.0.0.0, Culture=neutral, PublicKeyToken=null]]'.
2026-08-08 19:58:18.229 +05:30 [INF] Executed action Billing.API.Controllers.CustomersController.GetCustomers (Billing.API) in 81.8754ms
2026-08-08 19:58:18.230 +05:30 [INF] Executed endpoint 'Billing.API.Controllers.CustomersController.GetCustomers (Billing.API)'
2026-08-08 19:58:18.230 +05:30 [INF] HTTP GET /api/customers responded 200 in 93.2899 ms
2026-08-08 19:58:18.231 +05:30 [INF] Request finished HTTP/1.1 GET http://localhost:5000/api/customers?page=1&pageSize=10 - 200 null application/json; charset=utf-8 94.4941ms
2026-08-08 19:58:19.001 +05:30 [INF] Request starting HTTP/1.1 GET http://localhost:5000/api/suppliers?page=1&pageSize=10 - null null
2026-08-08 19:58:19.003 +05:30 [INF] Executing endpoint 'Billing.API.Controllers.SuppliersController.GetSuppliers (Billing.API)'
2026-08-08 19:58:19.012 +05:30 [INF] Route matched with {action = "GetSuppliers", controller = "Suppliers"}. Executing controller action with signature System.Threading.Tasks.Task`1[Microsoft.AspNetCore.Mvc.IActionResult] GetSuppliers(Int32, Int32, System.String, System.Threading.CancellationToken) on controller Billing.API.Controllers.SuppliersController (Billing.API).
2026-08-08 19:58:19.018 +05:30 [INF] Handling GetSuppliersQuery
2026-08-08 19:58:19.048 +05:30 [INF] Handled GetSuppliersQuery in 29ms
2026-08-08 19:58:19.048 +05:30 [INF] Executing OkObjectResult, writing value of type 'Billing.Shared.Results.Result`1[[Billing.Application.Common.PagedResult`1[[Billing.Application.DTOs.SupplierDto, Billing.Application, Version=1.0.0.0, Culture=neutral, PublicKeyToken=null]], Billing.Application, Version=1.0.0.0, Culture=neutral, PublicKeyToken=null]]'.
2026-08-08 19:58:19.056 +05:30 [INF] Executed action Billing.API.Controllers.SuppliersController.GetSuppliers (Billing.API) in 43.8609ms
2026-08-08 19:58:19.056 +05:30 [INF] Executed endpoint 'Billing.API.Controllers.SuppliersController.GetSuppliers (Billing.API)'
2026-08-08 19:58:19.056 +05:30 [INF] HTTP GET /api/suppliers responded 200 in 54.8807 ms
2026-08-08 19:58:19.056 +05:30 [INF] Request finished HTTP/1.1 GET http://localhost:5000/api/suppliers?page=1&pageSize=10 - 200 null application/json; charset=utf-8 55.1848ms
2026-08-08 19:58:19.878 +05:30 [INF] Request starting HTTP/1.1 GET http://localhost:5000/api/purchases?page=1&pageSize=10 - null null
2026-08-08 19:58:19.879 +05:30 [INF] Request starting HTTP/1.1 GET http://localhost:5000/api/suppliers?page=1&pageSize=1000 - null null
2026-08-08 19:58:19.880 +05:30 [INF] Executing endpoint 'Billing.API.Controllers.PurchasesController.GetPurchases (Billing.API)'
2026-08-08 19:58:19.881 +05:30 [INF] Executing endpoint 'Billing.API.Controllers.SuppliersController.GetSuppliers (Billing.API)'
2026-08-08 19:58:19.881 +05:30 [INF] Route matched with {action = "GetSuppliers", controller = "Suppliers"}. Executing controller action with signature System.Threading.Tasks.Task`1[Microsoft.AspNetCore.Mvc.IActionResult] GetSuppliers(Int32, Int32, System.String, System.Threading.CancellationToken) on controller Billing.API.Controllers.SuppliersController (Billing.API).
2026-08-08 19:58:19.883 +05:30 [INF] Handling GetSuppliersQuery
2026-08-08 19:58:19.892 +05:30 [INF] Route matched with {action = "GetPurchases", controller = "Purchases"}. Executing controller action with signature System.Threading.Tasks.Task`1[Microsoft.AspNetCore.Mvc.IActionResult] GetPurchases(Int32, Int32, System.Threading.CancellationToken) on controller Billing.API.Controllers.PurchasesController (Billing.API).
2026-08-08 19:58:19.900 +05:30 [INF] Handling GetPurchasesQuery
2026-08-08 19:58:19.918 +05:30 [INF] Handled GetSuppliersQuery in 34ms
2026-08-08 19:58:19.918 +05:30 [INF] Executing OkObjectResult, writing value of type 'Billing.Shared.Results.Result`1[[Billing.Application.Common.PagedResult`1[[Billing.Application.DTOs.SupplierDto, Billing.Application, Version=1.0.0.0, Culture=neutral, PublicKeyToken=null]], Billing.Application, Version=1.0.0.0, Culture=neutral, PublicKeyToken=null]]'.
2026-08-08 19:58:19.918 +05:30 [INF] Executed action Billing.API.Controllers.SuppliersController.GetSuppliers (Billing.API) in 37.2386ms
2026-08-08 19:58:19.918 +05:30 [INF] Executed endpoint 'Billing.API.Controllers.SuppliersController.GetSuppliers (Billing.API)'
2026-08-08 19:58:19.918 +05:30 [INF] HTTP GET /api/suppliers responded 200 in 39.2187 ms
2026-08-08 19:58:19.918 +05:30 [INF] Request finished HTTP/1.1 GET http://localhost:5000/api/suppliers?page=1&pageSize=1000 - 200 null application/json; charset=utf-8 39.9977ms
2026-08-08 19:58:19.932 +05:30 [INF] Handled GetPurchasesQuery in 31ms
2026-08-08 19:58:19.932 +05:30 [INF] Executing OkObjectResult, writing value of type 'Billing.Shared.Results.Result`1[[Billing.Application.Common.PagedResult`1[[Billing.Application.DTOs.PurchaseDto, Billing.Application, Version=1.0.0.0, Culture=neutral, PublicKeyToken=null]], Billing.Application, Version=1.0.0.0, Culture=neutral, PublicKeyToken=null]]'.
2026-08-08 19:58:19.943 +05:30 [INF] Executed action Billing.API.Controllers.PurchasesController.GetPurchases (Billing.API) in 50.7316ms
2026-08-08 19:58:19.943 +05:30 [INF] Executed endpoint 'Billing.API.Controllers.PurchasesController.GetPurchases (Billing.API)'
2026-08-08 19:58:19.944 +05:30 [INF] HTTP GET /api/purchases responded 200 in 65.4901 ms
2026-08-08 19:58:19.944 +05:30 [INF] Request finished HTTP/1.1 GET http://localhost:5000/api/purchases?page=1&pageSize=10 - 200 null application/json; charset=utf-8 65.9808ms
2026-08-08 19:58:20.686 +05:30 [INF] Request starting HTTP/1.1 GET http://localhost:5000/api/users - null null
2026-08-08 19:58:20.688 +05:30 [INF] Executing endpoint 'Billing.API.Controllers.UsersController.GetUsers (Billing.API)'
2026-08-08 19:58:20.695 +05:30 [INF] Route matched with {action = "GetUsers", controller = "Users"}. Executing controller action with signature System.Threading.Tasks.Task`1[Microsoft.AspNetCore.Mvc.IActionResult] GetUsers(System.Threading.CancellationToken) on controller Billing.API.Controllers.UsersController (Billing.API).
2026-08-08 19:58:20.700 +05:30 [INF] Handling GetUsersQuery
2026-08-08 19:58:20.797 +05:30 [INF] Handled GetUsersQuery in 97ms
2026-08-08 19:58:20.797 +05:30 [INF] Executing OkObjectResult, writing value of type 'Billing.Shared.Results.Result`1[[System.Collections.Generic.IReadOnlyList`1[[Billing.Application.DTOs.Users.UserDto, Billing.Application, Version=1.0.0.0, Culture=neutral, PublicKeyToken=null]], System.Private.CoreLib, Version=9.0.0.0, Culture=neutral, PublicKeyToken=7cec85d7bea7798e]]'.
2026-08-08 19:58:20.813 +05:30 [INF] Executed action Billing.API.Controllers.UsersController.GetUsers (Billing.API) in 117.5486ms
2026-08-08 19:58:20.813 +05:30 [INF] Executed endpoint 'Billing.API.Controllers.UsersController.GetUsers (Billing.API)'
2026-08-08 19:58:20.813 +05:30 [INF] HTTP GET /api/users responded 200 in 127.2427 ms
2026-08-08 19:58:20.814 +05:30 [INF] Request finished HTTP/1.1 GET http://localhost:5000/api/users - 200 null application/json; charset=utf-8 127.5839ms
2026-08-08 19:58:21.563 +05:30 [INF] Request starting HTTP/1.1 GET http://localhost:5000/api/reports/profit-loss?from=2026-07-09&to=2026-08-08 - null null
2026-08-08 19:58:21.564 +05:30 [INF] Executing endpoint 'Billing.API.Controllers.ReportsController.GetProfitLoss (Billing.API)'
2026-08-08 19:58:21.570 +05:30 [INF] Route matched with {action = "GetProfitLoss", controller = "Reports"}. Executing controller action with signature System.Threading.Tasks.Task`1[Microsoft.AspNetCore.Mvc.IActionResult] GetProfitLoss(System.Nullable`1[System.DateTime], System.Nullable`1[System.DateTime], System.Threading.CancellationToken) on controller Billing.API.Controllers.ReportsController (Billing.API).
2026-08-08 19:58:21.574 +05:30 [INF] Handling GetProfitLossReportQuery
2026-08-08 19:58:21.651 +05:30 [INF] Handled GetProfitLossReportQuery in 77ms
2026-08-08 19:58:21.652 +05:30 [INF] Executing OkObjectResult, writing value of type 'Billing.Shared.Results.Result`1[[Billing.Application.DTOs.ProfitLossDto, Billing.Application, Version=1.0.0.0, Culture=neutral, PublicKeyToken=null]]'.
2026-08-08 19:58:21.660 +05:30 [INF] Executed action Billing.API.Controllers.ReportsController.GetProfitLoss (Billing.API) in 89.4507ms
2026-08-08 19:58:21.660 +05:30 [INF] Executed endpoint 'Billing.API.Controllers.ReportsController.GetProfitLoss (Billing.API)'
2026-08-08 19:58:21.660 +05:30 [INF] HTTP GET /api/reports/profit-loss responded 200 in 97.3403 ms
2026-08-08 19:58:21.661 +05:30 [INF] Request finished HTTP/1.1 GET http://localhost:5000/api/reports/profit-loss?from=2026-07-09&to=2026-08-08 - 200 null application/json; charset=utf-8 97.709ms
2026-08-08 19:58:47.503 +05:30 [INF] Request starting HTTP/1.1 GET http://localhost:5000/api/customers?page=1&pageSize=50 - null null
2026-08-08 19:58:47.503 +05:30 [INF] Executing endpoint 'Billing.API.Controllers.CustomersController.GetCustomers (Billing.API)'
2026-08-08 19:58:47.504 +05:30 [INF] Route matched with {action = "GetCustomers", controller = "Customers"}. Executing controller action with signature System.Threading.Tasks.Task`1[Microsoft.AspNetCore.Mvc.IActionResult] GetCustomers(Int32, Int32, System.String, System.Threading.CancellationToken) on controller Billing.API.Controllers.CustomersController (Billing.API).
2026-08-08 19:58:47.504 +05:30 [INF] Handling GetCustomersQuery
2026-08-08 19:58:47.517 +05:30 [INF] Handled GetCustomersQuery in 12ms
2026-08-08 19:58:47.518 +05:30 [INF] Executing OkObjectResult, writing value of type 'Billing.Shared.Results.Result`1[[Billing.Application.Common.PagedResult`1[[Billing.Application.DTOs.CustomerDto, Billing.Application, Version=1.0.0.0, Culture=neutral, PublicKeyToken=null]], Billing.Application, Version=1.0.0.0, Culture=neutral, PublicKeyToken=null]]'.
2026-08-08 19:58:47.518 +05:30 [INF] Executed action Billing.API.Controllers.CustomersController.GetCustomers (Billing.API) in 14.7715ms
2026-08-08 19:58:47.519 +05:30 [INF] Executed endpoint 'Billing.API.Controllers.CustomersController.GetCustomers (Billing.API)'
2026-08-08 19:58:47.519 +05:30 [INF] HTTP GET /api/customers responded 200 in 16.1278 ms
2026-08-08 19:58:47.519 +05:30 [INF] Request finished HTTP/1.1 GET http://localhost:5000/api/customers?page=1&pageSize=50 - 200 null application/json; charset=utf-8 16.3683ms
2026-08-08 20:03:18.422 +05:30 [INF] Request starting HTTP/1.1 POST http://localhost:5000/api/products - application/json 317
2026-08-08 20:03:18.422 +05:30 [INF] CORS policy execution successful.
2026-08-08 20:03:18.424 +05:30 [INF] Executing endpoint 'Billing.API.Controllers.ProductsController.CreateProduct (Billing.API)'
2026-08-08 20:03:18.435 +05:30 [INF] Route matched with {action = "CreateProduct", controller = "Products"}. Executing controller action with signature System.Threading.Tasks.Task`1[Microsoft.AspNetCore.Mvc.IActionResult] CreateProduct(Billing.Application.DTOs.Products.CreateProductRequest, System.Threading.CancellationToken) on controller Billing.API.Controllers.ProductsController (Billing.API).
2026-08-08 20:03:18.475 +05:30 [INF] Handling CreateProductCommand
2026-08-08 20:03:18.570 +05:30 [INF] Handled CreateProductCommand in 94ms
2026-08-08 20:03:18.570 +05:30 [INF] Executing BadRequestObjectResult, writing value of type 'Billing.Shared.Results.Result`1[[Billing.Application.DTOs.Products.ProductDto, Billing.Application, Version=1.0.0.0, Culture=neutral, PublicKeyToken=null]]'.
2026-08-08 20:03:18.575 +05:30 [INF] Executed action Billing.API.Controllers.ProductsController.CreateProduct (Billing.API) in 139.626ms
2026-08-08 20:03:18.575 +05:30 [INF] Executed endpoint 'Billing.API.Controllers.ProductsController.CreateProduct (Billing.API)'
2026-08-08 20:03:18.575 +05:30 [INF] HTTP POST /api/products responded 400 in 153.2214 ms
2026-08-08 20:03:18.576 +05:30 [INF] Request finished HTTP/1.1 POST http://localhost:5000/api/products - 400 null application/json; charset=utf-8 153.6855ms
2026-08-08 20:03:34.884 +05:30 [INF] Request starting HTTP/1.1 POST http://localhost:5000/api/products - application/json 315
2026-08-08 20:03:34.884 +05:30 [INF] CORS policy execution successful.
2026-08-08 20:03:34.885 +05:30 [INF] Executing endpoint 'Billing.API.Controllers.ProductsController.CreateProduct (Billing.API)'
2026-08-08 20:03:34.885 +05:30 [INF] Route matched with {action = "CreateProduct", controller = "Products"}. Executing controller action with signature System.Threading.Tasks.Task`1[Microsoft.AspNetCore.Mvc.IActionResult] CreateProduct(Billing.Application.DTOs.Products.CreateProductRequest, System.Threading.CancellationToken) on controller Billing.API.Controllers.ProductsController (Billing.API).
2026-08-08 20:03:34.887 +05:30 [INF] Handling CreateProductCommand
2026-08-08 20:03:35.088 +05:30 [INF] Handled CreateProductCommand in 200ms
2026-08-08 20:03:35.089 +05:30 [INF] Executing OkObjectResult, writing value of type 'Billing.Shared.Results.Result`1[[Billing.Application.DTOs.Products.ProductDto, Billing.Application, Version=1.0.0.0, Culture=neutral, PublicKeyToken=null]]'.
2026-08-08 20:03:35.098 +05:30 [INF] Executed action Billing.API.Controllers.ProductsController.CreateProduct (Billing.API) in 212.5974ms
2026-08-08 20:03:35.099 +05:30 [INF] Executed endpoint 'Billing.API.Controllers.ProductsController.CreateProduct (Billing.API)'
2026-08-08 20:03:35.099 +05:30 [INF] HTTP POST /api/products responded 200 in 214.2949 ms
2026-08-08 20:03:35.099 +05:30 [INF] Request finished HTTP/1.1 POST http://localhost:5000/api/products - 200 null application/json; charset=utf-8 214.7769ms
2026-08-08 20:03:35.256 +05:30 [INF] Request starting HTTP/1.1 GET http://localhost:5000/api/products?page=1&pageSize=10 - null null
2026-08-08 20:03:35.257 +05:30 [INF] Executing endpoint 'Billing.API.Controllers.ProductsController.GetProducts (Billing.API)'
2026-08-08 20:03:35.257 +05:30 [INF] Route matched with {action = "GetProducts", controller = "Products"}. Executing controller action with signature System.Threading.Tasks.Task`1[Microsoft.AspNetCore.Mvc.IActionResult] GetProducts(Int32, Int32, System.String, System.String, Boolean, System.Threading.CancellationToken) on controller Billing.API.Controllers.ProductsController (Billing.API).
2026-08-08 20:03:35.259 +05:30 [INF] Handling GetProductsQuery
2026-08-08 20:03:35.277 +05:30 [INF] Handled GetProductsQuery in 18ms
2026-08-08 20:03:35.277 +05:30 [INF] Executing OkObjectResult, writing value of type 'Billing.Shared.Results.Result`1[[Billing.Application.Common.PagedResult`1[[Billing.Application.DTOs.Products.ProductDto, Billing.Application, Version=1.0.0.0, Culture=neutral, PublicKeyToken=null]], Billing.Application, Version=1.0.0.0, Culture=neutral, PublicKeyToken=null]]'.
2026-08-08 20:03:35.278 +05:30 [INF] Executed action Billing.API.Controllers.ProductsController.GetProducts (Billing.API) in 20.7315ms
2026-08-08 20:03:35.278 +05:30 [INF] Executed endpoint 'Billing.API.Controllers.ProductsController.GetProducts (Billing.API)'
2026-08-08 20:03:35.278 +05:30 [INF] HTTP GET /api/products responded 200 in 21.9082 ms
2026-08-08 20:03:35.278 +05:30 [INF] Request finished HTTP/1.1 GET http://localhost:5000/api/products?page=1&pageSize=10 - 200 null application/json; charset=utf-8 22.0804ms
2026-08-08 20:03:48.394 +05:30 [INF] Request starting HTTP/1.1 GET http://localhost:5000/api/customers?page=1&pageSize=10 - null null
2026-08-08 20:03:48.395 +05:30 [INF] Executing endpoint 'Billing.API.Controllers.CustomersController.GetCustomers (Billing.API)'
2026-08-08 20:03:48.395 +05:30 [INF] Route matched with {action = "GetCustomers", controller = "Customers"}. Executing controller action with signature System.Threading.Tasks.Task`1[Microsoft.AspNetCore.Mvc.IActionResult] GetCustomers(Int32, Int32, System.String, System.Threading.CancellationToken) on controller Billing.API.Controllers.CustomersController (Billing.API).
2026-08-08 20:03:48.399 +05:30 [INF] Handling GetCustomersQuery
2026-08-08 20:03:48.417 +05:30 [INF] Handled GetCustomersQuery in 17ms
2026-08-08 20:03:48.417 +05:30 [INF] Executing OkObjectResult, writing value of type 'Billing.Shared.Results.Result`1[[Billing.Application.Common.PagedResult`1[[Billing.Application.DTOs.CustomerDto, Billing.Application, Version=1.0.0.0, Culture=neutral, PublicKeyToken=null]], Billing.Application, Version=1.0.0.0, Culture=neutral, PublicKeyToken=null]]'.
2026-08-08 20:03:48.418 +05:30 [INF] Executed action Billing.API.Controllers.CustomersController.GetCustomers (Billing.API) in 22.8772ms
2026-08-08 20:03:48.418 +05:30 [INF] Executed endpoint 'Billing.API.Controllers.CustomersController.GetCustomers (Billing.API)'
2026-08-08 20:03:48.418 +05:30 [INF] HTTP GET /api/customers responded 200 in 24.0670 ms
2026-08-08 20:03:48.418 +05:30 [INF] Request finished HTTP/1.1 GET http://localhost:5000/api/customers?page=1&pageSize=10 - 200 null application/json; charset=utf-8 24.3695ms
2026-08-08 20:03:50.966 +05:30 [INF] Request starting HTTP/1.1 GET http://localhost:5000/api/customers?page=1&pageSize=50 - null null
2026-08-08 20:03:50.967 +05:30 [INF] Executing endpoint 'Billing.API.Controllers.CustomersController.GetCustomers (Billing.API)'
2026-08-08 20:03:50.967 +05:30 [INF] Route matched with {action = "GetCustomers", controller = "Customers"}. Executing controller action with signature System.Threading.Tasks.Task`1[Microsoft.AspNetCore.Mvc.IActionResult] GetCustomers(Int32, Int32, System.String, System.Threading.CancellationToken) on controller Billing.API.Controllers.CustomersController (Billing.API).
2026-08-08 20:03:50.968 +05:30 [INF] Handling GetCustomersQuery
2026-08-08 20:03:51.003 +05:30 [INF] Handled GetCustomersQuery in 35ms
2026-08-08 20:03:51.004 +05:30 [INF] Executing OkObjectResult, writing value of type 'Billing.Shared.Results.Result`1[[Billing.Application.Common.PagedResult`1[[Billing.Application.DTOs.CustomerDto, Billing.Application, Version=1.0.0.0, Culture=neutral, PublicKeyToken=null]], Billing.Application, Version=1.0.0.0, Culture=neutral, PublicKeyToken=null]]'.
2026-08-08 20:03:51.004 +05:30 [INF] Executed action Billing.API.Controllers.CustomersController.GetCustomers (Billing.API) in 36.684ms
2026-08-08 20:03:51.004 +05:30 [INF] Executed endpoint 'Billing.API.Controllers.CustomersController.GetCustomers (Billing.API)'
2026-08-08 20:03:51.004 +05:30 [INF] HTTP GET /api/customers responded 200 in 38.2210 ms
2026-08-08 20:03:51.004 +05:30 [INF] Request finished HTTP/1.1 GET http://localhost:5000/api/customers?page=1&pageSize=50 - 200 null application/json; charset=utf-8 38.4461ms
2026-08-08 20:03:55.914 +05:30 [INF] Request starting HTTP/1.1 GET http://localhost:5000/api/products/search?term=CT&limit=20 - null null
2026-08-08 20:03:55.916 +05:30 [INF] Executing endpoint 'Billing.API.Controllers.ProductsController.Search (Billing.API)'
2026-08-08 20:03:55.929 +05:30 [INF] Route matched with {action = "Search", controller = "Products"}. Executing controller action with signature System.Threading.Tasks.Task`1[Microsoft.AspNetCore.Mvc.IActionResult] Search(System.String, Int32, System.Threading.CancellationToken) on controller Billing.API.Controllers.ProductsController (Billing.API).
2026-08-08 20:03:55.938 +05:30 [INF] Handling SearchProductsQuery
2026-08-08 20:03:56.002 +05:30 [INF] Handled SearchProductsQuery in 64ms
2026-08-08 20:03:56.002 +05:30 [INF] Executing OkObjectResult, writing value of type 'Billing.Shared.Results.Result`1[[System.Collections.Generic.IReadOnlyList`1[[Billing.Application.DTOs.Products.ProductDto, Billing.Application, Version=1.0.0.0, Culture=neutral, PublicKeyToken=null]], System.Private.CoreLib, Version=9.0.0.0, Culture=neutral, PublicKeyToken=7cec85d7bea7798e]]'.
2026-08-08 20:03:56.006 +05:30 [INF] Executed action Billing.API.Controllers.ProductsController.Search (Billing.API) in 77.3166ms
2026-08-08 20:03:56.006 +05:30 [INF] Executed endpoint 'Billing.API.Controllers.ProductsController.Search (Billing.API)'
2026-08-08 20:03:56.007 +05:30 [INF] HTTP GET /api/products/search responded 200 in 92.6753 ms
2026-08-08 20:03:56.007 +05:30 [INF] Request finished HTTP/1.1 GET http://localhost:5000/api/products/search?term=CT&limit=20 - 200 null application/json; charset=utf-8 93.15ms
2026-08-08 20:03:57.290 +05:30 [INF] Request starting HTTP/1.1 GET http://localhost:5000/api/products/search?term=C+&limit=20 - null null
2026-08-08 20:03:57.292 +05:30 [INF] Executing endpoint 'Billing.API.Controllers.ProductsController.Search (Billing.API)'
2026-08-08 20:03:57.292 +05:30 [INF] Route matched with {action = "Search", controller = "Products"}. Executing controller action with signature System.Threading.Tasks.Task`1[Microsoft.AspNetCore.Mvc.IActionResult] Search(System.String, Int32, System.Threading.CancellationToken) on controller Billing.API.Controllers.ProductsController (Billing.API).
2026-08-08 20:03:57.294 +05:30 [INF] Handling SearchProductsQuery
2026-08-08 20:03:57.321 +05:30 [INF] Handled SearchProductsQuery in 27ms
2026-08-08 20:03:57.321 +05:30 [INF] Executing OkObjectResult, writing value of type 'Billing.Shared.Results.Result`1[[System.Collections.Generic.IReadOnlyList`1[[Billing.Application.DTOs.Products.ProductDto, Billing.Application, Version=1.0.0.0, Culture=neutral, PublicKeyToken=null]], System.Private.CoreLib, Version=9.0.0.0, Culture=neutral, PublicKeyToken=7cec85d7bea7798e]]'.
2026-08-08 20:03:57.322 +05:30 [INF] Executed action Billing.API.Controllers.ProductsController.Search (Billing.API) in 29.7849ms
2026-08-08 20:03:57.322 +05:30 [INF] Executed endpoint 'Billing.API.Controllers.ProductsController.Search (Billing.API)'
2026-08-08 20:03:57.322 +05:30 [INF] HTTP GET /api/products/search responded 200 in 31.5335 ms
2026-08-08 20:03:57.322 +05:30 [INF] Request finished HTTP/1.1 GET http://localhost:5000/api/products/search?term=C+&limit=20 - 200 null application/json; charset=utf-8 32.585ms
2026-08-08 20:03:57.700 +05:30 [INF] Request starting HTTP/1.1 GET http://localhost:5000/api/products/search?term=C+T&limit=20 - null null
2026-08-08 20:03:57.701 +05:30 [INF] Executing endpoint 'Billing.API.Controllers.ProductsController.Search (Billing.API)'
2026-08-08 20:03:57.701 +05:30 [INF] Route matched with {action = "Search", controller = "Products"}. Executing controller action with signature System.Threading.Tasks.Task`1[Microsoft.AspNetCore.Mvc.IActionResult] Search(System.String, Int32, System.Threading.CancellationToken) on controller Billing.API.Controllers.ProductsController (Billing.API).
2026-08-08 20:03:57.707 +05:30 [INF] Handling SearchProductsQuery
2026-08-08 20:03:57.749 +05:30 [INF] Handled SearchProductsQuery in 41ms
2026-08-08 20:03:57.749 +05:30 [INF] Executing OkObjectResult, writing value of type 'Billing.Shared.Results.Result`1[[System.Collections.Generic.IReadOnlyList`1[[Billing.Application.DTOs.Products.ProductDto, Billing.Application, Version=1.0.0.0, Culture=neutral, PublicKeyToken=null]], System.Private.CoreLib, Version=9.0.0.0, Culture=neutral, PublicKeyToken=7cec85d7bea7798e]]'.
2026-08-08 20:03:57.750 +05:30 [INF] Executed action Billing.API.Controllers.ProductsController.Search (Billing.API) in 48.6648ms
2026-08-08 20:03:57.750 +05:30 [INF] Executed endpoint 'Billing.API.Controllers.ProductsController.Search (Billing.API)'
2026-08-08 20:03:57.751 +05:30 [INF] HTTP GET /api/products/search responded 200 in 50.2737 ms
2026-08-08 20:03:57.751 +05:30 [INF] Request finished HTTP/1.1 GET http://localhost:5000/api/products/search?term=C+T&limit=20 - 200 null application/json; charset=utf-8 50.8077ms
2026-08-08 20:03:57.838 +05:30 [INF] Request starting HTTP/1.1 GET http://localhost:5000/api/products/search?term=C+TY&limit=20 - null null
2026-08-08 20:03:57.839 +05:30 [INF] Executing endpoint 'Billing.API.Controllers.ProductsController.Search (Billing.API)'
2026-08-08 20:03:57.839 +05:30 [INF] Route matched with {action = "Search", controller = "Products"}. Executing controller action with signature System.Threading.Tasks.Task`1[Microsoft.AspNetCore.Mvc.IActionResult] Search(System.String, Int32, System.Threading.CancellationToken) on controller Billing.API.Controllers.ProductsController (Billing.API).
2026-08-08 20:03:57.839 +05:30 [INF] Handling SearchProductsQuery
2026-08-08 20:03:57.869 +05:30 [INF] Handled SearchProductsQuery in 29ms
2026-08-08 20:03:57.869 +05:30 [INF] Executing OkObjectResult, writing value of type 'Billing.Shared.Results.Result`1[[System.Collections.Generic.IReadOnlyList`1[[Billing.Application.DTOs.Products.ProductDto, Billing.Application, Version=1.0.0.0, Culture=neutral, PublicKeyToken=null]], System.Private.CoreLib, Version=9.0.0.0, Culture=neutral, PublicKeyToken=7cec85d7bea7798e]]'.
2026-08-08 20:03:57.869 +05:30 [INF] Executed action Billing.API.Controllers.ProductsController.Search (Billing.API) in 30.2345ms
2026-08-08 20:03:57.869 +05:30 [INF] Executed endpoint 'Billing.API.Controllers.ProductsController.Search (Billing.API)'
2026-08-08 20:03:57.869 +05:30 [INF] HTTP GET /api/products/search responded 200 in 31.0647 ms
2026-08-08 20:03:57.869 +05:30 [INF] Request finished HTTP/1.1 GET http://localhost:5000/api/products/search?term=C+TY&limit=20 - 200 null application/json; charset=utf-8 31.2301ms
2026-08-08 20:04:47.953 +05:30 [INF] Request starting HTTP/1.1 GET http://localhost:5000/api/products/e7b1a224-ad6f-4569-908f-2081195a34e3 - null null
2026-08-08 20:04:47.955 +05:30 [INF] Executing endpoint 'Billing.API.Controllers.ProductsController.GetProduct (Billing.API)'
2026-08-08 20:04:47.963 +05:30 [INF] Route matched with {action = "GetProduct", controller = "Products"}. Executing controller action with signature System.Threading.Tasks.Task`1[Microsoft.AspNetCore.Mvc.IActionResult] GetProduct(System.Guid, System.Threading.CancellationToken) on controller Billing.API.Controllers.ProductsController (Billing.API).
2026-08-08 20:04:47.968 +05:30 [INF] Handling GetProductByIdQuery
2026-08-08 20:04:47.982 +05:30 [INF] Handled GetProductByIdQuery in 14ms
2026-08-08 20:04:47.983 +05:30 [INF] Executing OkObjectResult, writing value of type 'Billing.Shared.Results.Result`1[[Billing.Application.DTOs.Products.ProductDto, Billing.Application, Version=1.0.0.0, Culture=neutral, PublicKeyToken=null]]'.
2026-08-08 20:04:47.983 +05:30 [INF] Executed action Billing.API.Controllers.ProductsController.GetProduct (Billing.API) in 19.8531ms
2026-08-08 20:04:47.984 +05:30 [INF] Executed endpoint 'Billing.API.Controllers.ProductsController.GetProduct (Billing.API)'
2026-08-08 20:04:47.984 +05:30 [INF] HTTP GET /api/products/e7b1a224-ad6f-4569-908f-2081195a34e3 responded 200 in 29.9692 ms
2026-08-08 20:04:47.984 +05:30 [INF] Request finished HTTP/1.1 GET http://localhost:5000/api/products/e7b1a224-ad6f-4569-908f-2081195a34e3 - 200 null application/json; charset=utf-8 30.5425ms
2026-08-08 20:04:57.280 +05:30 [INF] Request starting HTTP/1.1 PUT http://localhost:5000/api/products/e7b1a224-ad6f-4569-908f-2081195a34e3 - application/json 284
2026-08-08 20:04:57.280 +05:30 [INF] CORS policy execution successful.
2026-08-08 20:04:57.281 +05:30 [INF] Executing endpoint 'Billing.API.Controllers.ProductsController.UpdateProduct (Billing.API)'
2026-08-08 20:04:57.291 +05:30 [INF] Route matched with {action = "UpdateProduct", controller = "Products"}. Executing controller action with signature System.Threading.Tasks.Task`1[Microsoft.AspNetCore.Mvc.IActionResult] UpdateProduct(System.Guid, Billing.Application.DTOs.Products.UpdateProductRequest, System.Threading.CancellationToken) on controller Billing.API.Controllers.ProductsController (Billing.API).
2026-08-08 20:04:57.306 +05:30 [INF] Handling UpdateProductCommand
2026-08-08 20:04:57.395 +05:30 [INF] Handled UpdateProductCommand in 89ms
2026-08-08 20:04:57.396 +05:30 [INF] Executing OkObjectResult, writing value of type 'Billing.Shared.Results.Result'.
2026-08-08 20:04:57.399 +05:30 [INF] Executed action Billing.API.Controllers.ProductsController.UpdateProduct (Billing.API) in 107.8141ms
2026-08-08 20:04:57.399 +05:30 [INF] Executed endpoint 'Billing.API.Controllers.ProductsController.UpdateProduct (Billing.API)'
2026-08-08 20:04:57.399 +05:30 [INF] HTTP PUT /api/products/e7b1a224-ad6f-4569-908f-2081195a34e3 responded 200 in 118.5048 ms
2026-08-08 20:04:57.399 +05:30 [INF] Request finished HTTP/1.1 PUT http://localhost:5000/api/products/e7b1a224-ad6f-4569-908f-2081195a34e3 - 200 null application/json; charset=utf-8 119.0395ms
2026-08-08 20:04:57.435 +05:30 [INF] Request starting HTTP/1.1 GET http://localhost:5000/api/products/e7b1a224-ad6f-4569-908f-2081195a34e3 - null null
2026-08-08 20:04:57.436 +05:30 [INF] Executing endpoint 'Billing.API.Controllers.ProductsController.GetProduct (Billing.API)'
2026-08-08 20:04:57.436 +05:30 [INF] Route matched with {action = "GetProduct", controller = "Products"}. Executing controller action with signature System.Threading.Tasks.Task`1[Microsoft.AspNetCore.Mvc.IActionResult] GetProduct(System.Guid, System.Threading.CancellationToken) on controller Billing.API.Controllers.ProductsController (Billing.API).
2026-08-08 20:04:57.438 +05:30 [INF] Handling GetProductByIdQuery
2026-08-08 20:04:57.442 +05:30 [INF] Handled GetProductByIdQuery in 4ms
2026-08-08 20:04:57.442 +05:30 [INF] Executing OkObjectResult, writing value of type 'Billing.Shared.Results.Result`1[[Billing.Application.DTOs.Products.ProductDto, Billing.Application, Version=1.0.0.0, Culture=neutral, PublicKeyToken=null]]'.
2026-08-08 20:04:57.443 +05:30 [INF] Executed action Billing.API.Controllers.ProductsController.GetProduct (Billing.API) in 6.6551ms
2026-08-08 20:04:57.443 +05:30 [INF] Executed endpoint 'Billing.API.Controllers.ProductsController.GetProduct (Billing.API)'
2026-08-08 20:04:57.443 +05:30 [INF] HTTP GET /api/products/e7b1a224-ad6f-4569-908f-2081195a34e3 responded 200 in 8.0208 ms
2026-08-08 20:04:57.443 +05:30 [INF] Request finished HTTP/1.1 GET http://localhost:5000/api/products/e7b1a224-ad6f-4569-908f-2081195a34e3 - 200 null application/json; charset=utf-8 8.3329ms
2026-08-08 20:04:57.557 +05:30 [INF] Request starting HTTP/1.1 GET http://localhost:5000/api/products?page=1&pageSize=10 - null null
2026-08-08 20:04:57.558 +05:30 [INF] Executing endpoint 'Billing.API.Controllers.ProductsController.GetProducts (Billing.API)'
2026-08-08 20:04:57.560 +05:30 [INF] Route matched with {action = "GetProducts", controller = "Products"}. Executing controller action with signature System.Threading.Tasks.Task`1[Microsoft.AspNetCore.Mvc.IActionResult] GetProducts(Int32, Int32, System.String, System.String, Boolean, System.Threading.CancellationToken) on controller Billing.API.Controllers.ProductsController (Billing.API).
2026-08-08 20:04:57.566 +05:30 [INF] Handling GetProductsQuery
2026-08-08 20:04:57.597 +05:30 [INF] Handled GetProductsQuery in 30ms
2026-08-08 20:04:57.597 +05:30 [INF] Executing OkObjectResult, writing value of type 'Billing.Shared.Results.Result`1[[Billing.Application.Common.PagedResult`1[[Billing.Application.DTOs.Products.ProductDto, Billing.Application, Version=1.0.0.0, Culture=neutral, PublicKeyToken=null]], Billing.Application, Version=1.0.0.0, Culture=neutral, PublicKeyToken=null]]'.
2026-08-08 20:04:57.597 +05:30 [INF] Executed action Billing.API.Controllers.ProductsController.GetProducts (Billing.API) in 37.1409ms
2026-08-08 20:04:57.598 +05:30 [INF] Executed endpoint 'Billing.API.Controllers.ProductsController.GetProducts (Billing.API)'
2026-08-08 20:04:57.598 +05:30 [INF] HTTP GET /api/products responded 200 in 40.3011 ms
2026-08-08 20:04:57.598 +05:30 [INF] Request finished HTTP/1.1 GET http://localhost:5000/api/products?page=1&pageSize=10 - 200 null application/json; charset=utf-8 40.5297ms
2026-08-08 20:05:45.949 +05:30 [INF] Request starting HTTP/1.1 GET http://localhost:5000/api/products?page=1&pageSize=10 - null null
2026-08-08 20:05:45.950 +05:30 [INF] Executing endpoint 'Billing.API.Controllers.ProductsController.GetProducts (Billing.API)'
2026-08-08 20:05:45.950 +05:30 [INF] Route matched with {action = "GetProducts", controller = "Products"}. Executing controller action with signature System.Threading.Tasks.Task`1[Microsoft.AspNetCore.Mvc.IActionResult] GetProducts(Int32, Int32, System.String, System.String, Boolean, System.Threading.CancellationToken) on controller Billing.API.Controllers.ProductsController (Billing.API).
2026-08-08 20:05:45.950 +05:30 [INF] Handling GetProductsQuery
2026-08-08 20:05:45.951 +05:30 [INF] Handled GetProductsQuery in 0ms
2026-08-08 20:05:45.951 +05:30 [INF] Executing OkObjectResult, writing value of type 'Billing.Shared.Results.Result`1[[Billing.Application.Common.PagedResult`1[[Billing.Application.DTOs.Products.ProductDto, Billing.Application, Version=1.0.0.0, Culture=neutral, PublicKeyToken=null]], Billing.Application, Version=1.0.0.0, Culture=neutral, PublicKeyToken=null]]'.
2026-08-08 20:05:45.951 +05:30 [INF] Executed action Billing.API.Controllers.ProductsController.GetProducts (Billing.API) in 0.8154ms
2026-08-08 20:05:45.951 +05:30 [INF] Executed endpoint 'Billing.API.Controllers.ProductsController.GetProducts (Billing.API)'
2026-08-08 20:05:45.951 +05:30 [INF] HTTP GET /api/products responded 200 in 1.6758 ms
2026-08-08 20:05:45.951 +05:30 [INF] Request finished HTTP/1.1 GET http://localhost:5000/api/products?page=1&pageSize=10 - 200 null application/json; charset=utf-8 1.9549ms
2026-08-08 20:05:51.357 +05:30 [INF] Request starting HTTP/1.1 GET http://localhost:5000/api/customers?page=1&pageSize=50 - null null
2026-08-08 20:05:51.358 +05:30 [INF] Executing endpoint 'Billing.API.Controllers.CustomersController.GetCustomers (Billing.API)'
2026-08-08 20:05:51.358 +05:30 [INF] Route matched with {action = "GetCustomers", controller = "Customers"}. Executing controller action with signature System.Threading.Tasks.Task`1[Microsoft.AspNetCore.Mvc.IActionResult] GetCustomers(Int32, Int32, System.String, System.Threading.CancellationToken) on controller Billing.API.Controllers.CustomersController (Billing.API).
2026-08-08 20:05:51.358 +05:30 [INF] Handling GetCustomersQuery
2026-08-08 20:05:51.402 +05:30 [INF] Handled GetCustomersQuery in 43ms
2026-08-08 20:05:51.402 +05:30 [INF] Executing OkObjectResult, writing value of type 'Billing.Shared.Results.Result`1[[Billing.Application.Common.PagedResult`1[[Billing.Application.DTOs.CustomerDto, Billing.Application, Version=1.0.0.0, Culture=neutral, PublicKeyToken=null]], Billing.Application, Version=1.0.0.0, Culture=neutral, PublicKeyToken=null]]'.
2026-08-08 20:05:51.403 +05:30 [INF] Executed action Billing.API.Controllers.CustomersController.GetCustomers (Billing.API) in 44.2634ms
2026-08-08 20:05:51.403 +05:30 [INF] Executed endpoint 'Billing.API.Controllers.CustomersController.GetCustomers (Billing.API)'
2026-08-08 20:05:51.403 +05:30 [INF] HTTP GET /api/customers responded 200 in 45.6340 ms
2026-08-08 20:05:51.403 +05:30 [INF] Request finished HTTP/1.1 GET http://localhost:5000/api/customers?page=1&pageSize=50 - 200 null application/json; charset=utf-8 45.8651ms
2026-08-08 20:05:53.604 +05:30 [INF] Request starting HTTP/1.1 GET http://localhost:5000/api/products/search?term=C+&limit=20 - null null
2026-08-08 20:05:53.606 +05:30 [INF] Executing endpoint 'Billing.API.Controllers.ProductsController.Search (Billing.API)'
2026-08-08 20:05:53.606 +05:30 [INF] Route matched with {action = "Search", controller = "Products"}. Executing controller action with signature System.Threading.Tasks.Task`1[Microsoft.AspNetCore.Mvc.IActionResult] Search(System.String, Int32, System.Threading.CancellationToken) on controller Billing.API.Controllers.ProductsController (Billing.API).
2026-08-08 20:05:53.607 +05:30 [INF] Handling SearchProductsQuery
2026-08-08 20:05:53.678 +05:30 [INF] Handled SearchProductsQuery in 70ms
2026-08-08 20:05:53.678 +05:30 [INF] Executing OkObjectResult, writing value of type 'Billing.Shared.Results.Result`1[[System.Collections.Generic.IReadOnlyList`1[[Billing.Application.DTOs.Products.ProductDto, Billing.Application, Version=1.0.0.0, Culture=neutral, PublicKeyToken=null]], System.Private.CoreLib, Version=9.0.0.0, Culture=neutral, PublicKeyToken=7cec85d7bea7798e]]'.
2026-08-08 20:05:53.678 +05:30 [INF] Executed action Billing.API.Controllers.ProductsController.Search (Billing.API) in 71.9578ms
2026-08-08 20:05:53.679 +05:30 [INF] Executed endpoint 'Billing.API.Controllers.ProductsController.Search (Billing.API)'
2026-08-08 20:05:53.679 +05:30 [INF] HTTP GET /api/products/search responded 200 in 74.2549 ms
2026-08-08 20:05:53.679 +05:30 [INF] Request finished HTTP/1.1 GET http://localhost:5000/api/products/search?term=C+&limit=20 - 200 null application/json; charset=utf-8 74.6589ms
2026-08-08 20:05:53.812 +05:30 [INF] Request starting HTTP/1.1 GET http://localhost:5000/api/products/search?term=C+T&limit=20 - null null
2026-08-08 20:05:53.813 +05:30 [INF] Executing endpoint 'Billing.API.Controllers.ProductsController.Search (Billing.API)'
2026-08-08 20:05:53.813 +05:30 [INF] Route matched with {action = "Search", controller = "Products"}. Executing controller action with signature System.Threading.Tasks.Task`1[Microsoft.AspNetCore.Mvc.IActionResult] Search(System.String, Int32, System.Threading.CancellationToken) on controller Billing.API.Controllers.ProductsController (Billing.API).
2026-08-08 20:05:53.824 +05:30 [INF] Handling SearchProductsQuery
2026-08-08 20:05:53.851 +05:30 [INF] Handled SearchProductsQuery in 26ms
2026-08-08 20:05:53.851 +05:30 [INF] Executing OkObjectResult, writing value of type 'Billing.Shared.Results.Result`1[[System.Collections.Generic.IReadOnlyList`1[[Billing.Application.DTOs.Products.ProductDto, Billing.Application, Version=1.0.0.0, Culture=neutral, PublicKeyToken=null]], System.Private.CoreLib, Version=9.0.0.0, Culture=neutral, PublicKeyToken=7cec85d7bea7798e]]'.
2026-08-08 20:05:53.851 +05:30 [INF] Executed action Billing.API.Controllers.ProductsController.Search (Billing.API) in 37.9387ms
2026-08-08 20:05:53.852 +05:30 [INF] Executed endpoint 'Billing.API.Controllers.ProductsController.Search (Billing.API)'
2026-08-08 20:05:53.852 +05:30 [INF] HTTP GET /api/products/search responded 200 in 39.4789 ms
2026-08-08 20:05:53.852 +05:30 [INF] Request finished HTTP/1.1 GET http://localhost:5000/api/products/search?term=C+T&limit=20 - 200 null application/json; charset=utf-8 40.1154ms
2026-08-08 20:05:53.960 +05:30 [INF] Request starting HTTP/1.1 GET http://localhost:5000/api/products/search?term=C+TY&limit=20 - null null
2026-08-08 20:05:53.961 +05:30 [INF] Executing endpoint 'Billing.API.Controllers.ProductsController.Search (Billing.API)'
2026-08-08 20:05:53.961 +05:30 [INF] Route matched with {action = "Search", controller = "Products"}. Executing controller action with signature System.Threading.Tasks.Task`1[Microsoft.AspNetCore.Mvc.IActionResult] Search(System.String, Int32, System.Threading.CancellationToken) on controller Billing.API.Controllers.ProductsController (Billing.API).
2026-08-08 20:05:53.961 +05:30 [INF] Handling SearchProductsQuery
2026-08-08 20:05:53.979 +05:30 [INF] Handled SearchProductsQuery in 18ms
2026-08-08 20:05:53.979 +05:30 [INF] Executing OkObjectResult, writing value of type 'Billing.Shared.Results.Result`1[[System.Collections.Generic.IReadOnlyList`1[[Billing.Application.DTOs.Products.ProductDto, Billing.Application, Version=1.0.0.0, Culture=neutral, PublicKeyToken=null]], System.Private.CoreLib, Version=9.0.0.0, Culture=neutral, PublicKeyToken=7cec85d7bea7798e]]'.
2026-08-08 20:05:53.980 +05:30 [INF] Executed action Billing.API.Controllers.ProductsController.Search (Billing.API) in 18.6941ms
2026-08-08 20:05:53.980 +05:30 [INF] Executed endpoint 'Billing.API.Controllers.ProductsController.Search (Billing.API)'
2026-08-08 20:05:53.980 +05:30 [INF] HTTP GET /api/products/search responded 200 in 19.4931 ms
2026-08-08 20:05:53.980 +05:30 [INF] Request finished HTTP/1.1 GET http://localhost:5000/api/products/search?term=C+TY&limit=20 - 200 null application/json; charset=utf-8 19.712ms
2026-08-08 20:06:16.229 +05:30 [INF] Request starting HTTP/1.1 POST http://localhost:5000/api/sales - application/json 202
2026-08-08 20:06:16.230 +05:30 [INF] CORS policy execution successful.
2026-08-08 20:06:16.231 +05:30 [INF] Executing endpoint 'Billing.API.Controllers.SalesController.CreateSale (Billing.API)'
2026-08-08 20:06:16.242 +05:30 [INF] Route matched with {action = "CreateSale", controller = "Sales"}. Executing controller action with signature System.Threading.Tasks.Task`1[Microsoft.AspNetCore.Mvc.IActionResult] CreateSale(Billing.Application.DTOs.Sales.CreateSaleRequest, System.Threading.CancellationToken) on controller Billing.API.Controllers.SalesController (Billing.API).
2026-08-08 20:06:16.311 +05:30 [INF] Handling CreateSaleCommand
2026-08-08 20:06:16.843 +05:30 [INF] Handled CreateSaleCommand in 532ms
2026-08-08 20:06:16.844 +05:30 [INF] Executing OkObjectResult, writing value of type 'Billing.Shared.Results.Result`1[[Billing.Application.DTOs.Sales.SaleDto, Billing.Application, Version=1.0.0.0, Culture=neutral, PublicKeyToken=null]]'.
2026-08-08 20:06:16.893 +05:30 [INF] Executed action Billing.API.Controllers.SalesController.CreateSale (Billing.API) in 651.3444ms
2026-08-08 20:06:16.893 +05:30 [INF] Executed endpoint 'Billing.API.Controllers.SalesController.CreateSale (Billing.API)'
2026-08-08 20:06:16.893 +05:30 [INF] HTTP POST /api/sales responded 200 in 663.4696 ms
2026-08-08 20:06:16.893 +05:30 [INF] Request finished HTTP/1.1 POST http://localhost:5000/api/sales - 200 null application/json; charset=utf-8 663.8467ms
2026-08-08 20:06:16.945 +05:30 [INF] Request starting HTTP/1.1 GET http://localhost:5000/api/sales/d18d4c20-ac60-4ccd-b2ce-00154486279c - null null
2026-08-08 20:06:16.947 +05:30 [INF] Executing endpoint 'Billing.API.Controllers.SalesController.GetSale (Billing.API)'
2026-08-08 20:06:16.957 +05:30 [INF] Route matched with {action = "GetSale", controller = "Sales"}. Executing controller action with signature System.Threading.Tasks.Task`1[Microsoft.AspNetCore.Mvc.IActionResult] GetSale(System.Guid, System.Threading.CancellationToken) on controller Billing.API.Controllers.SalesController (Billing.API).
2026-08-08 20:06:16.960 +05:30 [INF] Handling GetSaleByIdQuery
2026-08-08 20:06:16.985 +05:30 [INF] Handled GetSaleByIdQuery in 25ms
2026-08-08 20:06:16.985 +05:30 [INF] Executing OkObjectResult, writing value of type 'Billing.Shared.Results.Result`1[[Billing.Application.DTOs.Sales.SaleDto, Billing.Application, Version=1.0.0.0, Culture=neutral, PublicKeyToken=null]]'.
2026-08-08 20:06:16.986 +05:30 [INF] Executed action Billing.API.Controllers.SalesController.GetSale (Billing.API) in 29.2873ms
2026-08-08 20:06:16.986 +05:30 [INF] Executed endpoint 'Billing.API.Controllers.SalesController.GetSale (Billing.API)'
2026-08-08 20:06:16.987 +05:30 [INF] HTTP GET /api/sales/d18d4c20-ac60-4ccd-b2ce-00154486279c responded 200 in 41.9984 ms
2026-08-08 20:06:16.988 +05:30 [INF] Request finished HTTP/1.1 GET http://localhost:5000/api/sales/d18d4c20-ac60-4ccd-b2ce-00154486279c - 200 null application/json; charset=utf-8 42.3988ms
2026-08-08 20:06:37.772 +05:30 [INF] Request starting HTTP/1.1 GET http://localhost:5000/api/dashboard?from=2026-07-09&to=2026-08-08 - null null
2026-08-08 20:06:37.773 +05:30 [INF] Executing endpoint 'Billing.API.Controllers.DashboardController.GetDashboard (Billing.API)'
2026-08-08 20:06:37.773 +05:30 [INF] Route matched with {action = "GetDashboard", controller = "Dashboard"}. Executing controller action with signature System.Threading.Tasks.Task`1[Microsoft.AspNetCore.Mvc.IActionResult] GetDashboard(System.Nullable`1[System.DateTime], System.Nullable`1[System.DateTime], System.Threading.CancellationToken) on controller Billing.API.Controllers.DashboardController (Billing.API).
2026-08-08 20:06:37.775 +05:30 [INF] Handling GetDashboardQuery
2026-08-08 20:06:38.088 +05:30 [INF] Handled GetDashboardQuery in 313ms
2026-08-08 20:06:38.088 +05:30 [INF] Executing OkObjectResult, writing value of type 'Billing.Shared.Results.Result`1[[Billing.Application.DTOs.DashboardDto, Billing.Application, Version=1.0.0.0, Culture=neutral, PublicKeyToken=null]]'.
2026-08-08 20:06:38.089 +05:30 [INF] Executed action Billing.API.Controllers.DashboardController.GetDashboard (Billing.API) in 315.7615ms
2026-08-08 20:06:38.089 +05:30 [INF] Executed endpoint 'Billing.API.Controllers.DashboardController.GetDashboard (Billing.API)'
2026-08-08 20:06:38.089 +05:30 [INF] HTTP GET /api/dashboard responded 200 in 316.8079 ms
2026-08-08 20:06:38.089 +05:30 [INF] Request finished HTTP/1.1 GET http://localhost:5000/api/dashboard?from=2026-07-09&to=2026-08-08 - 200 null application/json; charset=utf-8 317.0327ms
2026-08-08 20:06:57.501 +05:30 [INF] Request starting HTTP/1.1 GET http://localhost:5000/api/dashboard?from=2026-07-09&to=2026-08-08 - null null
2026-08-08 20:06:57.503 +05:30 [INF] Executing endpoint 'Billing.API.Controllers.DashboardController.GetDashboard (Billing.API)'
2026-08-08 20:06:57.503 +05:30 [INF] Route matched with {action = "GetDashboard", controller = "Dashboard"}. Executing controller action with signature System.Threading.Tasks.Task`1[Microsoft.AspNetCore.Mvc.IActionResult] GetDashboard(System.Nullable`1[System.DateTime], System.Nullable`1[System.DateTime], System.Threading.CancellationToken) on controller Billing.API.Controllers.DashboardController (Billing.API).
2026-08-08 20:06:57.506 +05:30 [INF] Handling GetDashboardQuery
2026-08-08 20:06:57.508 +05:30 [INF] Handled GetDashboardQuery in 1ms
2026-08-08 20:06:57.508 +05:30 [INF] Executing OkObjectResult, writing value of type 'Billing.Shared.Results.Result`1[[Billing.Application.DTOs.DashboardDto, Billing.Application, Version=1.0.0.0, Culture=neutral, PublicKeyToken=null]]'.
2026-08-08 20:06:57.508 +05:30 [INF] Executed action Billing.API.Controllers.DashboardController.GetDashboard (Billing.API) in 5.6312ms
2026-08-08 20:06:57.508 +05:30 [INF] Executed endpoint 'Billing.API.Controllers.DashboardController.GetDashboard (Billing.API)'
2026-08-08 20:06:57.509 +05:30 [INF] HTTP GET /api/dashboard responded 200 in 6.8659 ms
2026-08-08 20:06:57.509 +05:30 [INF] Request finished HTTP/1.1 GET http://localhost:5000/api/dashboard?from=2026-07-09&to=2026-08-08 - 200 null application/json; charset=utf-8 7.2235ms
2026-08-08 20:07:14.810 +05:30 [INF] Request starting HTTP/1.1 GET http://localhost:5000/api/products?page=1&pageSize=10 - null null
2026-08-08 20:07:14.811 +05:30 [INF] Executing endpoint 'Billing.API.Controllers.ProductsController.GetProducts (Billing.API)'
2026-08-08 20:07:14.811 +05:30 [INF] Route matched with {action = "GetProducts", controller = "Products"}. Executing controller action with signature System.Threading.Tasks.Task`1[Microsoft.AspNetCore.Mvc.IActionResult] GetProducts(Int32, Int32, System.String, System.String, Boolean, System.Threading.CancellationToken) on controller Billing.API.Controllers.ProductsController (Billing.API).
2026-08-08 20:07:14.811 +05:30 [INF] Handling GetProductsQuery
2026-08-08 20:07:14.829 +05:30 [INF] Handled GetProductsQuery in 17ms
2026-08-08 20:07:14.829 +05:30 [INF] Executing OkObjectResult, writing value of type 'Billing.Shared.Results.Result`1[[Billing.Application.Common.PagedResult`1[[Billing.Application.DTOs.Products.ProductDto, Billing.Application, Version=1.0.0.0, Culture=neutral, PublicKeyToken=null]], Billing.Application, Version=1.0.0.0, Culture=neutral, PublicKeyToken=null]]'.
2026-08-08 20:07:14.830 +05:30 [INF] Executed action Billing.API.Controllers.ProductsController.GetProducts (Billing.API) in 18.7546ms
2026-08-08 20:07:14.830 +05:30 [INF] Executed endpoint 'Billing.API.Controllers.ProductsController.GetProducts (Billing.API)'
2026-08-08 20:07:14.830 +05:30 [INF] HTTP GET /api/products responded 200 in 20.0798 ms
2026-08-08 20:07:14.830 +05:30 [INF] Request finished HTTP/1.1 GET http://localhost:5000/api/products?page=1&pageSize=10 - 200 null application/json; charset=utf-8 20.3152ms
2026-08-08 20:07:19.898 +05:30 [INF] Request starting HTTP/1.1 GET http://localhost:5000/api/customers?page=1&pageSize=10 - null null
2026-08-08 20:07:19.899 +05:30 [INF] Executing endpoint 'Billing.API.Controllers.CustomersController.GetCustomers (Billing.API)'
2026-08-08 20:07:19.899 +05:30 [INF] Route matched with {action = "GetCustomers", controller = "Customers"}. Executing controller action with signature System.Threading.Tasks.Task`1[Microsoft.AspNetCore.Mvc.IActionResult] GetCustomers(Int32, Int32, System.String, System.Threading.CancellationToken) on controller Billing.API.Controllers.CustomersController (Billing.API).
2026-08-08 20:07:19.899 +05:30 [INF] Handling GetCustomersQuery
2026-08-08 20:07:19.921 +05:30 [INF] Handled GetCustomersQuery in 21ms
2026-08-08 20:07:19.921 +05:30 [INF] Executing OkObjectResult, writing value of type 'Billing.Shared.Results.Result`1[[Billing.Application.Common.PagedResult`1[[Billing.Application.DTOs.CustomerDto, Billing.Application, Version=1.0.0.0, Culture=neutral, PublicKeyToken=null]], Billing.Application, Version=1.0.0.0, Culture=neutral, PublicKeyToken=null]]'.
2026-08-08 20:07:19.923 +05:30 [INF] Executed action Billing.API.Controllers.CustomersController.GetCustomers (Billing.API) in 23.5995ms
2026-08-08 20:07:19.923 +05:30 [INF] Executed endpoint 'Billing.API.Controllers.CustomersController.GetCustomers (Billing.API)'
2026-08-08 20:07:19.923 +05:30 [INF] HTTP GET /api/customers responded 200 in 24.7842 ms
2026-08-08 20:07:19.924 +05:30 [INF] Request finished HTTP/1.1 GET http://localhost:5000/api/customers?page=1&pageSize=10 - 200 null application/json; charset=utf-8 25.0022ms
2026-08-08 20:07:25.590 +05:30 [INF] Request starting HTTP/1.1 GET http://localhost:5000/api/customers?page=1&pageSize=50 - null null
2026-08-08 20:07:25.591 +05:30 [INF] Executing endpoint 'Billing.API.Controllers.CustomersController.GetCustomers (Billing.API)'
2026-08-08 20:07:25.591 +05:30 [INF] Route matched with {action = "GetCustomers", controller = "Customers"}. Executing controller action with signature System.Threading.Tasks.Task`1[Microsoft.AspNetCore.Mvc.IActionResult] GetCustomers(Int32, Int32, System.String, System.Threading.CancellationToken) on controller Billing.API.Controllers.CustomersController (Billing.API).
2026-08-08 20:07:25.591 +05:30 [INF] Handling GetCustomersQuery
2026-08-08 20:07:25.624 +05:30 [INF] Handled GetCustomersQuery in 32ms
2026-08-08 20:07:25.624 +05:30 [INF] Executing OkObjectResult, writing value of type 'Billing.Shared.Results.Result`1[[Billing.Application.Common.PagedResult`1[[Billing.Application.DTOs.CustomerDto, Billing.Application, Version=1.0.0.0, Culture=neutral, PublicKeyToken=null]], Billing.Application, Version=1.0.0.0, Culture=neutral, PublicKeyToken=null]]'.
2026-08-08 20:07:25.624 +05:30 [INF] Executed action Billing.API.Controllers.CustomersController.GetCustomers (Billing.API) in 32.8724ms
2026-08-08 20:07:25.624 +05:30 [INF] Executed endpoint 'Billing.API.Controllers.CustomersController.GetCustomers (Billing.API)'
2026-08-08 20:07:25.625 +05:30 [INF] HTTP GET /api/customers responded 200 in 33.9263 ms
2026-08-08 20:07:25.625 +05:30 [INF] Request finished HTTP/1.1 GET http://localhost:5000/api/customers?page=1&pageSize=50 - 200 null application/json; charset=utf-8 34.6708ms
2026-08-08 20:07:28.448 +05:30 [INF] Request starting HTTP/1.1 GET http://localhost:5000/api/products/search?term=C+&limit=20 - null null
2026-08-08 20:07:28.449 +05:30 [INF] Executing endpoint 'Billing.API.Controllers.ProductsController.Search (Billing.API)'
2026-08-08 20:07:28.449 +05:30 [INF] Route matched with {action = "Search", controller = "Products"}. Executing controller action with signature System.Threading.Tasks.Task`1[Microsoft.AspNetCore.Mvc.IActionResult] Search(System.String, Int32, System.Threading.CancellationToken) on controller Billing.API.Controllers.ProductsController (Billing.API).
2026-08-08 20:07:28.449 +05:30 [INF] Handling SearchProductsQuery
2026-08-08 20:07:28.474 +05:30 [INF] Handled SearchProductsQuery in 24ms
2026-08-08 20:07:28.474 +05:30 [INF] Executing OkObjectResult, writing value of type 'Billing.Shared.Results.Result`1[[System.Collections.Generic.IReadOnlyList`1[[Billing.Application.DTOs.Products.ProductDto, Billing.Application, Version=1.0.0.0, Culture=neutral, PublicKeyToken=null]], System.Private.CoreLib, Version=9.0.0.0, Culture=neutral, PublicKeyToken=7cec85d7bea7798e]]'.
2026-08-08 20:07:28.474 +05:30 [INF] Executed action Billing.API.Controllers.ProductsController.Search (Billing.API) in 25.2104ms
2026-08-08 20:07:28.474 +05:30 [INF] Executed endpoint 'Billing.API.Controllers.ProductsController.Search (Billing.API)'
2026-08-08 20:07:28.474 +05:30 [INF] HTTP GET /api/products/search responded 200 in 26.1309 ms
2026-08-08 20:07:28.475 +05:30 [INF] Request finished HTTP/1.1 GET http://localhost:5000/api/products/search?term=C+&limit=20 - 200 null application/json; charset=utf-8 26.4014ms
2026-08-08 20:07:28.671 +05:30 [INF] Request starting HTTP/1.1 GET http://localhost:5000/api/products/search?term=C+T&limit=20 - null null
2026-08-08 20:07:28.672 +05:30 [INF] Executing endpoint 'Billing.API.Controllers.ProductsController.Search (Billing.API)'
2026-08-08 20:07:28.672 +05:30 [INF] Route matched with {action = "Search", controller = "Products"}. Executing controller action with signature System.Threading.Tasks.Task`1[Microsoft.AspNetCore.Mvc.IActionResult] Search(System.String, Int32, System.Threading.CancellationToken) on controller Billing.API.Controllers.ProductsController (Billing.API).
2026-08-08 20:07:28.672 +05:30 [INF] Handling SearchProductsQuery
2026-08-08 20:07:28.700 +05:30 [INF] Handled SearchProductsQuery in 27ms
2026-08-08 20:07:28.700 +05:30 [INF] Executing OkObjectResult, writing value of type 'Billing.Shared.Results.Result`1[[System.Collections.Generic.IReadOnlyList`1[[Billing.Application.DTOs.Products.ProductDto, Billing.Application, Version=1.0.0.0, Culture=neutral, PublicKeyToken=null]], System.Private.CoreLib, Version=9.0.0.0, Culture=neutral, PublicKeyToken=7cec85d7bea7798e]]'.
2026-08-08 20:07:28.701 +05:30 [INF] Executed action Billing.API.Controllers.ProductsController.Search (Billing.API) in 28.8544ms
2026-08-08 20:07:28.701 +05:30 [INF] Executed endpoint 'Billing.API.Controllers.ProductsController.Search (Billing.API)'
2026-08-08 20:07:28.701 +05:30 [INF] HTTP GET /api/products/search responded 200 in 30.0731 ms
2026-08-08 20:07:28.701 +05:30 [INF] Request finished HTTP/1.1 GET http://localhost:5000/api/products/search?term=C+T&limit=20 - 200 null application/json; charset=utf-8 30.3314ms
2026-08-08 20:07:28.825 +05:30 [INF] Request starting HTTP/1.1 GET http://localhost:5000/api/products/search?term=C+TY&limit=20 - null null
2026-08-08 20:07:28.826 +05:30 [INF] Executing endpoint 'Billing.API.Controllers.ProductsController.Search (Billing.API)'
2026-08-08 20:07:28.826 +05:30 [INF] Route matched with {action = "Search", controller = "Products"}. Executing controller action with signature System.Threading.Tasks.Task`1[Microsoft.AspNetCore.Mvc.IActionResult] Search(System.String, Int32, System.Threading.CancellationToken) on controller Billing.API.Controllers.ProductsController (Billing.API).
2026-08-08 20:07:28.827 +05:30 [INF] Handling SearchProductsQuery
2026-08-08 20:07:28.862 +05:30 [INF] Handled SearchProductsQuery in 34ms
2026-08-08 20:07:28.862 +05:30 [INF] Executing OkObjectResult, writing value of type 'Billing.Shared.Results.Result`1[[System.Collections.Generic.IReadOnlyList`1[[Billing.Application.DTOs.Products.ProductDto, Billing.Application, Version=1.0.0.0, Culture=neutral, PublicKeyToken=null]], System.Private.CoreLib, Version=9.0.0.0, Culture=neutral, PublicKeyToken=7cec85d7bea7798e]]'.
2026-08-08 20:07:28.862 +05:30 [INF] Executed action Billing.API.Controllers.ProductsController.Search (Billing.API) in 36.0176ms
2026-08-08 20:07:28.863 +05:30 [INF] Executed endpoint 'Billing.API.Controllers.ProductsController.Search (Billing.API)'
2026-08-08 20:07:28.863 +05:30 [INF] HTTP GET /api/products/search responded 200 in 37.6356 ms
2026-08-08 20:07:28.863 +05:30 [INF] Request finished HTTP/1.1 GET http://localhost:5000/api/products/search?term=C+TY&limit=20 - 200 null application/json; charset=utf-8 37.891ms
2026-08-08 20:08:29.356 +05:30 [INF] Request starting HTTP/1.1 POST http://localhost:5000/api/sales - application/json 201
2026-08-08 20:08:29.356 +05:30 [INF] CORS policy execution successful.
2026-08-08 20:08:29.357 +05:30 [INF] Executing endpoint 'Billing.API.Controllers.SalesController.CreateSale (Billing.API)'
2026-08-08 20:08:29.357 +05:30 [INF] Route matched with {action = "CreateSale", controller = "Sales"}. Executing controller action with signature System.Threading.Tasks.Task`1[Microsoft.AspNetCore.Mvc.IActionResult] CreateSale(Billing.Application.DTOs.Sales.CreateSaleRequest, System.Threading.CancellationToken) on controller Billing.API.Controllers.SalesController (Billing.API).
2026-08-08 20:08:29.360 +05:30 [INF] Handling CreateSaleCommand
2026-08-08 20:08:29.677 +05:30 [INF] Handled CreateSaleCommand in 317ms
2026-08-08 20:08:29.677 +05:30 [INF] Executing OkObjectResult, writing value of type 'Billing.Shared.Results.Result`1[[Billing.Application.DTOs.Sales.SaleDto, Billing.Application, Version=1.0.0.0, Culture=neutral, PublicKeyToken=null]]'.
2026-08-08 20:08:29.678 +05:30 [INF] Executed action Billing.API.Controllers.SalesController.CreateSale (Billing.API) in 320.591ms
2026-08-08 20:08:29.678 +05:30 [INF] Executed endpoint 'Billing.API.Controllers.SalesController.CreateSale (Billing.API)'
2026-08-08 20:08:29.678 +05:30 [INF] HTTP POST /api/sales responded 200 in 321.6071 ms
2026-08-08 20:08:29.678 +05:30 [INF] Request finished HTTP/1.1 POST http://localhost:5000/api/sales - 200 null application/json; charset=utf-8 321.9866ms
2026-08-08 20:08:29.759 +05:30 [INF] Request starting HTTP/1.1 GET http://localhost:5000/api/sales/3d8607a0-ee09-4be5-b50d-fbd7dc95353e - null null
2026-08-08 20:08:29.759 +05:30 [INF] Executing endpoint 'Billing.API.Controllers.SalesController.GetSale (Billing.API)'
2026-08-08 20:08:29.759 +05:30 [INF] Route matched with {action = "GetSale", controller = "Sales"}. Executing controller action with signature System.Threading.Tasks.Task`1[Microsoft.AspNetCore.Mvc.IActionResult] GetSale(System.Guid, System.Threading.CancellationToken) on controller Billing.API.Controllers.SalesController (Billing.API).
2026-08-08 20:08:29.761 +05:30 [INF] Handling GetSaleByIdQuery
2026-08-08 20:08:29.784 +05:30 [INF] Handled GetSaleByIdQuery in 22ms
2026-08-08 20:08:29.784 +05:30 [INF] Executing OkObjectResult, writing value of type 'Billing.Shared.Results.Result`1[[Billing.Application.DTOs.Sales.SaleDto, Billing.Application, Version=1.0.0.0, Culture=neutral, PublicKeyToken=null]]'.
2026-08-08 20:08:29.784 +05:30 [INF] Executed action Billing.API.Controllers.SalesController.GetSale (Billing.API) in 24.6927ms
2026-08-08 20:08:29.784 +05:30 [INF] Executed endpoint 'Billing.API.Controllers.SalesController.GetSale (Billing.API)'
2026-08-08 20:08:29.784 +05:30 [INF] HTTP GET /api/sales/3d8607a0-ee09-4be5-b50d-fbd7dc95353e responded 200 in 25.4735 ms
2026-08-08 20:08:29.784 +05:30 [INF] Request finished HTTP/1.1 GET http://localhost:5000/api/sales/3d8607a0-ee09-4be5-b50d-fbd7dc95353e - 200 null application/json; charset=utf-8 25.6529ms
2026-08-08 20:08:37.774 +05:30 [INF] Request starting HTTP/1.1 GET http://localhost:5000/api/dashboard?from=2026-07-09&to=2026-08-08 - null null
2026-08-08 20:08:37.774 +05:30 [INF] Executing endpoint 'Billing.API.Controllers.DashboardController.GetDashboard (Billing.API)'
2026-08-08 20:08:37.775 +05:30 [INF] Route matched with {action = "GetDashboard", controller = "Dashboard"}. Executing controller action with signature System.Threading.Tasks.Task`1[Microsoft.AspNetCore.Mvc.IActionResult] GetDashboard(System.Nullable`1[System.DateTime], System.Nullable`1[System.DateTime], System.Threading.CancellationToken) on controller Billing.API.Controllers.DashboardController (Billing.API).
2026-08-08 20:08:37.775 +05:30 [INF] Handling GetDashboardQuery
2026-08-08 20:08:37.959 +05:30 [INF] Handled GetDashboardQuery in 183ms
2026-08-08 20:08:37.959 +05:30 [INF] Executing OkObjectResult, writing value of type 'Billing.Shared.Results.Result`1[[Billing.Application.DTOs.DashboardDto, Billing.Application, Version=1.0.0.0, Culture=neutral, PublicKeyToken=null]]'.
2026-08-08 20:08:37.959 +05:30 [INF] Executed action Billing.API.Controllers.DashboardController.GetDashboard (Billing.API) in 184.2585ms
2026-08-08 20:08:37.959 +05:30 [INF] Executed endpoint 'Billing.API.Controllers.DashboardController.GetDashboard (Billing.API)'
2026-08-08 20:08:37.959 +05:30 [INF] HTTP GET /api/dashboard responded 200 in 185.1551 ms
2026-08-08 20:08:37.959 +05:30 [INF] Request finished HTTP/1.1 GET http://localhost:5000/api/dashboard?from=2026-07-09&to=2026-08-08 - 200 null application/json; charset=utf-8 185.4096ms
2026-08-08 20:08:53.263 +05:30 [INF] Request starting HTTP/1.1 GET http://localhost:5000/api/dashboard?from=2026-07-08&to=2026-08-08 - null null
2026-08-08 20:08:53.263 +05:30 [INF] Executing endpoint 'Billing.API.Controllers.DashboardController.GetDashboard (Billing.API)'
2026-08-08 20:08:53.264 +05:30 [INF] Route matched with {action = "GetDashboard", controller = "Dashboard"}. Executing controller action with signature System.Threading.Tasks.Task`1[Microsoft.AspNetCore.Mvc.IActionResult] GetDashboard(System.Nullable`1[System.DateTime], System.Nullable`1[System.DateTime], System.Threading.CancellationToken) on controller Billing.API.Controllers.DashboardController (Billing.API).
2026-08-08 20:08:53.264 +05:30 [INF] Handling GetDashboardQuery
2026-08-08 20:08:53.264 +05:30 [INF] Handled GetDashboardQuery in 0ms
2026-08-08 20:08:53.264 +05:30 [INF] Executing OkObjectResult, writing value of type 'Billing.Shared.Results.Result`1[[Billing.Application.DTOs.DashboardDto, Billing.Application, Version=1.0.0.0, Culture=neutral, PublicKeyToken=null]]'.
2026-08-08 20:08:53.264 +05:30 [INF] Executed action Billing.API.Controllers.DashboardController.GetDashboard (Billing.API) in 0.8276ms
2026-08-08 20:08:53.264 +05:30 [INF] Executed endpoint 'Billing.API.Controllers.DashboardController.GetDashboard (Billing.API)'
2026-08-08 20:08:53.265 +05:30 [INF] HTTP GET /api/dashboard responded 200 in 1.9194 ms
2026-08-08 20:08:53.265 +05:30 [INF] Request finished HTTP/1.1 GET http://localhost:5000/api/dashboard?from=2026-07-08&to=2026-08-08 - 200 null application/json; charset=utf-8 2.1006ms
2026-08-08 20:08:59.377 +05:30 [INF] Request starting HTTP/1.1 GET http://localhost:5000/api/dashboard?from=2026-07-08&to=2026-08-09 - null null
2026-08-08 20:08:59.378 +05:30 [INF] Executing endpoint 'Billing.API.Controllers.DashboardController.GetDashboard (Billing.API)'
2026-08-08 20:08:59.378 +05:30 [INF] Route matched with {action = "GetDashboard", controller = "Dashboard"}. Executing controller action with signature System.Threading.Tasks.Task`1[Microsoft.AspNetCore.Mvc.IActionResult] GetDashboard(System.Nullable`1[System.DateTime], System.Nullable`1[System.DateTime], System.Threading.CancellationToken) on controller Billing.API.Controllers.DashboardController (Billing.API).
2026-08-08 20:08:59.378 +05:30 [INF] Handling GetDashboardQuery
2026-08-08 20:08:59.378 +05:30 [INF] Handled GetDashboardQuery in 0ms
2026-08-08 20:08:59.378 +05:30 [INF] Executing OkObjectResult, writing value of type 'Billing.Shared.Results.Result`1[[Billing.Application.DTOs.DashboardDto, Billing.Application, Version=1.0.0.0, Culture=neutral, PublicKeyToken=null]]'.
2026-08-08 20:08:59.379 +05:30 [INF] Executed action Billing.API.Controllers.DashboardController.GetDashboard (Billing.API) in 1.1265ms
2026-08-08 20:08:59.380 +05:30 [INF] Executed endpoint 'Billing.API.Controllers.DashboardController.GetDashboard (Billing.API)'
2026-08-08 20:08:59.380 +05:30 [INF] HTTP GET /api/dashboard responded 200 in 2.9770 ms
2026-08-08 20:08:59.380 +05:30 [INF] Request finished HTTP/1.1 GET http://localhost:5000/api/dashboard?from=2026-07-08&to=2026-08-09 - 200 null application/json; charset=utf-8 3.17ms
2026-08-08 20:09:06.473 +05:30 [INF] Request starting HTTP/1.1 GET http://localhost:5000/api/sales?page=1&pageSize=10 - null null
2026-08-08 20:09:06.475 +05:30 [INF] Executing endpoint 'Billing.API.Controllers.SalesController.GetSales (Billing.API)'
2026-08-08 20:09:06.484 +05:30 [INF] Route matched with {action = "GetSales", controller = "Sales"}. Executing controller action with signature System.Threading.Tasks.Task`1[Microsoft.AspNetCore.Mvc.IActionResult] GetSales(System.Nullable`1[System.DateTime], System.Nullable`1[System.DateTime], Int32, Int32, System.Threading.CancellationToken) on controller Billing.API.Controllers.SalesController (Billing.API).
2026-08-08 20:09:06.501 +05:30 [INF] Handling GetSalesQuery
2026-08-08 20:09:06.534 +05:30 [INF] Handled GetSalesQuery in 33ms
2026-08-08 20:09:06.534 +05:30 [INF] Executing OkObjectResult, writing value of type 'Billing.Shared.Results.Result`1[[Billing.Application.Common.PagedResult`1[[Billing.Application.DTOs.Sales.SaleDto, Billing.Application, Version=1.0.0.0, Culture=neutral, PublicKeyToken=null]], Billing.Application, Version=1.0.0.0, Culture=neutral, PublicKeyToken=null]]'.
2026-08-08 20:09:06.543 +05:30 [INF] Executed action Billing.API.Controllers.SalesController.GetSales (Billing.API) in 58.3173ms
2026-08-08 20:09:06.543 +05:30 [INF] Executed endpoint 'Billing.API.Controllers.SalesController.GetSales (Billing.API)'
2026-08-08 20:09:06.543 +05:30 [INF] HTTP GET /api/sales responded 200 in 69.2952 ms
2026-08-08 20:09:06.543 +05:30 [INF] Request finished HTTP/1.1 GET http://localhost:5000/api/sales?page=1&pageSize=10 - 200 null application/json; charset=utf-8 69.7155ms
2026-08-08 20:09:51.124 +05:30 [INF] Request starting HTTP/1.1 GET http://localhost:5000/api/products?page=1&pageSize=10 - null null
2026-08-08 20:09:51.126 +05:30 [INF] Executing endpoint 'Billing.API.Controllers.ProductsController.GetProducts (Billing.API)'
2026-08-08 20:09:51.127 +05:30 [INF] Route matched with {action = "GetProducts", controller = "Products"}. Executing controller action with signature System.Threading.Tasks.Task`1[Microsoft.AspNetCore.Mvc.IActionResult] GetProducts(Int32, Int32, System.String, System.String, Boolean, System.Threading.CancellationToken) on controller Billing.API.Controllers.ProductsController (Billing.API).
2026-08-08 20:09:51.127 +05:30 [INF] Handling GetProductsQuery
2026-08-08 20:09:51.156 +05:30 [INF] Handled GetProductsQuery in 29ms
2026-08-08 20:09:51.156 +05:30 [INF] Executing OkObjectResult, writing value of type 'Billing.Shared.Results.Result`1[[Billing.Application.Common.PagedResult`1[[Billing.Application.DTOs.Products.ProductDto, Billing.Application, Version=1.0.0.0, Culture=neutral, PublicKeyToken=null]], Billing.Application, Version=1.0.0.0, Culture=neutral, PublicKeyToken=null]]'.
2026-08-08 20:09:51.157 +05:30 [INF] Executed action Billing.API.Controllers.ProductsController.GetProducts (Billing.API) in 30.0985ms
2026-08-08 20:09:51.157 +05:30 [INF] Executed endpoint 'Billing.API.Controllers.ProductsController.GetProducts (Billing.API)'
2026-08-08 20:09:51.157 +05:30 [INF] HTTP GET /api/products responded 200 in 32.9629 ms
2026-08-08 20:09:51.157 +05:30 [INF] Request finished HTTP/1.1 GET http://localhost:5000/api/products?page=1&pageSize=10 - 200 null application/json; charset=utf-8 33.136ms
2026-08-08 20:09:56.728 +05:30 [INF] Request starting HTTP/1.1 GET http://localhost:5000/api/suppliers?page=1&pageSize=10 - null null
2026-08-08 20:09:56.729 +05:30 [INF] Executing endpoint 'Billing.API.Controllers.SuppliersController.GetSuppliers (Billing.API)'
2026-08-08 20:09:56.729 +05:30 [INF] Route matched with {action = "GetSuppliers", controller = "Suppliers"}. Executing controller action with signature System.Threading.Tasks.Task`1[Microsoft.AspNetCore.Mvc.IActionResult] GetSuppliers(Int32, Int32, System.String, System.Threading.CancellationToken) on controller Billing.API.Controllers.SuppliersController (Billing.API).
2026-08-08 20:09:56.734 +05:30 [INF] Handling GetSuppliersQuery
2026-08-08 20:09:56.772 +05:30 [INF] Handled GetSuppliersQuery in 38ms
2026-08-08 20:09:56.773 +05:30 [INF] Executing OkObjectResult, writing value of type 'Billing.Shared.Results.Result`1[[Billing.Application.Common.PagedResult`1[[Billing.Application.DTOs.SupplierDto, Billing.Application, Version=1.0.0.0, Culture=neutral, PublicKeyToken=null]], Billing.Application, Version=1.0.0.0, Culture=neutral, PublicKeyToken=null]]'.
2026-08-08 20:09:56.773 +05:30 [INF] Executed action Billing.API.Controllers.SuppliersController.GetSuppliers (Billing.API) in 44.0343ms
2026-08-08 20:09:56.773 +05:30 [INF] Executed endpoint 'Billing.API.Controllers.SuppliersController.GetSuppliers (Billing.API)'
2026-08-08 20:09:56.773 +05:30 [INF] HTTP GET /api/suppliers responded 200 in 44.8406 ms
2026-08-08 20:09:56.773 +05:30 [INF] Request finished HTTP/1.1 GET http://localhost:5000/api/suppliers?page=1&pageSize=10 - 200 null application/json; charset=utf-8 45.3887ms
2026-08-08 20:09:59.379 +05:30 [INF] Request starting HTTP/1.1 GET http://localhost:5000/api/purchases?page=1&pageSize=10 - null null
2026-08-08 20:09:59.379 +05:30 [INF] Executing endpoint 'Billing.API.Controllers.PurchasesController.GetPurchases (Billing.API)'
2026-08-08 20:09:59.379 +05:30 [INF] Route matched with {action = "GetPurchases", controller = "Purchases"}. Executing controller action with signature System.Threading.Tasks.Task`1[Microsoft.AspNetCore.Mvc.IActionResult] GetPurchases(Int32, Int32, System.Threading.CancellationToken) on controller Billing.API.Controllers.PurchasesController (Billing.API).
2026-08-08 20:09:59.379 +05:30 [INF] Request starting HTTP/1.1 GET http://localhost:5000/api/suppliers?page=1&pageSize=1000 - null null
2026-08-08 20:09:59.380 +05:30 [INF] Executing endpoint 'Billing.API.Controllers.SuppliersController.GetSuppliers (Billing.API)'
2026-08-08 20:09:59.380 +05:30 [INF] Handling GetPurchasesQuery
2026-08-08 20:09:59.381 +05:30 [INF] Route matched with {action = "GetSuppliers", controller = "Suppliers"}. Executing controller action with signature System.Threading.Tasks.Task`1[Microsoft.AspNetCore.Mvc.IActionResult] GetSuppliers(Int32, Int32, System.String, System.Threading.CancellationToken) on controller Billing.API.Controllers.SuppliersController (Billing.API).
2026-08-08 20:09:59.381 +05:30 [INF] Handling GetSuppliersQuery
2026-08-08 20:09:59.413 +05:30 [INF] Handled GetSuppliersQuery in 32ms
2026-08-08 20:09:59.413 +05:30 [INF] Executing OkObjectResult, writing value of type 'Billing.Shared.Results.Result`1[[Billing.Application.Common.PagedResult`1[[Billing.Application.DTOs.SupplierDto, Billing.Application, Version=1.0.0.0, Culture=neutral, PublicKeyToken=null]], Billing.Application, Version=1.0.0.0, Culture=neutral, PublicKeyToken=null]]'.
2026-08-08 20:09:59.414 +05:30 [INF] Executed action Billing.API.Controllers.SuppliersController.GetSuppliers (Billing.API) in 32.899ms
2026-08-08 20:09:59.414 +05:30 [INF] Executed endpoint 'Billing.API.Controllers.SuppliersController.GetSuppliers (Billing.API)'
2026-08-08 20:09:59.414 +05:30 [INF] HTTP GET /api/suppliers responded 200 in 34.1294 ms
2026-08-08 20:09:59.414 +05:30 [INF] Request finished HTTP/1.1 GET http://localhost:5000/api/suppliers?page=1&pageSize=1000 - 200 null application/json; charset=utf-8 34.2859ms
2026-08-08 20:09:59.423 +05:30 [INF] Handled GetPurchasesQuery in 42ms
2026-08-08 20:09:59.423 +05:30 [INF] Executing OkObjectResult, writing value of type 'Billing.Shared.Results.Result`1[[Billing.Application.Common.PagedResult`1[[Billing.Application.DTOs.PurchaseDto, Billing.Application, Version=1.0.0.0, Culture=neutral, PublicKeyToken=null]], Billing.Application, Version=1.0.0.0, Culture=neutral, PublicKeyToken=null]]'.
2026-08-08 20:09:59.424 +05:30 [INF] Executed action Billing.API.Controllers.PurchasesController.GetPurchases (Billing.API) in 45.1016ms
2026-08-08 20:09:59.424 +05:30 [INF] Executed endpoint 'Billing.API.Controllers.PurchasesController.GetPurchases (Billing.API)'
2026-08-08 20:09:59.425 +05:30 [INF] HTTP GET /api/purchases responded 200 in 45.7638 ms
2026-08-08 20:09:59.425 +05:30 [INF] Request finished HTTP/1.1 GET http://localhost:5000/api/purchases?page=1&pageSize=10 - 200 null application/json; charset=utf-8 46.2476ms
2026-08-08 20:10:00.677 +05:30 [INF] Request starting HTTP/1.1 GET http://localhost:5000/api/users - null null
2026-08-08 20:10:00.678 +05:30 [INF] Executing endpoint 'Billing.API.Controllers.UsersController.GetUsers (Billing.API)'
2026-08-08 20:10:00.678 +05:30 [INF] Route matched with {action = "GetUsers", controller = "Users"}. Executing controller action with signature System.Threading.Tasks.Task`1[Microsoft.AspNetCore.Mvc.IActionResult] GetUsers(System.Threading.CancellationToken) on controller Billing.API.Controllers.UsersController (Billing.API).
2026-08-08 20:10:00.679 +05:30 [INF] Handling GetUsersQuery
2026-08-08 20:10:00.730 +05:30 [INF] Handled GetUsersQuery in 51ms
2026-08-08 20:10:00.730 +05:30 [INF] Executing OkObjectResult, writing value of type 'Billing.Shared.Results.Result`1[[System.Collections.Generic.IReadOnlyList`1[[Billing.Application.DTOs.Users.UserDto, Billing.Application, Version=1.0.0.0, Culture=neutral, PublicKeyToken=null]], System.Private.CoreLib, Version=9.0.0.0, Culture=neutral, PublicKeyToken=7cec85d7bea7798e]]'.
2026-08-08 20:10:00.731 +05:30 [INF] Executed action Billing.API.Controllers.UsersController.GetUsers (Billing.API) in 52.6681ms
2026-08-08 20:10:00.731 +05:30 [INF] Executed endpoint 'Billing.API.Controllers.UsersController.GetUsers (Billing.API)'
2026-08-08 20:10:00.731 +05:30 [INF] HTTP GET /api/users responded 200 in 53.3645 ms
2026-08-08 20:10:00.731 +05:30 [INF] Request finished HTTP/1.1 GET http://localhost:5000/api/users - 200 null application/json; charset=utf-8 53.4709ms
2026-08-08 20:10:47.230 +05:30 [INF] Request starting HTTP/1.1 GET http://localhost:5000/api/users - null null
2026-08-08 20:10:47.231 +05:30 [INF] Executing endpoint 'Billing.API.Controllers.UsersController.GetUsers (Billing.API)'
2026-08-08 20:10:47.231 +05:30 [INF] Route matched with {action = "GetUsers", controller = "Users"}. Executing controller action with signature System.Threading.Tasks.Task`1[Microsoft.AspNetCore.Mvc.IActionResult] GetUsers(System.Threading.CancellationToken) on controller Billing.API.Controllers.UsersController (Billing.API).
2026-08-08 20:10:47.234 +05:30 [INF] Handling GetUsersQuery
2026-08-08 20:10:47.286 +05:30 [INF] Handled GetUsersQuery in 51ms
2026-08-08 20:10:47.286 +05:30 [INF] Executing OkObjectResult, writing value of type 'Billing.Shared.Results.Result`1[[System.Collections.Generic.IReadOnlyList`1[[Billing.Application.DTOs.Users.UserDto, Billing.Application, Version=1.0.0.0, Culture=neutral, PublicKeyToken=null]], System.Private.CoreLib, Version=9.0.0.0, Culture=neutral, PublicKeyToken=7cec85d7bea7798e]]'.
2026-08-08 20:10:47.287 +05:30 [INF] Executed action Billing.API.Controllers.UsersController.GetUsers (Billing.API) in 55.3127ms
2026-08-08 20:10:47.287 +05:30 [INF] Executed endpoint 'Billing.API.Controllers.UsersController.GetUsers (Billing.API)'
2026-08-08 20:10:47.287 +05:30 [INF] HTTP GET /api/users responded 200 in 56.4859 ms
2026-08-08 20:10:47.287 +05:30 [INF] Request finished HTTP/1.1 GET http://localhost:5000/api/users - 200 null application/json; charset=utf-8 57.0203ms
2026-08-08 20:11:00.207 +05:30 [INF] Request starting HTTP/1.1 GET http://localhost:5000/api/users - null null
2026-08-08 20:11:00.208 +05:30 [INF] Executing endpoint 'Billing.API.Controllers.UsersController.GetUsers (Billing.API)'
2026-08-08 20:11:00.208 +05:30 [INF] Route matched with {action = "GetUsers", controller = "Users"}. Executing controller action with signature System.Threading.Tasks.Task`1[Microsoft.AspNetCore.Mvc.IActionResult] GetUsers(System.Threading.CancellationToken) on controller Billing.API.Controllers.UsersController (Billing.API).
2026-08-08 20:11:00.208 +05:30 [INF] Handling GetUsersQuery
2026-08-08 20:11:00.255 +05:30 [INF] Handled GetUsersQuery in 46ms
2026-08-08 20:11:00.255 +05:30 [INF] Executing OkObjectResult, writing value of type 'Billing.Shared.Results.Result`1[[System.Collections.Generic.IReadOnlyList`1[[Billing.Application.DTOs.Users.UserDto, Billing.Application, Version=1.0.0.0, Culture=neutral, PublicKeyToken=null]], System.Private.CoreLib, Version=9.0.0.0, Culture=neutral, PublicKeyToken=7cec85d7bea7798e]]'.
2026-08-08 20:11:00.255 +05:30 [INF] Executed action Billing.API.Controllers.UsersController.GetUsers (Billing.API) in 47.2433ms
2026-08-08 20:11:00.255 +05:30 [INF] Executed endpoint 'Billing.API.Controllers.UsersController.GetUsers (Billing.API)'
2026-08-08 20:11:00.255 +05:30 [INF] HTTP GET /api/users responded 200 in 47.7363 ms
2026-08-08 20:11:00.255 +05:30 [INF] Request finished HTTP/1.1 GET http://localhost:5000/api/users - 200 null application/json; charset=utf-8 47.8878ms
2026-08-08 20:12:14.419 +05:30 [INF] User profile is available. Using 'C:\Users\susha\AppData\Local\ASP.NET\DataProtection-Keys' as key repository and Windows DPAPI to encrypt keys at rest.
2026-08-08 20:12:14.581 +05:30 [INF] Now listening on: http://localhost:5000
2026-08-08 20:12:14.584 +05:30 [INF] Application started. Press Ctrl+C to shut down.
2026-08-08 20:12:14.584 +05:30 [INF] Hosting environment: Development
2026-08-08 20:12:14.584 +05:30 [INF] Content root path: D:\Projects\ERP\NewShop\src\Billing.API
2026-08-08 20:13:35.727 +05:30 [INF] Request starting HTTP/1.1 POST http://localhost:5000/api/auth/login - application/json 59
2026-08-08 20:13:35.765 +05:30 [INF] CORS policy execution successful.
2026-08-08 20:13:35.819 +05:30 [INF] Executing endpoint 'Billing.API.Controllers.AuthController.Login (Billing.API)'
2026-08-08 20:13:35.851 +05:30 [INF] Route matched with {action = "Login", controller = "Auth"}. Executing controller action with signature System.Threading.Tasks.Task`1[Microsoft.AspNetCore.Mvc.IActionResult] Login(Billing.Application.DTOs.Auth.LoginRequest, System.Threading.CancellationToken) on controller Billing.API.Controllers.AuthController (Billing.API).
2026-08-08 20:13:36.804 +05:30 [INF] Executing UnprocessableEntityObjectResult, writing value of type 'Billing.Shared.Results.Result`1[[Billing.Application.DTOs.Auth.LoginResponse, Billing.Application, Version=1.0.0.0, Culture=neutral, PublicKeyToken=null]]'.
2026-08-08 20:13:36.848 +05:30 [INF] Executed action Billing.API.Controllers.AuthController.Login (Billing.API) in 992.8102ms
2026-08-08 20:13:36.849 +05:30 [INF] Executed endpoint 'Billing.API.Controllers.AuthController.Login (Billing.API)'
2026-08-08 20:13:36.853 +05:30 [INF] HTTP POST /api/auth/login responded 422 in 1090.6063 ms
2026-08-08 20:13:36.855 +05:30 [INF] Request finished HTTP/1.1 POST http://localhost:5000/api/auth/login - 422 null application/json; charset=utf-8 1130.8792ms
2026-08-08 20:13:38.667 +05:30 [INF] Request starting HTTP/1.1 POST http://localhost:5000/api/auth/login - application/json 59
2026-08-08 20:13:38.678 +05:30 [INF] CORS policy execution successful.
2026-08-08 20:13:38.683 +05:30 [INF] Executing endpoint 'Billing.API.Controllers.AuthController.Login (Billing.API)'
2026-08-08 20:13:38.684 +05:30 [INF] Route matched with {action = "Login", controller = "Auth"}. Executing controller action with signature System.Threading.Tasks.Task`1[Microsoft.AspNetCore.Mvc.IActionResult] Login(Billing.Application.DTOs.Auth.LoginRequest, System.Threading.CancellationToken) on controller Billing.API.Controllers.AuthController (Billing.API).
2026-08-08 20:13:38.747 +05:30 [INF] Executing UnprocessableEntityObjectResult, writing value of type 'Billing.Shared.Results.Result`1[[Billing.Application.DTOs.Auth.LoginResponse, Billing.Application, Version=1.0.0.0, Culture=neutral, PublicKeyToken=null]]'.
2026-08-08 20:13:38.749 +05:30 [INF] Executed action Billing.API.Controllers.AuthController.Login (Billing.API) in 65.3976ms
2026-08-08 20:13:38.750 +05:30 [INF] Executed endpoint 'Billing.API.Controllers.AuthController.Login (Billing.API)'
2026-08-08 20:13:38.751 +05:30 [INF] HTTP POST /api/auth/login responded 422 in 73.7234 ms
2026-08-08 20:13:38.751 +05:30 [INF] Request finished HTTP/1.1 POST http://localhost:5000/api/auth/login - 422 null application/json; charset=utf-8 83.9774ms
2026-08-08 20:13:48.415 +05:30 [INF] Request starting HTTP/1.1 POST http://localhost:5000/api/auth/login - application/json 59
2026-08-08 20:13:48.415 +05:30 [INF] CORS policy execution successful.
2026-08-08 20:13:48.424 +05:30 [INF] Executing endpoint 'Billing.API.Controllers.AuthController.Login (Billing.API)'
2026-08-08 20:13:48.424 +05:30 [INF] Route matched with {action = "Login", controller = "Auth"}. Executing controller action with signature System.Threading.Tasks.Task`1[Microsoft.AspNetCore.Mvc.IActionResult] Login(Billing.Application.DTOs.Auth.LoginRequest, System.Threading.CancellationToken) on controller Billing.API.Controllers.AuthController (Billing.API).
2026-08-08 20:13:48.579 +05:30 [INF] Executing UnprocessableEntityObjectResult, writing value of type 'Billing.Shared.Results.Result`1[[Billing.Application.DTOs.Auth.LoginResponse, Billing.Application, Version=1.0.0.0, Culture=neutral, PublicKeyToken=null]]'.
2026-08-08 20:13:48.580 +05:30 [INF] Executed action Billing.API.Controllers.AuthController.Login (Billing.API) in 155.7198ms
2026-08-08 20:13:48.580 +05:30 [INF] Executed endpoint 'Billing.API.Controllers.AuthController.Login (Billing.API)'
2026-08-08 20:13:48.581 +05:30 [INF] HTTP POST /api/auth/login responded 422 in 165.8948 ms
2026-08-08 20:13:48.581 +05:30 [INF] Request finished HTTP/1.1 POST http://localhost:5000/api/auth/login - 422 null application/json; charset=utf-8 166.3692ms
2026-08-08 20:13:49.358 +05:30 [INF] Request starting HTTP/1.1 POST http://localhost:5000/api/auth/login - application/json 59
2026-08-08 20:13:49.359 +05:30 [INF] CORS policy execution successful.
2026-08-08 20:13:49.360 +05:30 [INF] Executing endpoint 'Billing.API.Controllers.AuthController.Login (Billing.API)'
2026-08-08 20:13:49.360 +05:30 [INF] Route matched with {action = "Login", controller = "Auth"}. Executing controller action with signature System.Threading.Tasks.Task`1[Microsoft.AspNetCore.Mvc.IActionResult] Login(Billing.Application.DTOs.Auth.LoginRequest, System.Threading.CancellationToken) on controller Billing.API.Controllers.AuthController (Billing.API).
2026-08-08 20:13:49.380 +05:30 [INF] Executing UnprocessableEntityObjectResult, writing value of type 'Billing.Shared.Results.Result`1[[Billing.Application.DTOs.Auth.LoginResponse, Billing.Application, Version=1.0.0.0, Culture=neutral, PublicKeyToken=null]]'.
2026-08-08 20:13:49.380 +05:30 [INF] Executed action Billing.API.Controllers.AuthController.Login (Billing.API) in 20.7317ms
2026-08-08 20:13:49.381 +05:30 [INF] Executed endpoint 'Billing.API.Controllers.AuthController.Login (Billing.API)'
2026-08-08 20:13:49.381 +05:30 [INF] HTTP POST /api/auth/login responded 422 in 22.1553 ms
2026-08-08 20:13:49.382 +05:30 [INF] Request finished HTTP/1.1 POST http://localhost:5000/api/auth/login - 422 null application/json; charset=utf-8 23.1701ms
2026-08-08 20:14:00.046 +05:30 [INF] Request starting HTTP/1.1 POST http://localhost:5000/api/auth/forgot-password - application/json 37
2026-08-08 20:14:00.047 +05:30 [INF] CORS policy execution successful.
2026-08-08 20:14:00.047 +05:30 [INF] Executing endpoint 'Billing.API.Controllers.AuthController.ForgotPassword (Billing.API)'
2026-08-08 20:14:00.062 +05:30 [INF] Route matched with {action = "ForgotPassword", controller = "Auth"}. Executing controller action with signature System.Threading.Tasks.Task`1[Microsoft.AspNetCore.Mvc.IActionResult] ForgotPassword(Billing.Application.DTOs.Auth.ForgotPasswordRequest, System.Threading.CancellationToken) on controller Billing.API.Controllers.AuthController (Billing.API).
2026-08-08 20:14:00.096 +05:30 [INF] Executing OkObjectResult, writing value of type 'Billing.Shared.Results.Result`1[[System.String, System.Private.CoreLib, Version=9.0.0.0, Culture=neutral, PublicKeyToken=7cec85d7bea7798e]]'.
2026-08-08 20:14:00.100 +05:30 [INF] Executed action Billing.API.Controllers.AuthController.ForgotPassword (Billing.API) in 37.4372ms
2026-08-08 20:14:00.100 +05:30 [INF] Executed endpoint 'Billing.API.Controllers.AuthController.ForgotPassword (Billing.API)'
2026-08-08 20:14:00.100 +05:30 [INF] HTTP POST /api/auth/forgot-password responded 200 in 53.5694 ms
2026-08-08 20:14:00.100 +05:30 [INF] Request finished HTTP/1.1 POST http://localhost:5000/api/auth/forgot-password - 200 null application/json; charset=utf-8 54.4495ms
2026-08-08 20:15:14.884 +05:30 [INF] Request starting HTTP/1.1 POST http://localhost:5000/api/auth/login - application/json 58
2026-08-08 20:15:14.884 +05:30 [INF] CORS policy execution successful.
2026-08-08 20:15:14.884 +05:30 [INF] Executing endpoint 'Billing.API.Controllers.AuthController.Login (Billing.API)'
2026-08-08 20:15:14.884 +05:30 [INF] Route matched with {action = "Login", controller = "Auth"}. Executing controller action with signature System.Threading.Tasks.Task`1[Microsoft.AspNetCore.Mvc.IActionResult] Login(Billing.Application.DTOs.Auth.LoginRequest, System.Threading.CancellationToken) on controller Billing.API.Controllers.AuthController (Billing.API).
2026-08-08 20:15:15.193 +05:30 [INF] Executing OkObjectResult, writing value of type 'Billing.Shared.Results.Result`1[[Billing.Application.DTOs.Auth.LoginResponse, Billing.Application, Version=1.0.0.0, Culture=neutral, PublicKeyToken=null]]'.
2026-08-08 20:15:15.207 +05:30 [INF] Executed action Billing.API.Controllers.AuthController.Login (Billing.API) in 322.8527ms
2026-08-08 20:15:15.207 +05:30 [INF] Executed endpoint 'Billing.API.Controllers.AuthController.Login (Billing.API)'
2026-08-08 20:15:15.207 +05:30 [INF] HTTP POST /api/auth/login responded 200 in 323.5125 ms
2026-08-08 20:15:15.208 +05:30 [INF] Request finished HTTP/1.1 POST http://localhost:5000/api/auth/login - 200 null application/json; charset=utf-8 323.8932ms
2026-08-08 20:15:15.306 +05:30 [INF] Request starting HTTP/1.1 GET http://localhost:5000/api/dashboard?from=2026-07-09&to=2026-08-08 - null null
2026-08-08 20:15:15.361 +05:30 [INF] Executing endpoint 'Billing.API.Controllers.DashboardController.GetDashboard (Billing.API)'
2026-08-08 20:15:15.367 +05:30 [INF] Route matched with {action = "GetDashboard", controller = "Dashboard"}. Executing controller action with signature System.Threading.Tasks.Task`1[Microsoft.AspNetCore.Mvc.IActionResult] GetDashboard(System.Nullable`1[System.DateTime], System.Nullable`1[System.DateTime], System.Threading.CancellationToken) on controller Billing.API.Controllers.DashboardController (Billing.API).
2026-08-08 20:15:15.387 +05:30 [INF] Handling GetDashboardQuery
2026-08-08 20:15:23.712 +05:30 [WRN] Redis connection failed; falling back to in-memory cache.
StackExchange.Redis.RedisConnectionException: It was not possible to connect to the redis server(s). Error connecting right now. To allow this multiplexer to continue retrying until it's able to connect, use abortConnect=false in your connection string or AbortOnConnectFail=false; in your code.
   at StackExchange.Redis.ConnectionMultiplexer.ConnectImplAsync(ConfigurationOptions configuration, TextWriter writer, Nullable`1 serverType) in /_/src/StackExchange.Redis/ConnectionMultiplexer.cs:line 620
   at Billing.Infrastructure.Caching.RedisCacheService.GetDatabaseAsync() in D:\Projects\ERP\NewShop\src\Billing.Infrastructure\Caching\RedisCacheService.cs:line 44
2026-08-08 20:15:23.961 +05:30 [INF] Handled GetDashboardQuery in 8573ms
2026-08-08 20:15:23.961 +05:30 [INF] Executing OkObjectResult, writing value of type 'Billing.Shared.Results.Result`1[[Billing.Application.DTOs.DashboardDto, Billing.Application, Version=1.0.0.0, Culture=neutral, PublicKeyToken=null]]'.
2026-08-08 20:15:23.994 +05:30 [INF] Executed action Billing.API.Controllers.DashboardController.GetDashboard (Billing.API) in 8626.3528ms
2026-08-08 20:15:23.994 +05:30 [INF] Executed endpoint 'Billing.API.Controllers.DashboardController.GetDashboard (Billing.API)'
2026-08-08 20:15:23.994 +05:30 [INF] HTTP GET /api/dashboard responded 200 in 8687.8809 ms
2026-08-08 20:15:23.994 +05:30 [INF] Request finished HTTP/1.1 GET http://localhost:5000/api/dashboard?from=2026-07-09&to=2026-08-08 - 200 null application/json; charset=utf-8 8688.174ms
2026-08-08 20:16:32.619 +05:30 [INF] Request starting HTTP/1.1 GET http://localhost:5000/api/products?page=1&pageSize=10 - null null
2026-08-08 20:16:32.624 +05:30 [INF] Executing endpoint 'Billing.API.Controllers.ProductsController.GetProducts (Billing.API)'
2026-08-08 20:16:32.636 +05:30 [INF] Route matched with {action = "GetProducts", controller = "Products"}. Executing controller action with signature System.Threading.Tasks.Task`1[Microsoft.AspNetCore.Mvc.IActionResult] GetProducts(Int32, Int32, System.String, System.String, Boolean, System.Threading.CancellationToken) on controller Billing.API.Controllers.ProductsController (Billing.API).
2026-08-08 20:16:32.645 +05:30 [INF] Handling GetProductsQuery
2026-08-08 20:16:32.932 +05:30 [INF] Handled GetProductsQuery in 287ms
2026-08-08 20:16:32.932 +05:30 [INF] Executing OkObjectResult, writing value of type 'Billing.Shared.Results.Result`1[[Billing.Application.Common.PagedResult`1[[Billing.Application.DTOs.Products.ProductDto, Billing.Application, Version=1.0.0.0, Culture=neutral, PublicKeyToken=null]], Billing.Application, Version=1.0.0.0, Culture=neutral, PublicKeyToken=null]]'.
2026-08-08 20:16:32.961 +05:30 [INF] Executed action Billing.API.Controllers.ProductsController.GetProducts (Billing.API) in 325.2378ms
2026-08-08 20:16:32.961 +05:30 [INF] Executed endpoint 'Billing.API.Controllers.ProductsController.GetProducts (Billing.API)'
2026-08-08 20:16:32.961 +05:30 [INF] HTTP GET /api/products responded 200 in 341.5492 ms
2026-08-08 20:16:32.962 +05:30 [INF] Request finished HTTP/1.1 GET http://localhost:5000/api/products?page=1&pageSize=10 - 200 null application/json; charset=utf-8 341.994ms
2026-08-08 20:16:35.601 +05:30 [INF] Request starting HTTP/1.1 GET http://localhost:5000/api/customers?page=1&pageSize=10 - null null
2026-08-08 20:16:35.606 +05:30 [INF] Executing endpoint 'Billing.API.Controllers.CustomersController.GetCustomers (Billing.API)'
2026-08-08 20:16:35.613 +05:30 [INF] Route matched with {action = "GetCustomers", controller = "Customers"}. Executing controller action with signature System.Threading.Tasks.Task`1[Microsoft.AspNetCore.Mvc.IActionResult] GetCustomers(Int32, Int32, System.String, System.Threading.CancellationToken) on controller Billing.API.Controllers.CustomersController (Billing.API).
2026-08-08 20:16:35.618 +05:30 [INF] Handling GetCustomersQuery
2026-08-08 20:16:35.664 +05:30 [INF] Handled GetCustomersQuery in 45ms
2026-08-08 20:16:35.664 +05:30 [INF] Executing OkObjectResult, writing value of type 'Billing.Shared.Results.Result`1[[Billing.Application.Common.PagedResult`1[[Billing.Application.DTOs.CustomerDto, Billing.Application, Version=1.0.0.0, Culture=neutral, PublicKeyToken=null]], Billing.Application, Version=1.0.0.0, Culture=neutral, PublicKeyToken=null]]'.
2026-08-08 20:16:35.676 +05:30 [INF] Executed action Billing.API.Controllers.CustomersController.GetCustomers (Billing.API) in 62.8862ms
2026-08-08 20:16:35.676 +05:30 [INF] Executed endpoint 'Billing.API.Controllers.CustomersController.GetCustomers (Billing.API)'
2026-08-08 20:16:35.676 +05:30 [INF] HTTP GET /api/customers responded 200 in 74.7399 ms
2026-08-08 20:16:35.676 +05:30 [INF] Request finished HTTP/1.1 GET http://localhost:5000/api/customers?page=1&pageSize=10 - 200 null application/json; charset=utf-8 74.991ms
2026-08-08 20:16:38.231 +05:30 [INF] Request starting HTTP/1.1 GET http://localhost:5000/api/suppliers?page=1&pageSize=10 - null null
2026-08-08 20:16:38.232 +05:30 [INF] Executing endpoint 'Billing.API.Controllers.SuppliersController.GetSuppliers (Billing.API)'
2026-08-08 20:16:38.243 +05:30 [INF] Route matched with {action = "GetSuppliers", controller = "Suppliers"}. Executing controller action with signature System.Threading.Tasks.Task`1[Microsoft.AspNetCore.Mvc.IActionResult] GetSuppliers(Int32, Int32, System.String, System.Threading.CancellationToken) on controller Billing.API.Controllers.SuppliersController (Billing.API).
2026-08-08 20:16:38.249 +05:30 [INF] Handling GetSuppliersQuery
2026-08-08 20:16:38.280 +05:30 [INF] Handled GetSuppliersQuery in 30ms
2026-08-08 20:16:38.280 +05:30 [INF] Executing OkObjectResult, writing value of type 'Billing.Shared.Results.Result`1[[Billing.Application.Common.PagedResult`1[[Billing.Application.DTOs.SupplierDto, Billing.Application, Version=1.0.0.0, Culture=neutral, PublicKeyToken=null]], Billing.Application, Version=1.0.0.0, Culture=neutral, PublicKeyToken=null]]'.
2026-08-08 20:16:38.290 +05:30 [INF] Executed action Billing.API.Controllers.SuppliersController.GetSuppliers (Billing.API) in 46.8409ms
2026-08-08 20:16:38.290 +05:30 [INF] Executed endpoint 'Billing.API.Controllers.SuppliersController.GetSuppliers (Billing.API)'
2026-08-08 20:16:38.290 +05:30 [INF] HTTP GET /api/suppliers responded 200 in 58.4097 ms
2026-08-08 20:16:38.290 +05:30 [INF] Request finished HTTP/1.1 GET http://localhost:5000/api/suppliers?page=1&pageSize=10 - 200 null application/json; charset=utf-8 58.6959ms
2026-08-08 20:16:39.258 +05:30 [INF] Request starting HTTP/1.1 GET http://localhost:5000/api/suppliers?page=1&pageSize=1000 - null null
2026-08-08 20:16:39.258 +05:30 [INF] Request starting HTTP/1.1 GET http://localhost:5000/api/purchases?page=1&pageSize=10 - null null
2026-08-08 20:16:39.259 +05:30 [INF] Executing endpoint 'Billing.API.Controllers.PurchasesController.GetPurchases (Billing.API)'
2026-08-08 20:16:39.259 +05:30 [INF] Executing endpoint 'Billing.API.Controllers.SuppliersController.GetSuppliers (Billing.API)'
2026-08-08 20:16:39.259 +05:30 [INF] Route matched with {action = "GetSuppliers", controller = "Suppliers"}. Executing controller action with signature System.Threading.Tasks.Task`1[Microsoft.AspNetCore.Mvc.IActionResult] GetSuppliers(Int32, Int32, System.String, System.Threading.CancellationToken) on controller Billing.API.Controllers.SuppliersController (Billing.API).
2026-08-08 20:16:39.260 +05:30 [INF] Handling GetSuppliersQuery
2026-08-08 20:16:39.264 +05:30 [INF] Route matched with {action = "GetPurchases", controller = "Purchases"}. Executing controller action with signature System.Threading.Tasks.Task`1[Microsoft.AspNetCore.Mvc.IActionResult] GetPurchases(Int32, Int32, System.Threading.CancellationToken) on controller Billing.API.Controllers.PurchasesController (Billing.API).
2026-08-08 20:16:39.268 +05:30 [INF] Handling GetPurchasesQuery
2026-08-08 20:16:39.292 +05:30 [INF] Handled GetSuppliersQuery in 31ms
2026-08-08 20:16:39.292 +05:30 [INF] Executing OkObjectResult, writing value of type 'Billing.Shared.Results.Result`1[[Billing.Application.Common.PagedResult`1[[Billing.Application.DTOs.SupplierDto, Billing.Application, Version=1.0.0.0, Culture=neutral, PublicKeyToken=null]], Billing.Application, Version=1.0.0.0, Culture=neutral, PublicKeyToken=null]]'.
2026-08-08 20:16:39.292 +05:30 [INF] Executed action Billing.API.Controllers.SuppliersController.GetSuppliers (Billing.API) in 33.1583ms
2026-08-08 20:16:39.292 +05:30 [INF] Executed endpoint 'Billing.API.Controllers.SuppliersController.GetSuppliers (Billing.API)'
2026-08-08 20:16:39.293 +05:30 [INF] HTTP GET /api/suppliers responded 200 in 34.4523 ms
2026-08-08 20:16:39.293 +05:30 [INF] Request finished HTTP/1.1 GET http://localhost:5000/api/suppliers?page=1&pageSize=1000 - 200 null application/json; charset=utf-8 34.8203ms
2026-08-08 20:16:39.336 +05:30 [INF] Handled GetPurchasesQuery in 68ms
2026-08-08 20:16:39.337 +05:30 [INF] Executing OkObjectResult, writing value of type 'Billing.Shared.Results.Result`1[[Billing.Application.Common.PagedResult`1[[Billing.Application.DTOs.PurchaseDto, Billing.Application, Version=1.0.0.0, Culture=neutral, PublicKeyToken=null]], Billing.Application, Version=1.0.0.0, Culture=neutral, PublicKeyToken=null]]'.
2026-08-08 20:16:39.372 +05:30 [INF] Executed action Billing.API.Controllers.PurchasesController.GetPurchases (Billing.API) in 108.1093ms
2026-08-08 20:16:39.373 +05:30 [INF] Executed endpoint 'Billing.API.Controllers.PurchasesController.GetPurchases (Billing.API)'
2026-08-08 20:16:39.373 +05:30 [INF] HTTP GET /api/purchases responded 200 in 114.5131 ms
2026-08-08 20:16:39.373 +05:30 [INF] Request finished HTTP/1.1 GET http://localhost:5000/api/purchases?page=1&pageSize=10 - 200 null application/json; charset=utf-8 114.7286ms
2026-08-08 20:16:41.085 +05:30 [INF] Request starting HTTP/1.1 GET http://localhost:5000/api/users - null null
2026-08-08 20:16:41.086 +05:30 [INF] Executing endpoint 'Billing.API.Controllers.UsersController.GetUsers (Billing.API)'
2026-08-08 20:16:41.092 +05:30 [INF] Route matched with {action = "GetUsers", controller = "Users"}. Executing controller action with signature System.Threading.Tasks.Task`1[Microsoft.AspNetCore.Mvc.IActionResult] GetUsers(System.Threading.CancellationToken) on controller Billing.API.Controllers.UsersController (Billing.API).
2026-08-08 20:16:41.097 +05:30 [INF] Handling GetUsersQuery
2026-08-08 20:16:41.203 +05:30 [INF] Handled GetUsersQuery in 106ms
2026-08-08 20:16:41.204 +05:30 [INF] Executing OkObjectResult, writing value of type 'Billing.Shared.Results.Result`1[[System.Collections.Generic.IReadOnlyList`1[[Billing.Application.DTOs.Users.UserDto, Billing.Application, Version=1.0.0.0, Culture=neutral, PublicKeyToken=null]], System.Private.CoreLib, Version=9.0.0.0, Culture=neutral, PublicKeyToken=7cec85d7bea7798e]]'.
2026-08-08 20:16:41.224 +05:30 [INF] Executed action Billing.API.Controllers.UsersController.GetUsers (Billing.API) in 131.2038ms
2026-08-08 20:16:41.224 +05:30 [INF] Executed endpoint 'Billing.API.Controllers.UsersController.GetUsers (Billing.API)'
2026-08-08 20:16:41.224 +05:30 [INF] HTTP GET /api/users responded 200 in 138.9985 ms
2026-08-08 20:16:41.224 +05:30 [INF] Request finished HTTP/1.1 GET http://localhost:5000/api/users - 200 null application/json; charset=utf-8 139.1954ms
2026-08-08 20:16:41.905 +05:30 [INF] Request starting HTTP/1.1 GET http://localhost:5000/api/reports/profit-loss?from=2026-07-09&to=2026-08-08 - null null
2026-08-08 20:16:41.906 +05:30 [INF] Executing endpoint 'Billing.API.Controllers.ReportsController.GetProfitLoss (Billing.API)'
2026-08-08 20:16:41.923 +05:30 [INF] Route matched with {action = "GetProfitLoss", controller = "Reports"}. Executing controller action with signature System.Threading.Tasks.Task`1[Microsoft.AspNetCore.Mvc.IActionResult] GetProfitLoss(System.Nullable`1[System.DateTime], System.Nullable`1[System.DateTime], System.Threading.CancellationToken) on controller Billing.API.Controllers.ReportsController (Billing.API).
2026-08-08 20:16:41.929 +05:30 [INF] Handling GetProfitLossReportQuery
2026-08-08 20:16:42.021 +05:30 [INF] Handled GetProfitLossReportQuery in 92ms
2026-08-08 20:16:42.022 +05:30 [INF] Executing OkObjectResult, writing value of type 'Billing.Shared.Results.Result`1[[Billing.Application.DTOs.ProfitLossDto, Billing.Application, Version=1.0.0.0, Culture=neutral, PublicKeyToken=null]]'.
2026-08-08 20:16:42.030 +05:30 [INF] Executed action Billing.API.Controllers.ReportsController.GetProfitLoss (Billing.API) in 106.3167ms
2026-08-08 20:16:42.030 +05:30 [INF] Executed endpoint 'Billing.API.Controllers.ReportsController.GetProfitLoss (Billing.API)'
2026-08-08 20:16:42.030 +05:30 [INF] HTTP GET /api/reports/profit-loss responded 200 in 124.7106 ms
2026-08-08 20:16:42.030 +05:30 [INF] Request finished HTTP/1.1 GET http://localhost:5000/api/reports/profit-loss?from=2026-07-09&to=2026-08-08 - 200 null application/json; charset=utf-8 124.972ms
2026-08-08 20:17:11.427 +05:30 [INF] Request starting HTTP/1.1 GET http://localhost:5000/api/sales?page=1&pageSize=10 - null null
2026-08-08 20:17:11.428 +05:30 [INF] Executing endpoint 'Billing.API.Controllers.SalesController.GetSales (Billing.API)'
2026-08-08 20:17:11.441 +05:30 [INF] Route matched with {action = "GetSales", controller = "Sales"}. Executing controller action with signature System.Threading.Tasks.Task`1[Microsoft.AspNetCore.Mvc.IActionResult] GetSales(System.Nullable`1[System.DateTime], System.Nullable`1[System.DateTime], Int32, Int32, System.Threading.CancellationToken) on controller Billing.API.Controllers.SalesController (Billing.API).
2026-08-08 20:17:11.447 +05:30 [INF] Handling GetSalesQuery
2026-08-08 20:17:11.503 +05:30 [INF] Handled GetSalesQuery in 56ms
2026-08-08 20:17:11.504 +05:30 [INF] Executing OkObjectResult, writing value of type 'Billing.Shared.Results.Result`1[[Billing.Application.Common.PagedResult`1[[Billing.Application.DTOs.Sales.SaleDto, Billing.Application, Version=1.0.0.0, Culture=neutral, PublicKeyToken=null]], Billing.Application, Version=1.0.0.0, Culture=neutral, PublicKeyToken=null]]'.
2026-08-08 20:17:11.552 +05:30 [INF] Executed action Billing.API.Controllers.SalesController.GetSales (Billing.API) in 110.9999ms
2026-08-08 20:17:11.552 +05:30 [INF] Executed endpoint 'Billing.API.Controllers.SalesController.GetSales (Billing.API)'
2026-08-08 20:17:11.552 +05:30 [INF] HTTP GET /api/sales responded 200 in 124.7917 ms
2026-08-08 20:17:11.552 +05:30 [INF] Request finished HTTP/1.1 GET http://localhost:5000/api/sales?page=1&pageSize=10 - 200 null application/json; charset=utf-8 125.046ms
2026-08-08 20:17:17.497 +05:30 [INF] Request starting HTTP/1.1 POST http://localhost:5000/api/auth/logout - application/json 1640
2026-08-08 20:17:17.497 +05:30 [INF] CORS policy execution successful.
2026-08-08 20:17:17.499 +05:30 [INF] Executing endpoint 'Billing.API.Controllers.AuthController.Logout (Billing.API)'
2026-08-08 20:17:17.507 +05:30 [INF] Route matched with {action = "Logout", controller = "Auth"}. Executing controller action with signature System.Threading.Tasks.Task`1[Microsoft.AspNetCore.Mvc.IActionResult] Logout(Billing.API.Controllers.RevokeRequest, System.Threading.CancellationToken) on controller Billing.API.Controllers.AuthController (Billing.API).
2026-08-08 20:17:17.589 +05:30 [INF] Executing OkObjectResult, writing value of type 'Billing.Shared.Results.Result'.
2026-08-08 20:17:17.591 +05:30 [INF] Executed action Billing.API.Controllers.AuthController.Logout (Billing.API) in 84.1826ms
2026-08-08 20:17:17.592 +05:30 [INF] Executed endpoint 'Billing.API.Controllers.AuthController.Logout (Billing.API)'
2026-08-08 20:17:17.592 +05:30 [INF] HTTP POST /api/auth/logout responded 200 in 94.6374 ms
2026-08-08 20:17:17.592 +05:30 [INF] Request finished HTTP/1.1 POST http://localhost:5000/api/auth/logout - 200 null application/json; charset=utf-8 94.9198ms
2026-08-08 20:17:33.794 +05:30 [INF] Request starting HTTP/1.1 POST http://localhost:5000/api/auth/login - application/json 59
2026-08-08 20:17:33.794 +05:30 [INF] CORS policy execution successful.
2026-08-08 20:17:33.795 +05:30 [INF] Executing endpoint 'Billing.API.Controllers.AuthController.Login (Billing.API)'
2026-08-08 20:17:33.795 +05:30 [INF] Route matched with {action = "Login", controller = "Auth"}. Executing controller action with signature System.Threading.Tasks.Task`1[Microsoft.AspNetCore.Mvc.IActionResult] Login(Billing.Application.DTOs.Auth.LoginRequest, System.Threading.CancellationToken) on controller Billing.API.Controllers.AuthController (Billing.API).
2026-08-08 20:17:33.835 +05:30 [INF] Executing UnprocessableEntityObjectResult, writing value of type 'Billing.Shared.Results.Result`1[[Billing.Application.DTOs.Auth.LoginResponse, Billing.Application, Version=1.0.0.0, Culture=neutral, PublicKeyToken=null]]'.
2026-08-08 20:17:33.836 +05:30 [INF] Executed action Billing.API.Controllers.AuthController.Login (Billing.API) in 40.761ms
2026-08-08 20:17:33.836 +05:30 [INF] Executed endpoint 'Billing.API.Controllers.AuthController.Login (Billing.API)'
2026-08-08 20:17:33.836 +05:30 [INF] HTTP POST /api/auth/login responded 422 in 41.5124 ms
2026-08-08 20:17:33.836 +05:30 [INF] Request finished HTTP/1.1 POST http://localhost:5000/api/auth/login - 422 null application/json; charset=utf-8 41.9646ms
2026-08-08 20:19:23.475 +05:30 [INF] Request starting HTTP/1.1 POST http://localhost:5000/api/auth/login - application/json 59
2026-08-08 20:19:23.475 +05:30 [INF] CORS policy execution successful.
2026-08-08 20:19:23.475 +05:30 [INF] Executing endpoint 'Billing.API.Controllers.AuthController.Login (Billing.API)'
2026-08-08 20:19:23.476 +05:30 [INF] Route matched with {action = "Login", controller = "Auth"}. Executing controller action with signature System.Threading.Tasks.Task`1[Microsoft.AspNetCore.Mvc.IActionResult] Login(Billing.Application.DTOs.Auth.LoginRequest, System.Threading.CancellationToken) on controller Billing.API.Controllers.AuthController (Billing.API).
2026-08-08 20:19:23.499 +05:30 [INF] Executing UnprocessableEntityObjectResult, writing value of type 'Billing.Shared.Results.Result`1[[Billing.Application.DTOs.Auth.LoginResponse, Billing.Application, Version=1.0.0.0, Culture=neutral, PublicKeyToken=null]]'.
2026-08-08 20:19:23.500 +05:30 [INF] Executed action Billing.API.Controllers.AuthController.Login (Billing.API) in 24.3011ms
2026-08-08 20:19:23.500 +05:30 [INF] Executed endpoint 'Billing.API.Controllers.AuthController.Login (Billing.API)'
2026-08-08 20:19:23.500 +05:30 [INF] HTTP POST /api/auth/login responded 422 in 24.9934 ms
2026-08-08 20:19:23.500 +05:30 [INF] Request finished HTTP/1.1 POST http://localhost:5000/api/auth/login - 422 null application/json; charset=utf-8 25.4815ms
2026-08-08 20:19:25.281 +05:30 [INF] Request starting HTTP/1.1 POST http://localhost:5000/api/auth/login - application/json 59
2026-08-08 20:19:25.281 +05:30 [INF] CORS policy execution successful.
2026-08-08 20:19:25.282 +05:30 [INF] Executing endpoint 'Billing.API.Controllers.AuthController.Login (Billing.API)'
2026-08-08 20:19:25.282 +05:30 [INF] Route matched with {action = "Login", controller = "Auth"}. Executing controller action with signature System.Threading.Tasks.Task`1[Microsoft.AspNetCore.Mvc.IActionResult] Login(Billing.Application.DTOs.Auth.LoginRequest, System.Threading.CancellationToken) on controller Billing.API.Controllers.AuthController (Billing.API).
2026-08-08 20:19:25.319 +05:30 [INF] Executing UnprocessableEntityObjectResult, writing value of type 'Billing.Shared.Results.Result`1[[Billing.Application.DTOs.Auth.LoginResponse, Billing.Application, Version=1.0.0.0, Culture=neutral, PublicKeyToken=null]]'.
2026-08-08 20:19:25.319 +05:30 [INF] Executed action Billing.API.Controllers.AuthController.Login (Billing.API) in 37.0908ms
2026-08-08 20:19:25.319 +05:30 [INF] Executed endpoint 'Billing.API.Controllers.AuthController.Login (Billing.API)'
2026-08-08 20:19:25.319 +05:30 [INF] HTTP POST /api/auth/login responded 422 in 37.7234 ms
2026-08-08 20:19:25.319 +05:30 [INF] Request finished HTTP/1.1 POST http://localhost:5000/api/auth/login - 422 null application/json; charset=utf-8 37.9197ms
2026-08-08 20:20:32.629 +05:30 [INF] User profile is available. Using 'C:\Users\susha\AppData\Local\ASP.NET\DataProtection-Keys' as key repository and Windows DPAPI to encrypt keys at rest.
2026-08-08 20:20:32.748 +05:30 [INF] Now listening on: http://localhost:5000
2026-08-08 20:20:32.751 +05:30 [INF] Application started. Press Ctrl+C to shut down.
2026-08-08 20:20:32.752 +05:30 [INF] Hosting environment: Development
2026-08-08 20:20:32.752 +05:30 [INF] Content root path: D:\Projects\ERP\NewShop\src\Billing.API
2026-08-08 20:20:56.487 +05:30 [INF] Request starting HTTP/1.1 POST http://localhost:5000/api/auth/login - application/json 59
2026-08-08 20:20:56.561 +05:30 [INF] CORS policy execution successful.
2026-08-08 20:20:56.669 +05:30 [INF] Executing endpoint 'Billing.API.Controllers.AuthController.Login (Billing.API)'
2026-08-08 20:20:56.704 +05:30 [INF] Route matched with {action = "Login", controller = "Auth"}. Executing controller action with signature System.Threading.Tasks.Task`1[Microsoft.AspNetCore.Mvc.IActionResult] Login(Billing.Application.DTOs.Auth.LoginRequest, System.Threading.CancellationToken) on controller Billing.API.Controllers.AuthController (Billing.API).
2026-08-08 20:20:57.345 +05:30 [INF] Executing UnprocessableEntityObjectResult, writing value of type 'Billing.Shared.Results.Result`1[[Billing.Application.DTOs.Auth.LoginResponse, Billing.Application, Version=1.0.0.0, Culture=neutral, PublicKeyToken=null]]'.
2026-08-08 20:20:57.394 +05:30 [INF] Executed action Billing.API.Controllers.AuthController.Login (Billing.API) in 685.7204ms
2026-08-08 20:20:57.394 +05:30 [INF] Executed endpoint 'Billing.API.Controllers.AuthController.Login (Billing.API)'
2026-08-08 20:20:57.398 +05:30 [INF] HTTP POST /api/auth/login responded 422 in 844.6698 ms
2026-08-08 20:20:57.401 +05:30 [INF] Request finished HTTP/1.1 POST http://localhost:5000/api/auth/login - 422 null application/json; charset=utf-8 918.5086ms
2026-08-08 20:22:31.249 +05:30 [INF] Request starting HTTP/1.1 POST http://localhost:5000/api/auth/login - application/json 59
2026-08-08 20:22:31.263 +05:30 [INF] CORS policy execution successful.
2026-08-08 20:22:31.273 +05:30 [INF] Executing endpoint 'Billing.API.Controllers.AuthController.Login (Billing.API)'
2026-08-08 20:22:31.277 +05:30 [INF] Route matched with {action = "Login", controller = "Auth"}. Executing controller action with signature System.Threading.Tasks.Task`1[Microsoft.AspNetCore.Mvc.IActionResult] Login(Billing.Application.DTOs.Auth.LoginRequest, System.Threading.CancellationToken) on controller Billing.API.Controllers.AuthController (Billing.API).
2026-08-08 20:22:31.334 +05:30 [INF] Executing UnprocessableEntityObjectResult, writing value of type 'Billing.Shared.Results.Result`1[[Billing.Application.DTOs.Auth.LoginResponse, Billing.Application, Version=1.0.0.0, Culture=neutral, PublicKeyToken=null]]'.
2026-08-08 20:22:31.336 +05:30 [INF] Executed action Billing.API.Controllers.AuthController.Login (Billing.API) in 58.2982ms
2026-08-08 20:22:31.336 +05:30 [INF] Executed endpoint 'Billing.API.Controllers.AuthController.Login (Billing.API)'
2026-08-08 20:22:31.336 +05:30 [INF] HTTP POST /api/auth/login responded 422 in 75.2309 ms
2026-08-08 20:22:31.336 +05:30 [INF] Request finished HTTP/1.1 POST http://localhost:5000/api/auth/login - 422 null application/json; charset=utf-8 88.2101ms
2026-08-08 20:22:55.863 +05:30 [INF] Request starting HTTP/1.1 POST http://localhost:5000/api/auth/login - application/json 59
2026-08-08 20:22:55.864 +05:30 [INF] CORS policy execution successful.
2026-08-08 20:22:55.874 +05:30 [INF] Executing endpoint 'Billing.API.Controllers.AuthController.Login (Billing.API)'
2026-08-08 20:22:55.874 +05:30 [INF] Route matched with {action = "Login", controller = "Auth"}. Executing controller action with signature System.Threading.Tasks.Task`1[Microsoft.AspNetCore.Mvc.IActionResult] Login(Billing.Application.DTOs.Auth.LoginRequest, System.Threading.CancellationToken) on controller Billing.API.Controllers.AuthController (Billing.API).
2026-08-08 20:22:55.913 +05:30 [INF] Executing UnprocessableEntityObjectResult, writing value of type 'Billing.Shared.Results.Result`1[[Billing.Application.DTOs.Auth.LoginResponse, Billing.Application, Version=1.0.0.0, Culture=neutral, PublicKeyToken=null]]'.
2026-08-08 20:22:55.914 +05:30 [INF] Executed action Billing.API.Controllers.AuthController.Login (Billing.API) in 39.1691ms
2026-08-08 20:22:55.914 +05:30 [INF] Executed endpoint 'Billing.API.Controllers.AuthController.Login (Billing.API)'
2026-08-08 20:22:55.914 +05:30 [INF] HTTP POST /api/auth/login responded 422 in 50.3874 ms
2026-08-08 20:22:55.914 +05:30 [INF] Request finished HTTP/1.1 POST http://localhost:5000/api/auth/login - 422 null application/json; charset=utf-8 50.7065ms
2026-08-08 20:23:09.417 +05:30 [INF] Request starting HTTP/1.1 POST http://localhost:5000/api/auth/login - application/json 59
2026-08-08 20:23:09.418 +05:30 [INF] CORS policy execution successful.
2026-08-08 20:23:09.419 +05:30 [INF] Executing endpoint 'Billing.API.Controllers.AuthController.Login (Billing.API)'
2026-08-08 20:23:09.419 +05:30 [INF] Route matched with {action = "Login", controller = "Auth"}. Executing controller action with signature System.Threading.Tasks.Task`1[Microsoft.AspNetCore.Mvc.IActionResult] Login(Billing.Application.DTOs.Auth.LoginRequest, System.Threading.CancellationToken) on controller Billing.API.Controllers.AuthController (Billing.API).
2026-08-08 20:23:09.565 +05:30 [INF] Executing UnprocessableEntityObjectResult, writing value of type 'Billing.Shared.Results.Result`1[[Billing.Application.DTOs.Auth.LoginResponse, Billing.Application, Version=1.0.0.0, Culture=neutral, PublicKeyToken=null]]'.
2026-08-08 20:23:09.566 +05:30 [INF] Executed action Billing.API.Controllers.AuthController.Login (Billing.API) in 146.7308ms
2026-08-08 20:23:09.566 +05:30 [INF] Executed endpoint 'Billing.API.Controllers.AuthController.Login (Billing.API)'
2026-08-08 20:23:09.567 +05:30 [INF] HTTP POST /api/auth/login responded 422 in 148.4590 ms
2026-08-08 20:23:09.567 +05:30 [INF] Request finished HTTP/1.1 POST http://localhost:5000/api/auth/login - 422 null application/json; charset=utf-8 149.4323ms
2026-08-08 20:23:18.152 +05:30 [INF] Request starting HTTP/1.1 POST http://localhost:5000/api/auth/login - application/json 60
2026-08-08 20:23:18.153 +05:30 [INF] CORS policy execution successful.
2026-08-08 20:23:18.153 +05:30 [INF] Executing endpoint 'Billing.API.Controllers.AuthController.Login (Billing.API)'
2026-08-08 20:23:18.153 +05:30 [INF] Route matched with {action = "Login", controller = "Auth"}. Executing controller action with signature System.Threading.Tasks.Task`1[Microsoft.AspNetCore.Mvc.IActionResult] Login(Billing.Application.DTOs.Auth.LoginRequest, System.Threading.CancellationToken) on controller Billing.API.Controllers.AuthController (Billing.API).
2026-08-08 20:23:18.173 +05:30 [INF] Executing UnprocessableEntityObjectResult, writing value of type 'Billing.Shared.Results.Result`1[[Billing.Application.DTOs.Auth.LoginResponse, Billing.Application, Version=1.0.0.0, Culture=neutral, PublicKeyToken=null]]'.
2026-08-08 20:23:18.174 +05:30 [INF] Executed action Billing.API.Controllers.AuthController.Login (Billing.API) in 20.5806ms
2026-08-08 20:23:18.174 +05:30 [INF] Executed endpoint 'Billing.API.Controllers.AuthController.Login (Billing.API)'
2026-08-08 20:23:18.174 +05:30 [INF] HTTP POST /api/auth/login responded 422 in 21.2013 ms
2026-08-08 20:23:18.174 +05:30 [INF] Request finished HTTP/1.1 POST http://localhost:5000/api/auth/login - 422 null application/json; charset=utf-8 21.5486ms
2026-08-08 20:23:31.085 +05:30 [INF] Request starting HTTP/1.1 POST http://localhost:5000/api/auth/login - application/json 60
2026-08-08 20:23:31.085 +05:30 [INF] CORS policy execution successful.
2026-08-08 20:23:31.085 +05:30 [INF] Executing endpoint 'Billing.API.Controllers.AuthController.Login (Billing.API)'
2026-08-08 20:23:31.086 +05:30 [INF] Route matched with {action = "Login", controller = "Auth"}. Executing controller action with signature System.Threading.Tasks.Task`1[Microsoft.AspNetCore.Mvc.IActionResult] Login(Billing.Application.DTOs.Auth.LoginRequest, System.Threading.CancellationToken) on controller Billing.API.Controllers.AuthController (Billing.API).
2026-08-08 20:23:31.112 +05:30 [INF] Executing UnprocessableEntityObjectResult, writing value of type 'Billing.Shared.Results.Result`1[[Billing.Application.DTOs.Auth.LoginResponse, Billing.Application, Version=1.0.0.0, Culture=neutral, PublicKeyToken=null]]'.
2026-08-08 20:23:31.113 +05:30 [INF] Executed action Billing.API.Controllers.AuthController.Login (Billing.API) in 27.15ms
2026-08-08 20:23:31.113 +05:30 [INF] Executed endpoint 'Billing.API.Controllers.AuthController.Login (Billing.API)'
2026-08-08 20:23:31.113 +05:30 [INF] HTTP POST /api/auth/login responded 422 in 28.1483 ms
2026-08-08 20:23:31.114 +05:30 [INF] Request finished HTTP/1.1 POST http://localhost:5000/api/auth/login - 422 null application/json; charset=utf-8 28.7415ms
2026-08-08 20:23:31.936 +05:30 [INF] Request starting HTTP/1.1 POST http://localhost:5000/api/auth/login - application/json 60
2026-08-08 20:23:31.936 +05:30 [INF] CORS policy execution successful.
2026-08-08 20:23:31.937 +05:30 [INF] Executing endpoint 'Billing.API.Controllers.AuthController.Login (Billing.API)'
2026-08-08 20:23:31.937 +05:30 [INF] Route matched with {action = "Login", controller = "Auth"}. Executing controller action with signature System.Threading.Tasks.Task`1[Microsoft.AspNetCore.Mvc.IActionResult] Login(Billing.Application.DTOs.Auth.LoginRequest, System.Threading.CancellationToken) on controller Billing.API.Controllers.AuthController (Billing.API).
2026-08-08 20:23:31.962 +05:30 [INF] Executing UnprocessableEntityObjectResult, writing value of type 'Billing.Shared.Results.Result`1[[Billing.Application.DTOs.Auth.LoginResponse, Billing.Application, Version=1.0.0.0, Culture=neutral, PublicKeyToken=null]]'.
2026-08-08 20:23:31.962 +05:30 [INF] Executed action Billing.API.Controllers.AuthController.Login (Billing.API) in 25.48ms
2026-08-08 20:23:31.962 +05:30 [INF] Executed endpoint 'Billing.API.Controllers.AuthController.Login (Billing.API)'
2026-08-08 20:23:31.963 +05:30 [INF] HTTP POST /api/auth/login responded 422 in 26.2584 ms
2026-08-08 20:23:31.963 +05:30 [INF] Request finished HTTP/1.1 POST http://localhost:5000/api/auth/login - 422 null application/json; charset=utf-8 26.81ms
2026-08-08 20:24:01.393 +05:30 [INF] Request starting HTTP/1.1 POST http://localhost:5000/api/auth/login - application/json 60
2026-08-08 20:24:01.393 +05:30 [INF] CORS policy execution successful.
2026-08-08 20:24:01.394 +05:30 [INF] Executing endpoint 'Billing.API.Controllers.AuthController.Login (Billing.API)'
2026-08-08 20:24:01.394 +05:30 [INF] Route matched with {action = "Login", controller = "Auth"}. Executing controller action with signature System.Threading.Tasks.Task`1[Microsoft.AspNetCore.Mvc.IActionResult] Login(Billing.Application.DTOs.Auth.LoginRequest, System.Threading.CancellationToken) on controller Billing.API.Controllers.AuthController (Billing.API).
2026-08-08 20:24:01.415 +05:30 [INF] Executing UnprocessableEntityObjectResult, writing value of type 'Billing.Shared.Results.Result`1[[Billing.Application.DTOs.Auth.LoginResponse, Billing.Application, Version=1.0.0.0, Culture=neutral, PublicKeyToken=null]]'.
2026-08-08 20:24:01.416 +05:30 [INF] Executed action Billing.API.Controllers.AuthController.Login (Billing.API) in 22.2716ms
2026-08-08 20:24:01.416 +05:30 [INF] Executed endpoint 'Billing.API.Controllers.AuthController.Login (Billing.API)'
2026-08-08 20:24:01.416 +05:30 [INF] HTTP POST /api/auth/login responded 422 in 22.9756 ms
2026-08-08 20:24:01.416 +05:30 [INF] Request finished HTTP/1.1 POST http://localhost:5000/api/auth/login - 422 null application/json; charset=utf-8 23.2901ms
2026-08-08 20:25:36.437 +05:30 [INF] Request starting HTTP/1.1 POST http://localhost:5000/api/auth/login - application/json 60
2026-08-08 20:25:36.437 +05:30 [INF] CORS policy execution successful.
2026-08-08 20:25:36.438 +05:30 [INF] Executing endpoint 'Billing.API.Controllers.AuthController.Login (Billing.API)'
2026-08-08 20:25:36.438 +05:30 [INF] Route matched with {action = "Login", controller = "Auth"}. Executing controller action with signature System.Threading.Tasks.Task`1[Microsoft.AspNetCore.Mvc.IActionResult] Login(Billing.Application.DTOs.Auth.LoginRequest, System.Threading.CancellationToken) on controller Billing.API.Controllers.AuthController (Billing.API).
2026-08-08 20:25:36.464 +05:30 [INF] Executing UnprocessableEntityObjectResult, writing value of type 'Billing.Shared.Results.Result`1[[Billing.Application.DTOs.Auth.LoginResponse, Billing.Application, Version=1.0.0.0, Culture=neutral, PublicKeyToken=null]]'.
2026-08-08 20:25:36.465 +05:30 [INF] Executed action Billing.API.Controllers.AuthController.Login (Billing.API) in 26.2489ms
2026-08-08 20:25:36.466 +05:30 [INF] Executed endpoint 'Billing.API.Controllers.AuthController.Login (Billing.API)'
2026-08-08 20:25:36.467 +05:30 [INF] HTTP POST /api/auth/login responded 422 in 29.2288 ms
2026-08-08 20:25:36.467 +05:30 [INF] Request finished HTTP/1.1 POST http://localhost:5000/api/auth/login - 422 null application/json; charset=utf-8 29.7029ms
2026-08-08 20:25:37.235 +05:30 [INF] Request starting HTTP/1.1 POST http://localhost:5000/api/auth/login - application/json 60
2026-08-08 20:25:37.235 +05:30 [INF] CORS policy execution successful.
2026-08-08 20:25:37.235 +05:30 [INF] Executing endpoint 'Billing.API.Controllers.AuthController.Login (Billing.API)'
2026-08-08 20:25:37.236 +05:30 [INF] Route matched with {action = "Login", controller = "Auth"}. Executing controller action with signature System.Threading.Tasks.Task`1[Microsoft.AspNetCore.Mvc.IActionResult] Login(Billing.Application.DTOs.Auth.LoginRequest, System.Threading.CancellationToken) on controller Billing.API.Controllers.AuthController (Billing.API).
2026-08-08 20:25:37.356 +05:30 [INF] Executing UnprocessableEntityObjectResult, writing value of type 'Billing.Shared.Results.Result`1[[Billing.Application.DTOs.Auth.LoginResponse, Billing.Application, Version=1.0.0.0, Culture=neutral, PublicKeyToken=null]]'.
2026-08-08 20:25:37.357 +05:30 [INF] Executed action Billing.API.Controllers.AuthController.Login (Billing.API) in 121.3586ms
2026-08-08 20:25:37.357 +05:30 [INF] Executed endpoint 'Billing.API.Controllers.AuthController.Login (Billing.API)'
2026-08-08 20:25:37.357 +05:30 [INF] HTTP POST /api/auth/login responded 422 in 122.3789 ms
2026-08-08 20:25:37.358 +05:30 [INF] Request finished HTTP/1.1 POST http://localhost:5000/api/auth/login - 422 null application/json; charset=utf-8 122.9519ms
2026-08-08 20:25:38.167 +05:30 [INF] Request starting HTTP/1.1 POST http://localhost:5000/api/auth/login - application/json 60
2026-08-08 20:25:38.167 +05:30 [INF] CORS policy execution successful.
2026-08-08 20:25:38.168 +05:30 [INF] Executing endpoint 'Billing.API.Controllers.AuthController.Login (Billing.API)'
2026-08-08 20:25:38.168 +05:30 [INF] Route matched with {action = "Login", controller = "Auth"}. Executing controller action with signature System.Threading.Tasks.Task`1[Microsoft.AspNetCore.Mvc.IActionResult] Login(Billing.Application.DTOs.Auth.LoginRequest, System.Threading.CancellationToken) on controller Billing.API.Controllers.AuthController (Billing.API).
2026-08-08 20:25:38.226 +05:30 [INF] Executing UnprocessableEntityObjectResult, writing value of type 'Billing.Shared.Results.Result`1[[Billing.Application.DTOs.Auth.LoginResponse, Billing.Application, Version=1.0.0.0, Culture=neutral, PublicKeyToken=null]]'.
2026-08-08 20:25:38.227 +05:30 [INF] Executed action Billing.API.Controllers.AuthController.Login (Billing.API) in 58.2687ms
2026-08-08 20:25:38.228 +05:30 [INF] Executed endpoint 'Billing.API.Controllers.AuthController.Login (Billing.API)'
2026-08-08 20:25:38.228 +05:30 [INF] HTTP POST /api/auth/login responded 422 in 60.9288 ms
2026-08-08 20:25:38.228 +05:30 [INF] Request finished HTTP/1.1 POST http://localhost:5000/api/auth/login - 422 null application/json; charset=utf-8 61.4918ms
2026-08-08 20:25:38.726 +05:30 [INF] Request starting HTTP/1.1 POST http://localhost:5000/api/auth/login - application/json 60
2026-08-08 20:25:38.726 +05:30 [INF] CORS policy execution successful.
2026-08-08 20:25:38.727 +05:30 [INF] Executing endpoint 'Billing.API.Controllers.AuthController.Login (Billing.API)'
2026-08-08 20:25:38.727 +05:30 [INF] Route matched with {action = "Login", controller = "Auth"}. Executing controller action with signature System.Threading.Tasks.Task`1[Microsoft.AspNetCore.Mvc.IActionResult] Login(Billing.Application.DTOs.Auth.LoginRequest, System.Threading.CancellationToken) on controller Billing.API.Controllers.AuthController (Billing.API).
2026-08-08 20:25:39.238 +05:30 [INF] Executing UnprocessableEntityObjectResult, writing value of type 'Billing.Shared.Results.Result`1[[Billing.Application.DTOs.Auth.LoginResponse, Billing.Application, Version=1.0.0.0, Culture=neutral, PublicKeyToken=null]]'.
2026-08-08 20:25:39.239 +05:30 [INF] Executed action Billing.API.Controllers.AuthController.Login (Billing.API) in 511.3852ms
2026-08-08 20:25:39.239 +05:30 [INF] Executed endpoint 'Billing.API.Controllers.AuthController.Login (Billing.API)'
2026-08-08 20:25:39.239 +05:30 [INF] HTTP POST /api/auth/login responded 422 in 512.4790 ms
2026-08-08 20:25:39.239 +05:30 [INF] Request finished HTTP/1.1 POST http://localhost:5000/api/auth/login - 422 null application/json; charset=utf-8 512.7454ms
2026-08-08 20:25:39.917 +05:30 [INF] Request starting HTTP/1.1 POST http://localhost:5000/api/auth/login - application/json 60
2026-08-08 20:25:39.917 +05:30 [INF] CORS policy execution successful.
2026-08-08 20:25:39.917 +05:30 [INF] Executing endpoint 'Billing.API.Controllers.AuthController.Login (Billing.API)'
2026-08-08 20:25:39.918 +05:30 [INF] Route matched with {action = "Login", controller = "Auth"}. Executing controller action with signature System.Threading.Tasks.Task`1[Microsoft.AspNetCore.Mvc.IActionResult] Login(Billing.Application.DTOs.Auth.LoginRequest, System.Threading.CancellationToken) on controller Billing.API.Controllers.AuthController (Billing.API).
2026-08-08 20:25:39.972 +05:30 [INF] Executing UnprocessableEntityObjectResult, writing value of type 'Billing.Shared.Results.Result`1[[Billing.Application.DTOs.Auth.LoginResponse, Billing.Application, Version=1.0.0.0, Culture=neutral, PublicKeyToken=null]]'.
2026-08-08 20:25:39.973 +05:30 [INF] Executed action Billing.API.Controllers.AuthController.Login (Billing.API) in 41.2313ms
2026-08-08 20:25:39.974 +05:30 [INF] Executed endpoint 'Billing.API.Controllers.AuthController.Login (Billing.API)'
2026-08-08 20:25:39.974 +05:30 [INF] HTTP POST /api/auth/login responded 422 in 56.5433 ms
2026-08-08 20:25:39.974 +05:30 [INF] Request finished HTTP/1.1 POST http://localhost:5000/api/auth/login - 422 null application/json; charset=utf-8 56.8418ms
2026-08-08 20:26:37.794 +05:30 [INF] User profile is available. Using 'C:\Users\susha\AppData\Local\ASP.NET\DataProtection-Keys' as key repository and Windows DPAPI to encrypt keys at rest.
2026-08-08 20:26:38.037 +05:30 [INF] Now listening on: http://localhost:5000
2026-08-08 20:26:38.040 +05:30 [INF] Application started. Press Ctrl+C to shut down.
2026-08-08 20:26:38.040 +05:30 [INF] Hosting environment: Development
2026-08-08 20:26:38.041 +05:30 [INF] Content root path: D:\Projects\ERP\NewShop\src\Billing.API
2026-08-08 20:26:53.343 +05:30 [INF] Request starting HTTP/1.1 POST http://localhost:5000/api/auth/login - application/json 60
2026-08-08 20:26:53.518 +05:30 [INF] CORS policy execution successful.
2026-08-08 20:26:53.659 +05:30 [INF] Executing endpoint 'Billing.API.Controllers.AuthController.Login (Billing.API)'
2026-08-08 20:26:53.735 +05:30 [INF] Route matched with {action = "Login", controller = "Auth"}. Executing controller action with signature System.Threading.Tasks.Task`1[Microsoft.AspNetCore.Mvc.IActionResult] Login(Billing.Application.DTOs.Auth.LoginRequest, System.Threading.CancellationToken) on controller Billing.API.Controllers.AuthController (Billing.API).
2026-08-08 20:26:55.478 +05:30 [INF] Executing OkObjectResult, writing value of type 'Billing.Shared.Results.Result`1[[Billing.Application.DTOs.Auth.LoginResponse, Billing.Application, Version=1.0.0.0, Culture=neutral, PublicKeyToken=null]]'.
2026-08-08 20:26:55.593 +05:30 [INF] Executed action Billing.API.Controllers.AuthController.Login (Billing.API) in 1850.1095ms
2026-08-08 20:26:55.594 +05:30 [INF] Executed endpoint 'Billing.API.Controllers.AuthController.Login (Billing.API)'
2026-08-08 20:26:55.608 +05:30 [INF] HTTP POST /api/auth/login responded 200 in 2095.8874 ms
2026-08-08 20:26:55.623 +05:30 [INF] Request finished HTTP/1.1 POST http://localhost:5000/api/auth/login - 200 null application/json; charset=utf-8 2288.0458ms
2026-08-08 20:26:55.832 +05:30 [INF] Request starting HTTP/1.1 GET http://localhost:5000/api/dashboard?from=2026-07-09&to=2026-08-08 - null null
2026-08-08 20:26:55.959 +05:30 [INF] Authorization failed. These requirements were not met:
Billing.Identity.Authorization.PermissionRequirement
2026-08-08 20:26:55.965 +05:30 [INF] AuthenticationScheme: Bearer was forbidden.
2026-08-08 20:26:55.966 +05:30 [INF] HTTP GET /api/dashboard responded 403 in 129.5483 ms
2026-08-08 20:26:55.966 +05:30 [INF] Request finished HTTP/1.1 GET http://localhost:5000/api/dashboard?from=2026-07-09&to=2026-08-08 - 403 0 null 134.662ms
2026-08-08 20:26:57.002 +05:30 [INF] Request starting HTTP/1.1 GET http://localhost:5000/api/dashboard?from=2026-07-09&to=2026-08-08 - null null
2026-08-08 20:26:57.008 +05:30 [INF] Authorization failed. These requirements were not met:
Billing.Identity.Authorization.PermissionRequirement
2026-08-08 20:26:57.009 +05:30 [INF] AuthenticationScheme: Bearer was forbidden.
2026-08-08 20:26:57.009 +05:30 [INF] HTTP GET /api/dashboard responded 403 in 6.2890 ms
2026-08-08 20:26:57.009 +05:30 [INF] Request finished HTTP/1.1 GET http://localhost:5000/api/dashboard?from=2026-07-09&to=2026-08-08 - 403 0 null 6.5689ms
2026-08-08 20:27:01.461 +05:30 [INF] Request starting HTTP/1.1 GET http://localhost:5000/api/customers?page=1&pageSize=50 - null null
2026-08-08 20:27:01.465 +05:30 [INF] Authorization failed. These requirements were not met:
Billing.Identity.Authorization.PermissionRequirement
2026-08-08 20:27:01.466 +05:30 [INF] AuthenticationScheme: Bearer was forbidden.
2026-08-08 20:27:01.466 +05:30 [INF] HTTP GET /api/customers responded 403 in 4.1555 ms
2026-08-08 20:27:01.466 +05:30 [INF] Request finished HTTP/1.1 GET http://localhost:5000/api/customers?page=1&pageSize=50 - 403 0 null 4.4136ms
2026-08-08 20:27:02.478 +05:30 [INF] Request starting HTTP/1.1 GET http://localhost:5000/api/customers?page=1&pageSize=50 - null null
2026-08-08 20:27:02.480 +05:30 [INF] Authorization failed. These requirements were not met:
Billing.Identity.Authorization.PermissionRequirement
2026-08-08 20:27:02.480 +05:30 [INF] AuthenticationScheme: Bearer was forbidden.
2026-08-08 20:27:02.480 +05:30 [INF] HTTP GET /api/customers responded 403 in 1.2914 ms
2026-08-08 20:27:02.480 +05:30 [INF] Request finished HTTP/1.1 GET http://localhost:5000/api/customers?page=1&pageSize=50 - 403 0 null 1.756ms
2026-08-08 20:27:03.222 +05:30 [INF] Request starting HTTP/1.1 GET http://localhost:5000/api/sales?page=1&pageSize=10 - null null
2026-08-08 20:27:03.222 +05:30 [INF] Authorization failed. These requirements were not met:
Billing.Identity.Authorization.PermissionRequirement
2026-08-08 20:27:03.223 +05:30 [INF] AuthenticationScheme: Bearer was forbidden.
2026-08-08 20:27:03.223 +05:30 [INF] HTTP GET /api/sales responded 403 in 0.7610 ms
2026-08-08 20:27:03.223 +05:30 [INF] Request finished HTTP/1.1 GET http://localhost:5000/api/sales?page=1&pageSize=10 - 403 0 null 1.0959ms
2026-08-08 20:27:04.242 +05:30 [INF] Request starting HTTP/1.1 GET http://localhost:5000/api/sales?page=1&pageSize=10 - null null
2026-08-08 20:27:04.243 +05:30 [INF] Authorization failed. These requirements were not met:
Billing.Identity.Authorization.PermissionRequirement
2026-08-08 20:27:04.243 +05:30 [INF] AuthenticationScheme: Bearer was forbidden.
2026-08-08 20:27:04.243 +05:30 [INF] HTTP GET /api/sales responded 403 in 0.8152 ms
2026-08-08 20:27:04.243 +05:30 [INF] Request finished HTTP/1.1 GET http://localhost:5000/api/sales?page=1&pageSize=10 - 403 0 null 1.2813ms
2026-08-08 20:27:17.189 +05:30 [INF] Request starting HTTP/1.1 GET http://localhost:5000/api/dashboard?from=2026-07-09&to=2026-08-08 - null null
2026-08-08 20:27:17.191 +05:30 [INF] Authorization failed. These requirements were not met:
Billing.Identity.Authorization.PermissionRequirement
2026-08-08 20:27:17.191 +05:30 [INF] AuthenticationScheme: Bearer was forbidden.
2026-08-08 20:27:17.191 +05:30 [INF] HTTP GET /api/dashboard responded 403 in 1.4059 ms
2026-08-08 20:27:17.191 +05:30 [INF] Request finished HTTP/1.1 GET http://localhost:5000/api/dashboard?from=2026-07-09&to=2026-08-08 - 403 0 null 2.0327ms
2026-08-08 20:27:18.219 +05:30 [INF] Request starting HTTP/1.1 GET http://localhost:5000/api/dashboard?from=2026-07-09&to=2026-08-08 - null null
2026-08-08 20:27:18.220 +05:30 [INF] Authorization failed. These requirements were not met:
Billing.Identity.Authorization.PermissionRequirement
2026-08-08 20:27:18.220 +05:30 [INF] AuthenticationScheme: Bearer was forbidden.
2026-08-08 20:27:18.220 +05:30 [INF] HTTP GET /api/dashboard responded 403 in 0.9018 ms
2026-08-08 20:27:18.221 +05:30 [INF] Request finished HTTP/1.1 GET http://localhost:5000/api/dashboard?from=2026-07-09&to=2026-08-08 - 403 0 null 1.186ms
2026-08-08 20:27:19.515 +05:30 [INF] Request starting HTTP/1.1 GET http://localhost:5000/api/dashboard?from=2026-07-09&to=2026-08-08 - null null
2026-08-08 20:27:19.516 +05:30 [INF] Authorization failed. These requirements were not met:
Billing.Identity.Authorization.PermissionRequirement
2026-08-08 20:27:19.516 +05:30 [INF] AuthenticationScheme: Bearer was forbidden.
2026-08-08 20:27:19.516 +05:30 [INF] HTTP GET /api/dashboard responded 403 in 0.6573 ms
2026-08-08 20:27:19.516 +05:30 [INF] Request finished HTTP/1.1 GET http://localhost:5000/api/dashboard?from=2026-07-09&to=2026-08-08 - 403 0 null 1.2087ms
2026-08-08 20:27:20.529 +05:30 [INF] Request starting HTTP/1.1 GET http://localhost:5000/api/dashboard?from=2026-07-09&to=2026-08-08 - null null
2026-08-08 20:27:20.530 +05:30 [INF] Authorization failed. These requirements were not met:
Billing.Identity.Authorization.PermissionRequirement
2026-08-08 20:27:20.530 +05:30 [INF] AuthenticationScheme: Bearer was forbidden.
2026-08-08 20:27:20.530 +05:30 [INF] HTTP GET /api/dashboard responded 403 in 1.0105 ms
2026-08-08 20:27:20.530 +05:30 [INF] Request finished HTTP/1.1 GET http://localhost:5000/api/dashboard?from=2026-07-09&to=2026-08-08 - 403 0 null 1.3509ms
2026-08-08 20:29:07.497 +05:30 [INF] Request starting HTTP/1.1 POST http://localhost:5000/api/auth/login - application/json 60
2026-08-08 20:29:07.499 +05:30 [INF] Executing endpoint 'Billing.API.Controllers.AuthController.Login (Billing.API)'
2026-08-08 20:29:07.500 +05:30 [INF] Route matched with {action = "Login", controller = "Auth"}. Executing controller action with signature System.Threading.Tasks.Task`1[Microsoft.AspNetCore.Mvc.IActionResult] Login(Billing.Application.DTOs.Auth.LoginRequest, System.Threading.CancellationToken) on controller Billing.API.Controllers.AuthController (Billing.API).
2026-08-08 20:29:07.691 +05:30 [INF] Executing OkObjectResult, writing value of type 'Billing.Shared.Results.Result`1[[Billing.Application.DTOs.Auth.LoginResponse, Billing.Application, Version=1.0.0.0, Culture=neutral, PublicKeyToken=null]]'.
2026-08-08 20:29:07.692 +05:30 [INF] Executed action Billing.API.Controllers.AuthController.Login (Billing.API) in 192.5259ms
2026-08-08 20:29:07.692 +05:30 [INF] Executed endpoint 'Billing.API.Controllers.AuthController.Login (Billing.API)'
2026-08-08 20:29:07.693 +05:30 [INF] HTTP POST /api/auth/login responded 200 in 194.2017 ms
2026-08-08 20:29:07.693 +05:30 [INF] Request finished HTTP/1.1 POST http://localhost:5000/api/auth/login - 200 null application/json; charset=utf-8 195.69ms
2026-08-08 20:29:28.241 +05:30 [INF] Request starting HTTP/1.1 GET http://localhost:5000/api/dashboard?from=2026-07-09&to=2026-08-08 - null null
2026-08-08 20:29:28.241 +05:30 [INF] Authorization failed. These requirements were not met:
Billing.Identity.Authorization.PermissionRequirement
2026-08-08 20:29:28.241 +05:30 [INF] AuthenticationScheme: Bearer was forbidden.
2026-08-08 20:29:28.242 +05:30 [INF] HTTP GET /api/dashboard responded 403 in 0.7377 ms
2026-08-08 20:29:28.242 +05:30 [INF] Request finished HTTP/1.1 GET http://localhost:5000/api/dashboard?from=2026-07-09&to=2026-08-08 - 403 0 null 0.9832ms
2026-08-08 20:29:29.270 +05:30 [INF] Request starting HTTP/1.1 GET http://localhost:5000/api/dashboard?from=2026-07-09&to=2026-08-08 - null null
2026-08-08 20:29:29.271 +05:30 [INF] Authorization failed. These requirements were not met:
Billing.Identity.Authorization.PermissionRequirement
2026-08-08 20:29:29.271 +05:30 [INF] AuthenticationScheme: Bearer was forbidden.
2026-08-08 20:29:29.271 +05:30 [INF] HTTP GET /api/dashboard responded 403 in 1.1688 ms
2026-08-08 20:29:29.272 +05:30 [INF] Request finished HTTP/1.1 GET http://localhost:5000/api/dashboard?from=2026-07-09&to=2026-08-08 - 403 0 null 1.4692ms
2026-08-08 20:29:33.108 +05:30 [INF] Request starting HTTP/1.1 GET http://localhost:5000/api/dashboard?from=2026-07-09&to=2026-08-08 - null null
2026-08-08 20:29:33.109 +05:30 [INF] Authorization failed. These requirements were not met:
Billing.Identity.Authorization.PermissionRequirement
2026-08-08 20:29:33.109 +05:30 [INF] AuthenticationScheme: Bearer was forbidden.
2026-08-08 20:29:33.109 +05:30 [INF] HTTP GET /api/dashboard responded 403 in 0.5580 ms
2026-08-08 20:29:33.109 +05:30 [INF] Request finished HTTP/1.1 GET http://localhost:5000/api/dashboard?from=2026-07-09&to=2026-08-08 - 403 0 null 0.741ms
2026-08-08 20:29:34.136 +05:30 [INF] Request starting HTTP/1.1 GET http://localhost:5000/api/dashboard?from=2026-07-09&to=2026-08-08 - null null
2026-08-08 20:29:34.137 +05:30 [INF] Authorization failed. These requirements were not met:
Billing.Identity.Authorization.PermissionRequirement
2026-08-08 20:29:34.137 +05:30 [INF] AuthenticationScheme: Bearer was forbidden.
2026-08-08 20:29:34.137 +05:30 [INF] HTTP GET /api/dashboard responded 403 in 0.7874 ms
2026-08-08 20:29:34.137 +05:30 [INF] Request finished HTTP/1.1 GET http://localhost:5000/api/dashboard?from=2026-07-09&to=2026-08-08 - 403 0 null 1.0262ms
2026-08-08 20:29:36.521 +05:30 [INF] Request starting HTTP/1.1 GET http://localhost:5000/api/sales?page=1&pageSize=10 - null null
2026-08-08 20:29:36.522 +05:30 [INF] Authorization failed. These requirements were not met:
Billing.Identity.Authorization.PermissionRequirement
2026-08-08 20:29:36.522 +05:30 [INF] AuthenticationScheme: Bearer was forbidden.
2026-08-08 20:29:36.522 +05:30 [INF] HTTP GET /api/sales responded 403 in 0.5328 ms
2026-08-08 20:29:36.522 +05:30 [INF] Request finished HTTP/1.1 GET http://localhost:5000/api/sales?page=1&pageSize=10 - 403 0 null 0.7648ms
2026-08-08 20:29:37.548 +05:30 [INF] Request starting HTTP/1.1 GET http://localhost:5000/api/sales?page=1&pageSize=10 - null null
2026-08-08 20:29:37.549 +05:30 [INF] Authorization failed. These requirements were not met:
Billing.Identity.Authorization.PermissionRequirement
2026-08-08 20:29:37.549 +05:30 [INF] AuthenticationScheme: Bearer was forbidden.
2026-08-08 20:29:37.550 +05:30 [INF] HTTP GET /api/sales responded 403 in 0.9267 ms
2026-08-08 20:29:37.550 +05:30 [INF] Request finished HTTP/1.1 GET http://localhost:5000/api/sales?page=1&pageSize=10 - 403 0 null 1.1771ms
2026-08-08 20:29:40.663 +05:30 [INF] Request starting HTTP/1.1 GET http://localhost:5000/api/products?page=1&pageSize=10 - null null
2026-08-08 20:29:40.664 +05:30 [INF] Executing endpoint 'Billing.API.Controllers.ProductsController.GetProducts (Billing.API)'
2026-08-08 20:29:40.675 +05:30 [INF] Route matched with {action = "GetProducts", controller = "Products"}. Executing controller action with signature System.Threading.Tasks.Task`1[Microsoft.AspNetCore.Mvc.IActionResult] GetProducts(Int32, Int32, System.String, System.String, Boolean, System.Threading.CancellationToken) on controller Billing.API.Controllers.ProductsController (Billing.API).
2026-08-08 20:29:40.696 +05:30 [INF] Handling GetProductsQuery
2026-08-08 20:29:49.238 +05:30 [WRN] Redis connection failed; falling back to in-memory cache.
StackExchange.Redis.RedisConnectionException: It was not possible to connect to the redis server(s). Error connecting right now. To allow this multiplexer to continue retrying until it's able to connect, use abortConnect=false in your connection string or AbortOnConnectFail=false; in your code.
   at StackExchange.Redis.ConnectionMultiplexer.ConnectImplAsync(ConfigurationOptions configuration, TextWriter writer, Nullable`1 serverType) in /_/src/StackExchange.Redis/ConnectionMultiplexer.cs:line 620
   at Billing.Infrastructure.Caching.RedisCacheService.GetDatabaseAsync() in D:\Projects\ERP\NewShop\src\Billing.Infrastructure\Caching\RedisCacheService.cs:line 44
2026-08-08 20:29:49.341 +05:30 [INF] Handled GetProductsQuery in 8645ms
2026-08-08 20:29:49.341 +05:30 [INF] Executing OkObjectResult, writing value of type 'Billing.Shared.Results.Result`1[[Billing.Application.Common.PagedResult`1[[Billing.Application.DTOs.Products.ProductDto, Billing.Application, Version=1.0.0.0, Culture=neutral, PublicKeyToken=null]], Billing.Application, Version=1.0.0.0, Culture=neutral, PublicKeyToken=null]]'.
2026-08-08 20:29:49.388 +05:30 [INF] Executed action Billing.API.Controllers.ProductsController.GetProducts (Billing.API) in 8712.3352ms
2026-08-08 20:29:49.388 +05:30 [INF] Executed endpoint 'Billing.API.Controllers.ProductsController.GetProducts (Billing.API)'
2026-08-08 20:29:49.388 +05:30 [INF] HTTP GET /api/products responded 200 in 8724.6270 ms
2026-08-08 20:29:49.388 +05:30 [INF] Request finished HTTP/1.1 GET http://localhost:5000/api/products?page=1&pageSize=10 - 200 null application/json; charset=utf-8 8724.9439ms
2026-08-08 20:29:54.063 +05:30 [INF] Request starting HTTP/1.1 GET http://localhost:5000/api/dashboard?from=2026-07-09&to=2026-08-08 - null null
2026-08-08 20:29:54.064 +05:30 [INF] Authorization failed. These requirements were not met:
Billing.Identity.Authorization.PermissionRequirement
2026-08-08 20:29:54.064 +05:30 [INF] AuthenticationScheme: Bearer was forbidden.
2026-08-08 20:29:54.064 +05:30 [INF] HTTP GET /api/dashboard responded 403 in 1.2103 ms
2026-08-08 20:29:54.065 +05:30 [INF] Request finished HTTP/1.1 GET http://localhost:5000/api/dashboard?from=2026-07-09&to=2026-08-08 - 403 0 null 1.6709ms
2026-08-08 20:29:55.083 +05:30 [INF] Request starting HTTP/1.1 GET http://localhost:5000/api/dashboard?from=2026-07-09&to=2026-08-08 - null null
2026-08-08 20:29:55.084 +05:30 [INF] Authorization failed. These requirements were not met:
Billing.Identity.Authorization.PermissionRequirement
2026-08-08 20:29:55.084 +05:30 [INF] AuthenticationScheme: Bearer was forbidden.
2026-08-08 20:29:55.084 +05:30 [INF] HTTP GET /api/dashboard responded 403 in 0.6751 ms
2026-08-08 20:29:55.084 +05:30 [INF] Request finished HTTP/1.1 GET http://localhost:5000/api/dashboard?from=2026-07-09&to=2026-08-08 - 403 0 null 0.9409ms
2026-08-08 20:29:59.176 +05:30 [INF] Request starting HTTP/1.1 GET http://localhost:5000/api/dashboard?from=2026-07-09&to=2026-08-08 - null null
2026-08-08 20:29:59.177 +05:30 [INF] Authorization failed. These requirements were not met:
Billing.Identity.Authorization.PermissionRequirement
2026-08-08 20:29:59.177 +05:30 [INF] AuthenticationScheme: Bearer was forbidden.
2026-08-08 20:29:59.178 +05:30 [INF] HTTP GET /api/dashboard responded 403 in 1.0167 ms
2026-08-08 20:29:59.178 +05:30 [INF] Request finished HTTP/1.1 GET http://localhost:5000/api/dashboard?from=2026-07-09&to=2026-08-08 - 403 0 null 1.3114ms
2026-08-08 20:30:00.194 +05:30 [INF] Request starting HTTP/1.1 GET http://localhost:5000/api/dashboard?from=2026-07-09&to=2026-08-08 - null null
2026-08-08 20:30:00.195 +05:30 [INF] Authorization failed. These requirements were not met:
Billing.Identity.Authorization.PermissionRequirement
2026-08-08 20:30:00.196 +05:30 [INF] AuthenticationScheme: Bearer was forbidden.
2026-08-08 20:30:00.196 +05:30 [INF] HTTP GET /api/dashboard responded 403 in 1.0242 ms
2026-08-08 20:30:00.196 +05:30 [INF] Request finished HTTP/1.1 GET http://localhost:5000/api/dashboard?from=2026-07-09&to=2026-08-08 - 403 0 null 1.271ms
2026-08-08 20:30:02.540 +05:30 [INF] Request starting HTTP/1.1 GET http://localhost:5000/api/dashboard?from=2026-07-09&to=2026-08-08 - null null
2026-08-08 20:30:02.540 +05:30 [INF] Authorization failed. These requirements were not met:
Billing.Identity.Authorization.PermissionRequirement
2026-08-08 20:30:02.541 +05:30 [INF] AuthenticationScheme: Bearer was forbidden.
2026-08-08 20:30:02.541 +05:30 [INF] HTTP GET /api/dashboard responded 403 in 0.5472 ms
2026-08-08 20:30:02.541 +05:30 [INF] Request finished HTTP/1.1 GET http://localhost:5000/api/dashboard?from=2026-07-09&to=2026-08-08 - 403 0 null 0.7118ms
2026-08-08 20:30:03.559 +05:30 [INF] Request starting HTTP/1.1 GET http://localhost:5000/api/dashboard?from=2026-07-09&to=2026-08-08 - null null
2026-08-08 20:30:03.559 +05:30 [INF] Authorization failed. These requirements were not met:
Billing.Identity.Authorization.PermissionRequirement
2026-08-08 20:30:03.560 +05:30 [INF] AuthenticationScheme: Bearer was forbidden.
2026-08-08 20:30:03.560 +05:30 [INF] HTTP GET /api/dashboard responded 403 in 0.8529 ms
2026-08-08 20:30:03.560 +05:30 [INF] Request finished HTTP/1.1 GET http://localhost:5000/api/dashboard?from=2026-07-09&to=2026-08-08 - 403 0 null 1.1793ms
2026-08-08 20:30:05.350 +05:30 [INF] Request starting HTTP/1.1 GET http://localhost:5000/api/customers?page=1&pageSize=10 - null null
2026-08-08 20:30:05.351 +05:30 [INF] Authorization failed. These requirements were not met:
Billing.Identity.Authorization.PermissionRequirement
2026-08-08 20:30:05.351 +05:30 [INF] AuthenticationScheme: Bearer was forbidden.
2026-08-08 20:30:05.351 +05:30 [INF] HTTP GET /api/customers responded 403 in 0.5868 ms
2026-08-08 20:30:05.351 +05:30 [INF] Request finished HTTP/1.1 GET http://localhost:5000/api/customers?page=1&pageSize=10 - 403 0 null 0.8433ms
2026-08-08 20:30:06.373 +05:30 [INF] Request starting HTTP/1.1 GET http://localhost:5000/api/customers?page=1&pageSize=10 - null null
2026-08-08 20:30:06.373 +05:30 [INF] Authorization failed. These requirements were not met:
Billing.Identity.Authorization.PermissionRequirement
2026-08-08 20:30:06.373 +05:30 [INF] AuthenticationScheme: Bearer was forbidden.
2026-08-08 20:30:06.373 +05:30 [INF] HTTP GET /api/customers responded 403 in 0.6863 ms
2026-08-08 20:30:06.374 +05:30 [INF] Request finished HTTP/1.1 GET http://localhost:5000/api/customers?page=1&pageSize=10 - 403 0 null 0.9044ms
2026-08-08 20:30:10.745 +05:30 [INF] Request starting HTTP/1.1 GET http://localhost:5000/api/sales?page=1&pageSize=10 - null null
2026-08-08 20:30:10.746 +05:30 [INF] Authorization failed. These requirements were not met:
Billing.Identity.Authorization.PermissionRequirement
2026-08-08 20:30:10.746 +05:30 [INF] AuthenticationScheme: Bearer was forbidden.
2026-08-08 20:30:10.746 +05:30 [INF] HTTP GET /api/sales responded 403 in 0.8547 ms
2026-08-08 20:30:10.747 +05:30 [INF] Request finished HTTP/1.1 GET http://localhost:5000/api/sales?page=1&pageSize=10 - 403 0 null 1.1489ms
2026-08-08 20:30:11.770 +05:30 [INF] Request starting HTTP/1.1 GET http://localhost:5000/api/sales?page=1&pageSize=10 - null null
2026-08-08 20:30:11.771 +05:30 [INF] Authorization failed. These requirements were not met:
Billing.Identity.Authorization.PermissionRequirement
2026-08-08 20:30:11.771 +05:30 [INF] AuthenticationScheme: Bearer was forbidden.
2026-08-08 20:30:11.771 +05:30 [INF] HTTP GET /api/sales responded 403 in 0.8751 ms
2026-08-08 20:30:11.771 +05:30 [INF] Request finished HTTP/1.1 GET http://localhost:5000/api/sales?page=1&pageSize=10 - 403 0 null 1.1392ms
2026-08-08 20:32:25.077 +05:30 [INF] User profile is available. Using 'C:\Users\susha\AppData\Local\ASP.NET\DataProtection-Keys' as key repository and Windows DPAPI to encrypt keys at rest.
2026-08-08 20:32:25.133 +05:30 [INF] Now listening on: http://localhost:5000
2026-08-08 20:32:25.134 +05:30 [INF] Application started. Press Ctrl+C to shut down.
2026-08-08 20:32:25.134 +05:30 [INF] Hosting environment: Development
2026-08-08 20:32:25.134 +05:30 [INF] Content root path: D:\Projects\ERP\NewShop\src\Billing.API
2026-08-08 20:32:28.308 +05:30 [INF] Request starting HTTP/1.1 GET http://localhost:5000/api/customers?page=1&pageSize=10 - null null
2026-08-08 20:32:28.616 +05:30 [INF] Executing endpoint 'Billing.API.Controllers.CustomersController.GetCustomers (Billing.API)'
2026-08-08 20:32:28.669 +05:30 [INF] Route matched with {action = "GetCustomers", controller = "Customers"}. Executing controller action with signature System.Threading.Tasks.Task`1[Microsoft.AspNetCore.Mvc.IActionResult] GetCustomers(Int32, Int32, System.String, System.Threading.CancellationToken) on controller Billing.API.Controllers.CustomersController (Billing.API).
2026-08-08 20:32:28.702 +05:30 [INF] Handling GetCustomersQuery
2026-08-08 20:32:29.768 +05:30 [INF] Handled GetCustomersQuery in 1065ms
2026-08-08 20:32:29.789 +05:30 [INF] Executing OkObjectResult, writing value of type 'Billing.Shared.Results.Result`1[[Billing.Application.Common.PagedResult`1[[Billing.Application.DTOs.CustomerDto, Billing.Application, Version=1.0.0.0, Culture=neutral, PublicKeyToken=null]], Billing.Application, Version=1.0.0.0, Culture=neutral, PublicKeyToken=null]]'.
2026-08-08 20:32:29.894 +05:30 [INF] Executed action Billing.API.Controllers.CustomersController.GetCustomers (Billing.API) in 1218.8104ms
2026-08-08 20:32:29.895 +05:30 [INF] Executed endpoint 'Billing.API.Controllers.CustomersController.GetCustomers (Billing.API)'
2026-08-08 20:32:29.907 +05:30 [INF] HTTP GET /api/customers responded 200 in 1545.0825 ms
2026-08-08 20:32:29.912 +05:30 [INF] Request finished HTTP/1.1 GET http://localhost:5000/api/customers?page=1&pageSize=10 - 200 null application/json; charset=utf-8 1609.6867ms
2026-08-08 20:32:32.405 +05:30 [INF] Request starting HTTP/1.1 GET http://localhost:5000/api/suppliers?page=1&pageSize=10 - null null
2026-08-08 20:32:32.420 +05:30 [INF] Executing endpoint 'Billing.API.Controllers.SuppliersController.GetSuppliers (Billing.API)'
2026-08-08 20:32:32.437 +05:30 [INF] Route matched with {action = "GetSuppliers", controller = "Suppliers"}. Executing controller action with signature System.Threading.Tasks.Task`1[Microsoft.AspNetCore.Mvc.IActionResult] GetSuppliers(Int32, Int32, System.String, System.Threading.CancellationToken) on controller Billing.API.Controllers.SuppliersController (Billing.API).
2026-08-08 20:32:32.447 +05:30 [INF] Handling GetSuppliersQuery
2026-08-08 20:32:32.488 +05:30 [INF] Handled GetSuppliersQuery in 41ms
2026-08-08 20:32:32.489 +05:30 [INF] Executing OkObjectResult, writing value of type 'Billing.Shared.Results.Result`1[[Billing.Application.Common.PagedResult`1[[Billing.Application.DTOs.SupplierDto, Billing.Application, Version=1.0.0.0, Culture=neutral, PublicKeyToken=null]], Billing.Application, Version=1.0.0.0, Culture=neutral, PublicKeyToken=null]]'.
2026-08-08 20:32:32.499 +05:30 [INF] Executed action Billing.API.Controllers.SuppliersController.GetSuppliers (Billing.API) in 61.8342ms
2026-08-08 20:32:32.499 +05:30 [INF] Executed endpoint 'Billing.API.Controllers.SuppliersController.GetSuppliers (Billing.API)'
2026-08-08 20:32:32.499 +05:30 [INF] HTTP GET /api/suppliers responded 200 in 90.3950 ms
2026-08-08 20:32:32.499 +05:30 [INF] Request finished HTTP/1.1 GET http://localhost:5000/api/suppliers?page=1&pageSize=10 - 200 null application/json; charset=utf-8 94.3397ms
2026-08-08 20:32:33.652 +05:30 [INF] Request starting HTTP/1.1 GET http://localhost:5000/api/purchases?page=1&pageSize=10 - null null
2026-08-08 20:32:33.655 +05:30 [INF] Request starting HTTP/1.1 GET http://localhost:5000/api/suppliers?page=1&pageSize=1000 - null null
2026-08-08 20:32:33.670 +05:30 [INF] Executing endpoint 'Billing.API.Controllers.SuppliersController.GetSuppliers (Billing.API)'
2026-08-08 20:32:33.670 +05:30 [INF] Executing endpoint 'Billing.API.Controllers.PurchasesController.GetPurchases (Billing.API)'
2026-08-08 20:32:33.670 +05:30 [INF] Route matched with {action = "GetSuppliers", controller = "Suppliers"}. Executing controller action with signature System.Threading.Tasks.Task`1[Microsoft.AspNetCore.Mvc.IActionResult] GetSuppliers(Int32, Int32, System.String, System.Threading.CancellationToken) on controller Billing.API.Controllers.SuppliersController (Billing.API).
2026-08-08 20:32:33.673 +05:30 [INF] Handling GetSuppliersQuery
2026-08-08 20:32:33.685 +05:30 [INF] Route matched with {action = "GetPurchases", controller = "Purchases"}. Executing controller action with signature System.Threading.Tasks.Task`1[Microsoft.AspNetCore.Mvc.IActionResult] GetPurchases(Int32, Int32, System.Threading.CancellationToken) on controller Billing.API.Controllers.PurchasesController (Billing.API).
2026-08-08 20:32:33.692 +05:30 [INF] Handling GetPurchasesQuery
2026-08-08 20:32:33.722 +05:30 [INF] Handled GetSuppliersQuery in 49ms
2026-08-08 20:32:33.723 +05:30 [INF] Executing OkObjectResult, writing value of type 'Billing.Shared.Results.Result`1[[Billing.Application.Common.PagedResult`1[[Billing.Application.DTOs.SupplierDto, Billing.Application, Version=1.0.0.0, Culture=neutral, PublicKeyToken=null]], Billing.Application, Version=1.0.0.0, Culture=neutral, PublicKeyToken=null]]'.
2026-08-08 20:32:33.723 +05:30 [INF] Executed action Billing.API.Controllers.SuppliersController.GetSuppliers (Billing.API) in 52.5031ms
2026-08-08 20:32:33.723 +05:30 [INF] Executed endpoint 'Billing.API.Controllers.SuppliersController.GetSuppliers (Billing.API)'
2026-08-08 20:32:33.724 +05:30 [INF] HTTP GET /api/suppliers responded 200 in 68.6020 ms
2026-08-08 20:32:33.724 +05:30 [INF] Request finished HTTP/1.1 GET http://localhost:5000/api/suppliers?page=1&pageSize=1000 - 200 null application/json; charset=utf-8 69.3799ms
2026-08-08 20:32:33.732 +05:30 [INF] Handled GetPurchasesQuery in 40ms
2026-08-08 20:32:33.732 +05:30 [INF] Executing OkObjectResult, writing value of type 'Billing.Shared.Results.Result`1[[Billing.Application.Common.PagedResult`1[[Billing.Application.DTOs.PurchaseDto, Billing.Application, Version=1.0.0.0, Culture=neutral, PublicKeyToken=null]], Billing.Application, Version=1.0.0.0, Culture=neutral, PublicKeyToken=null]]'.
2026-08-08 20:32:33.754 +05:30 [INF] Executed action Billing.API.Controllers.PurchasesController.GetPurchases (Billing.API) in 68.0982ms
2026-08-08 20:32:33.754 +05:30 [INF] Executed endpoint 'Billing.API.Controllers.PurchasesController.GetPurchases (Billing.API)'
2026-08-08 20:32:33.754 +05:30 [INF] HTTP GET /api/purchases responded 200 in 101.4160 ms
2026-08-08 20:32:33.754 +05:30 [INF] Request finished HTTP/1.1 GET http://localhost:5000/api/purchases?page=1&pageSize=10 - 200 null application/json; charset=utf-8 101.9267ms
2026-08-08 20:32:34.778 +05:30 [INF] Request starting HTTP/1.1 GET http://localhost:5000/api/users - null null
2026-08-08 20:32:34.779 +05:30 [INF] Executing endpoint 'Billing.API.Controllers.UsersController.GetUsers (Billing.API)'
2026-08-08 20:32:34.784 +05:30 [INF] Route matched with {action = "GetUsers", controller = "Users"}. Executing controller action with signature System.Threading.Tasks.Task`1[Microsoft.AspNetCore.Mvc.IActionResult] GetUsers(System.Threading.CancellationToken) on controller Billing.API.Controllers.UsersController (Billing.API).
2026-08-08 20:32:34.788 +05:30 [INF] Handling GetUsersQuery
2026-08-08 20:32:34.914 +05:30 [INF] Handled GetUsersQuery in 125ms
2026-08-08 20:32:34.914 +05:30 [INF] Executing OkObjectResult, writing value of type 'Billing.Shared.Results.Result`1[[System.Collections.Generic.IReadOnlyList`1[[Billing.Application.DTOs.Users.UserDto, Billing.Application, Version=1.0.0.0, Culture=neutral, PublicKeyToken=null]], System.Private.CoreLib, Version=9.0.0.0, Culture=neutral, PublicKeyToken=7cec85d7bea7798e]]'.
2026-08-08 20:32:34.928 +05:30 [INF] Executed action Billing.API.Controllers.UsersController.GetUsers (Billing.API) in 143.3307ms
2026-08-08 20:32:34.928 +05:30 [INF] Executed endpoint 'Billing.API.Controllers.UsersController.GetUsers (Billing.API)'
2026-08-08 20:32:34.928 +05:30 [INF] HTTP GET /api/users responded 200 in 150.0178 ms
2026-08-08 20:32:34.928 +05:30 [INF] Request finished HTTP/1.1 GET http://localhost:5000/api/users - 200 null application/json; charset=utf-8 150.3989ms
2026-08-08 20:32:37.337 +05:30 [INF] Request starting HTTP/1.1 GET http://localhost:5000/api/dashboard?from=2026-07-09&to=2026-08-08 - null null
2026-08-08 20:32:37.338 +05:30 [INF] Executing endpoint 'Billing.API.Controllers.DashboardController.GetDashboard (Billing.API)'
2026-08-08 20:32:37.346 +05:30 [INF] Route matched with {action = "GetDashboard", controller = "Dashboard"}. Executing controller action with signature System.Threading.Tasks.Task`1[Microsoft.AspNetCore.Mvc.IActionResult] GetDashboard(System.Nullable`1[System.DateTime], System.Nullable`1[System.DateTime], System.Threading.CancellationToken) on controller Billing.API.Controllers.DashboardController (Billing.API).
2026-08-08 20:32:37.350 +05:30 [INF] Handling GetDashboardQuery
2026-08-08 20:32:45.624 +05:30 [WRN] Redis connection failed; falling back to in-memory cache.
StackExchange.Redis.RedisConnectionException: It was not possible to connect to the redis server(s). Error connecting right now. To allow this multiplexer to continue retrying until it's able to connect, use abortConnect=false in your connection string or AbortOnConnectFail=false; in your code.
   at StackExchange.Redis.ConnectionMultiplexer.ConnectImplAsync(ConfigurationOptions configuration, TextWriter writer, Nullable`1 serverType) in /_/src/StackExchange.Redis/ConnectionMultiplexer.cs:line 620
   at Billing.Infrastructure.Caching.RedisCacheService.GetDatabaseAsync() in D:\Projects\ERP\NewShop\src\Billing.Infrastructure\Caching\RedisCacheService.cs:line 44
2026-08-08 20:32:45.810 +05:30 [INF] Handled GetDashboardQuery in 8459ms
2026-08-08 20:32:45.810 +05:30 [INF] Executing OkObjectResult, writing value of type 'Billing.Shared.Results.Result`1[[Billing.Application.DTOs.DashboardDto, Billing.Application, Version=1.0.0.0, Culture=neutral, PublicKeyToken=null]]'.
2026-08-08 20:32:45.842 +05:30 [INF] Executed action Billing.API.Controllers.DashboardController.GetDashboard (Billing.API) in 8496.3406ms
2026-08-08 20:32:45.842 +05:30 [INF] Executed endpoint 'Billing.API.Controllers.DashboardController.GetDashboard (Billing.API)'
2026-08-08 20:32:45.843 +05:30 [INF] HTTP GET /api/dashboard responded 200 in 8505.6233 ms
2026-08-08 20:32:45.843 +05:30 [INF] Request finished HTTP/1.1 GET http://localhost:5000/api/dashboard?from=2026-07-09&to=2026-08-08 - 200 null application/json; charset=utf-8 8505.9468ms
2026-08-08 20:33:20.904 +05:30 [INF] Request starting HTTP/1.1 GET http://localhost:5000/api/sales?page=1&pageSize=10 - null null
2026-08-08 20:33:20.905 +05:30 [INF] Executing endpoint 'Billing.API.Controllers.SalesController.GetSales (Billing.API)'
2026-08-08 20:33:20.915 +05:30 [INF] Route matched with {action = "GetSales", controller = "Sales"}. Executing controller action with signature System.Threading.Tasks.Task`1[Microsoft.AspNetCore.Mvc.IActionResult] GetSales(System.Nullable`1[System.DateTime], System.Nullable`1[System.DateTime], Int32, Int32, System.Threading.CancellationToken) on controller Billing.API.Controllers.SalesController (Billing.API).
2026-08-08 20:33:20.922 +05:30 [INF] Handling GetSalesQuery
2026-08-08 20:33:20.960 +05:30 [INF] Handled GetSalesQuery in 38ms
2026-08-08 20:33:20.961 +05:30 [INF] Executing OkObjectResult, writing value of type 'Billing.Shared.Results.Result`1[[Billing.Application.Common.PagedResult`1[[Billing.Application.DTOs.Sales.SaleDto, Billing.Application, Version=1.0.0.0, Culture=neutral, PublicKeyToken=null]], Billing.Application, Version=1.0.0.0, Culture=neutral, PublicKeyToken=null]]'.
2026-08-08 20:33:21.008 +05:30 [INF] Executed action Billing.API.Controllers.SalesController.GetSales (Billing.API) in 93.366ms
2026-08-08 20:33:21.008 +05:30 [INF] Executed endpoint 'Billing.API.Controllers.SalesController.GetSales (Billing.API)'
2026-08-08 20:33:21.009 +05:30 [INF] HTTP GET /api/sales responded 200 in 104.5820 ms
2026-08-08 20:33:21.009 +05:30 [INF] Request finished HTTP/1.1 GET http://localhost:5000/api/sales?page=1&pageSize=10 - 200 null application/json; charset=utf-8 104.989ms
2026-08-08 20:37:28.094 +05:30 [INF] User profile is available. Using 'C:\Users\susha\AppData\Local\ASP.NET\DataProtection-Keys' as key repository and Windows DPAPI to encrypt keys at rest.
2026-08-08 20:37:28.190 +05:30 [INF] Now listening on: http://localhost:5000
2026-08-08 20:37:28.191 +05:30 [INF] Application started. Press Ctrl+C to shut down.
2026-08-08 20:37:28.191 +05:30 [INF] Hosting environment: Development
2026-08-08 20:37:28.191 +05:30 [INF] Content root path: D:\Projects\ERP\NewShop\src\Billing.API
2026-08-08 20:38:12.252 +05:30 [INF] Request starting HTTP/1.1 GET http://localhost:5000/api/dashboard?from=2026-07-09&to=2026-08-08 - null null
2026-08-08 20:38:12.480 +05:30 [INF] Executing endpoint 'Billing.API.Controllers.DashboardController.GetDashboard (Billing.API)'
2026-08-08 20:38:12.526 +05:30 [INF] Route matched with {action = "GetDashboard", controller = "Dashboard"}. Executing controller action with signature System.Threading.Tasks.Task`1[Microsoft.AspNetCore.Mvc.IActionResult] GetDashboard(System.Nullable`1[System.DateTime], System.Nullable`1[System.DateTime], System.Threading.CancellationToken) on controller Billing.API.Controllers.DashboardController (Billing.API).
2026-08-08 20:38:12.597 +05:30 [INF] Handling GetDashboardQuery
2026-08-08 20:38:20.978 +05:30 [WRN] Redis connection failed; falling back to in-memory cache.
StackExchange.Redis.RedisConnectionException: It was not possible to connect to the redis server(s). Error connecting right now. To allow this multiplexer to continue retrying until it's able to connect, use abortConnect=false in your connection string or AbortOnConnectFail=false; in your code.
   at StackExchange.Redis.ConnectionMultiplexer.ConnectImplAsync(ConfigurationOptions configuration, TextWriter writer, Nullable`1 serverType) in /_/src/StackExchange.Redis/ConnectionMultiplexer.cs:line 620
   at Billing.Infrastructure.Caching.RedisCacheService.GetDatabaseAsync() in D:\Projects\ERP\NewShop\src\Billing.Infrastructure\Caching\RedisCacheService.cs:line 44
2026-08-08 20:38:22.377 +05:30 [INF] Handled GetDashboardQuery in 9780ms
2026-08-08 20:38:22.401 +05:30 [INF] Executing OkObjectResult, writing value of type 'Billing.Shared.Results.Result`1[[Billing.Application.DTOs.DashboardDto, Billing.Application, Version=1.0.0.0, Culture=neutral, PublicKeyToken=null]]'.
2026-08-08 20:38:22.524 +05:30 [INF] Executed action Billing.API.Controllers.DashboardController.GetDashboard (Billing.API) in 9992.6451ms
2026-08-08 20:38:22.524 +05:30 [INF] Executed endpoint 'Billing.API.Controllers.DashboardController.GetDashboard (Billing.API)'
2026-08-08 20:38:22.532 +05:30 [INF] HTTP GET /api/dashboard responded 200 in 10224.4196 ms
2026-08-08 20:38:22.538 +05:30 [INF] Request finished HTTP/1.1 GET http://localhost:5000/api/dashboard?from=2026-07-09&to=2026-08-08 - 200 null application/json; charset=utf-8 10288.8446ms
2026-08-08 20:41:03.460 +05:30 [INF] Request starting HTTP/1.1 GET http://localhost:5000/api/dashboard?from=2026-06-09&to=2026-07-09 - null null
2026-08-08 20:41:03.474 +05:30 [INF] Executing endpoint 'Billing.API.Controllers.DashboardController.GetDashboard (Billing.API)'
2026-08-08 20:41:03.474 +05:30 [INF] Route matched with {action = "GetDashboard", controller = "Dashboard"}. Executing controller action with signature System.Threading.Tasks.Task`1[Microsoft.AspNetCore.Mvc.IActionResult] GetDashboard(System.Nullable`1[System.DateTime], System.Nullable`1[System.DateTime], System.Threading.CancellationToken) on controller Billing.API.Controllers.DashboardController (Billing.API).
2026-08-08 20:41:03.477 +05:30 [INF] Handling GetDashboardQuery
2026-08-08 20:41:03.584 +05:30 [INF] Handled GetDashboardQuery in 106ms
2026-08-08 20:41:03.584 +05:30 [INF] Executing OkObjectResult, writing value of type 'Billing.Shared.Results.Result`1[[Billing.Application.DTOs.DashboardDto, Billing.Application, Version=1.0.0.0, Culture=neutral, PublicKeyToken=null]]'.
2026-08-08 20:41:03.587 +05:30 [INF] Executed action Billing.API.Controllers.DashboardController.GetDashboard (Billing.API) in 112.7972ms
2026-08-08 20:41:03.587 +05:30 [INF] Executed endpoint 'Billing.API.Controllers.DashboardController.GetDashboard (Billing.API)'
2026-08-08 20:41:03.587 +05:30 [INF] HTTP GET /api/dashboard responded 200 in 124.4165 ms
2026-08-08 20:41:03.588 +05:30 [INF] Request finished HTTP/1.1 GET http://localhost:5000/api/dashboard?from=2026-06-09&to=2026-07-09 - 200 null application/json; charset=utf-8 127.3837ms
2026-08-08 20:42:06.668 +05:30 [INF] Request starting HTTP/1.1 GET http://localhost:5000/api/users - null null
2026-08-08 20:42:06.677 +05:30 [INF] Executing endpoint 'Billing.API.Controllers.UsersController.GetUsers (Billing.API)'
2026-08-08 20:42:06.688 +05:30 [INF] Route matched with {action = "GetUsers", controller = "Users"}. Executing controller action with signature System.Threading.Tasks.Task`1[Microsoft.AspNetCore.Mvc.IActionResult] GetUsers(System.Threading.CancellationToken) on controller Billing.API.Controllers.UsersController (Billing.API).
2026-08-08 20:42:06.694 +05:30 [INF] Handling GetUsersQuery
2026-08-08 20:42:06.841 +05:30 [INF] Handled GetUsersQuery in 146ms
2026-08-08 20:42:06.842 +05:30 [INF] Executing OkObjectResult, writing value of type 'Billing.Shared.Results.Result`1[[System.Collections.Generic.IReadOnlyList`1[[Billing.Application.DTOs.Users.UserDto, Billing.Application, Version=1.0.0.0, Culture=neutral, PublicKeyToken=null]], System.Private.CoreLib, Version=9.0.0.0, Culture=neutral, PublicKeyToken=7cec85d7bea7798e]]'.
2026-08-08 20:42:06.869 +05:30 [INF] Executed action Billing.API.Controllers.UsersController.GetUsers (Billing.API) in 180.4857ms
2026-08-08 20:42:06.869 +05:30 [INF] Executed endpoint 'Billing.API.Controllers.UsersController.GetUsers (Billing.API)'
2026-08-08 20:42:06.869 +05:30 [INF] HTTP GET /api/users responded 200 in 200.6314 ms
2026-08-08 20:42:06.869 +05:30 [INF] Request finished HTTP/1.1 GET http://localhost:5000/api/users - 200 null application/json; charset=utf-8 200.9576ms
2026-08-08 20:42:08.435 +05:30 [INF] Request starting HTTP/1.1 GET http://localhost:5000/api/products?page=1&pageSize=10 - null null
2026-08-08 20:42:08.435 +05:30 [INF] Executing endpoint 'Billing.API.Controllers.ProductsController.GetProducts (Billing.API)'
2026-08-08 20:42:08.446 +05:30 [INF] Route matched with {action = "GetProducts", controller = "Products"}. Executing controller action with signature System.Threading.Tasks.Task`1[Microsoft.AspNetCore.Mvc.IActionResult] GetProducts(Int32, Int32, System.String, System.String, Boolean, System.Threading.CancellationToken) on controller Billing.API.Controllers.ProductsController (Billing.API).
2026-08-08 20:42:08.452 +05:30 [INF] Handling GetProductsQuery
2026-08-08 20:42:08.776 +05:30 [INF] Handled GetProductsQuery in 324ms
2026-08-08 20:42:08.776 +05:30 [INF] Executing OkObjectResult, writing value of type 'Billing.Shared.Results.Result`1[[Billing.Application.Common.PagedResult`1[[Billing.Application.DTOs.Products.ProductDto, Billing.Application, Version=1.0.0.0, Culture=neutral, PublicKeyToken=null]], Billing.Application, Version=1.0.0.0, Culture=neutral, PublicKeyToken=null]]'.
2026-08-08 20:42:08.800 +05:30 [INF] Executed action Billing.API.Controllers.ProductsController.GetProducts (Billing.API) in 354.1141ms
2026-08-08 20:42:08.800 +05:30 [INF] Executed endpoint 'Billing.API.Controllers.ProductsController.GetProducts (Billing.API)'
2026-08-08 20:42:08.800 +05:30 [INF] HTTP GET /api/products responded 200 in 365.6831 ms
2026-08-08 20:42:08.801 +05:30 [INF] Request finished HTTP/1.1 GET http://localhost:5000/api/products?page=1&pageSize=10 - 200 null application/json; charset=utf-8 365.994ms
2026-08-08 20:42:11.750 +05:30 [INF] Request starting HTTP/1.1 GET http://localhost:5000/api/customers?page=1&pageSize=50 - null null
2026-08-08 20:42:11.751 +05:30 [INF] Executing endpoint 'Billing.API.Controllers.CustomersController.GetCustomers (Billing.API)'
2026-08-08 20:42:11.770 +05:30 [INF] Route matched with {action = "GetCustomers", controller = "Customers"}. Executing controller action with signature System.Threading.Tasks.Task`1[Microsoft.AspNetCore.Mvc.IActionResult] GetCustomers(Int32, Int32, System.String, System.Threading.CancellationToken) on controller Billing.API.Controllers.CustomersController (Billing.API).
2026-08-08 20:42:11.778 +05:30 [INF] Handling GetCustomersQuery
2026-08-08 20:42:11.827 +05:30 [INF] Handled GetCustomersQuery in 49ms
2026-08-08 20:42:11.827 +05:30 [INF] Executing OkObjectResult, writing value of type 'Billing.Shared.Results.Result`1[[Billing.Application.Common.PagedResult`1[[Billing.Application.DTOs.CustomerDto, Billing.Application, Version=1.0.0.0, Culture=neutral, PublicKeyToken=null]], Billing.Application, Version=1.0.0.0, Culture=neutral, PublicKeyToken=null]]'.
2026-08-08 20:42:11.834 +05:30 [INF] Executed action Billing.API.Controllers.CustomersController.GetCustomers (Billing.API) in 64.4039ms
2026-08-08 20:42:11.835 +05:30 [INF] Executed endpoint 'Billing.API.Controllers.CustomersController.GetCustomers (Billing.API)'
2026-08-08 20:42:11.835 +05:30 [INF] HTTP GET /api/customers responded 200 in 84.5714 ms
2026-08-08 20:42:11.835 +05:30 [INF] Request finished HTTP/1.1 GET http://localhost:5000/api/customers?page=1&pageSize=50 - 200 null application/json; charset=utf-8 84.9514ms
2026-08-08 20:42:17.148 +05:30 [INF] Request starting HTTP/1.1 GET http://localhost:5000/api/products/search?term=us&limit=20 - null null
2026-08-08 20:42:17.149 +05:30 [INF] Executing endpoint 'Billing.API.Controllers.ProductsController.Search (Billing.API)'
2026-08-08 20:42:17.161 +05:30 [INF] Route matched with {action = "Search", controller = "Products"}. Executing controller action with signature System.Threading.Tasks.Task`1[Microsoft.AspNetCore.Mvc.IActionResult] Search(System.String, Int32, System.Threading.CancellationToken) on controller Billing.API.Controllers.ProductsController (Billing.API).
2026-08-08 20:42:17.175 +05:30 [INF] Handling SearchProductsQuery
2026-08-08 20:42:17.252 +05:30 [INF] Handled SearchProductsQuery in 77ms
2026-08-08 20:42:17.252 +05:30 [INF] Executing OkObjectResult, writing value of type 'Billing.Shared.Results.Result`1[[System.Collections.Generic.IReadOnlyList`1[[Billing.Application.DTOs.Products.ProductDto, Billing.Application, Version=1.0.0.0, Culture=neutral, PublicKeyToken=null]], System.Private.CoreLib, Version=9.0.0.0, Culture=neutral, PublicKeyToken=7cec85d7bea7798e]]'.
2026-08-08 20:42:17.256 +05:30 [INF] Executed action Billing.API.Controllers.ProductsController.Search (Billing.API) in 95.2019ms
2026-08-08 20:42:17.256 +05:30 [INF] Executed endpoint 'Billing.API.Controllers.ProductsController.Search (Billing.API)'
2026-08-08 20:42:17.256 +05:30 [INF] HTTP GET /api/products/search responded 200 in 108.2355 ms
2026-08-08 20:42:17.256 +05:30 [INF] Request finished HTTP/1.1 GET http://localhost:5000/api/products/search?term=us&limit=20 - 200 null application/json; charset=utf-8 108.58ms
2026-08-08 20:42:17.536 +05:30 [INF] Request starting HTTP/1.1 GET http://localhost:5000/api/products/search?term=usb&limit=20 - null null
2026-08-08 20:42:17.538 +05:30 [INF] Executing endpoint 'Billing.API.Controllers.ProductsController.Search (Billing.API)'
2026-08-08 20:42:17.538 +05:30 [INF] Route matched with {action = "Search", controller = "Products"}. Executing controller action with signature System.Threading.Tasks.Task`1[Microsoft.AspNetCore.Mvc.IActionResult] Search(System.String, Int32, System.Threading.CancellationToken) on controller Billing.API.Controllers.ProductsController (Billing.API).
2026-08-08 20:42:17.541 +05:30 [INF] Handling SearchProductsQuery
2026-08-08 20:42:17.583 +05:30 [INF] Handled SearchProductsQuery in 41ms
2026-08-08 20:42:17.583 +05:30 [INF] Executing OkObjectResult, writing value of type 'Billing.Shared.Results.Result`1[[System.Collections.Generic.IReadOnlyList`1[[Billing.Application.DTOs.Products.ProductDto, Billing.Application, Version=1.0.0.0, Culture=neutral, PublicKeyToken=null]], System.Private.CoreLib, Version=9.0.0.0, Culture=neutral, PublicKeyToken=7cec85d7bea7798e]]'.
2026-08-08 20:42:17.584 +05:30 [INF] Executed action Billing.API.Controllers.ProductsController.Search (Billing.API) in 45.5665ms
2026-08-08 20:42:17.584 +05:30 [INF] Executed endpoint 'Billing.API.Controllers.ProductsController.Search (Billing.API)'
2026-08-08 20:42:17.584 +05:30 [INF] HTTP GET /api/products/search responded 200 in 47.0519 ms
2026-08-08 20:42:17.584 +05:30 [INF] Request finished HTTP/1.1 GET http://localhost:5000/api/products/search?term=usb&limit=20 - 200 null application/json; charset=utf-8 47.8869ms
2026-08-08 20:42:17.746 +05:30 [INF] Request starting HTTP/1.1 GET http://localhost:5000/api/products/search?term=usb+&limit=20 - null null
2026-08-08 20:42:17.749 +05:30 [INF] Executing endpoint 'Billing.API.Controllers.ProductsController.Search (Billing.API)'
2026-08-08 20:42:17.749 +05:30 [INF] Route matched with {action = "Search", controller = "Products"}. Executing controller action with signature System.Threading.Tasks.Task`1[Microsoft.AspNetCore.Mvc.IActionResult] Search(System.String, Int32, System.Threading.CancellationToken) on controller Billing.API.Controllers.ProductsController (Billing.API).
2026-08-08 20:42:17.762 +05:30 [INF] Handling SearchProductsQuery
2026-08-08 20:42:17.812 +05:30 [INF] Handled SearchProductsQuery in 49ms
2026-08-08 20:42:17.812 +05:30 [INF] Executing OkObjectResult, writing value of type 'Billing.Shared.Results.Result`1[[System.Collections.Generic.IReadOnlyList`1[[Billing.Application.DTOs.Products.ProductDto, Billing.Application, Version=1.0.0.0, Culture=neutral, PublicKeyToken=null]], System.Private.CoreLib, Version=9.0.0.0, Culture=neutral, PublicKeyToken=7cec85d7bea7798e]]'.
2026-08-08 20:42:17.813 +05:30 [INF] Executed action Billing.API.Controllers.ProductsController.Search (Billing.API) in 63.659ms
2026-08-08 20:42:17.813 +05:30 [INF] Executed endpoint 'Billing.API.Controllers.ProductsController.Search (Billing.API)'
2026-08-08 20:42:17.813 +05:30 [INF] HTTP GET /api/products/search responded 200 in 66.4051 ms
2026-08-08 20:42:17.813 +05:30 [INF] Request finished HTTP/1.1 GET http://localhost:5000/api/products/search?term=usb+&limit=20 - 200 null application/json; charset=utf-8 67.1734ms
2026-08-08 20:42:40.607 +05:30 [INF] Request starting HTTP/1.1 POST http://localhost:5000/api/sales - application/json 202
2026-08-08 20:42:40.614 +05:30 [INF] CORS policy execution successful.
2026-08-08 20:42:40.621 +05:30 [INF] Failed to validate the token.
Microsoft.IdentityModel.Tokens.SecurityTokenExpiredException: IDX10223: Lifetime validation failed. The token is expired. ValidTo (UTC): '8/8/2026 3:11:55 PM', Current time (UTC): '8/8/2026 3:12:40 PM'.
   at Microsoft.IdentityModel.Tokens.ValidatorUtilities.ValidateLifetime(Nullable`1 notBefore, Nullable`1 expires, SecurityToken securityToken, TokenValidationParameters validationParameters)
   at Microsoft.IdentityModel.Tokens.Validators.ValidateLifetime(Nullable`1 notBefore, Nullable`1 expires, SecurityToken securityToken, TokenValidationParameters validationParameters)
   at Microsoft.IdentityModel.JsonWebTokens.JsonWebTokenHandler.ValidateTokenPayloadAsync(JsonWebToken jsonWebToken, TokenValidationParameters validationParameters, BaseConfiguration configuration)
   at Microsoft.IdentityModel.JsonWebTokens.JsonWebTokenHandler.ValidateJWSAsync(JsonWebToken jsonWebToken, TokenValidationParameters validationParameters, BaseConfiguration configuration)
2026-08-08 20:42:40.621 +05:30 [INF] Bearer was not authenticated. Failure message: IDX10223: Lifetime validation failed. The token is expired. ValidTo (UTC): '8/8/2026 3:11:55 PM', Current time (UTC): '8/8/2026 3:12:40 PM'.
2026-08-08 20:42:40.623 +05:30 [INF] Authorization failed. These requirements were not met:
DenyAnonymousAuthorizationRequirement: Requires an authenticated user.
Billing.Identity.Authorization.PermissionRequirement
2026-08-08 20:42:40.634 +05:30 [INF] AuthenticationScheme: Bearer was challenged.
2026-08-08 20:42:40.634 +05:30 [INF] HTTP POST /api/sales responded 401 in 26.9282 ms
2026-08-08 20:42:40.639 +05:30 [INF] Request finished HTTP/1.1 POST http://localhost:5000/api/sales - 401 0 null 31.0783ms
2026-08-08 20:42:40.652 +05:30 [INF] Request starting HTTP/1.1 POST http://localhost:5000/api/auth/refresh - application/json 1131
2026-08-08 20:42:40.653 +05:30 [INF] CORS policy execution successful.
2026-08-08 20:42:40.654 +05:30 [INF] Failed to validate the token.
Microsoft.IdentityModel.Tokens.SecurityTokenExpiredException: IDX10223: Lifetime validation failed. The token is expired. ValidTo (UTC): '8/8/2026 3:11:55 PM', Current time (UTC): '8/8/2026 3:12:40 PM'.
   at Microsoft.IdentityModel.Tokens.ValidatorUtilities.ValidateLifetime(Nullable`1 notBefore, Nullable`1 expires, SecurityToken securityToken, TokenValidationParameters validationParameters)
   at Microsoft.IdentityModel.Tokens.Validators.ValidateLifetime(Nullable`1 notBefore, Nullable`1 expires, SecurityToken securityToken, TokenValidationParameters validationParameters)
   at Microsoft.IdentityModel.JsonWebTokens.JsonWebTokenHandler.ValidateTokenPayloadAsync(JsonWebToken jsonWebToken, TokenValidationParameters validationParameters, BaseConfiguration configuration)
   at Microsoft.IdentityModel.JsonWebTokens.JsonWebTokenHandler.ValidateJWSAsync(JsonWebToken jsonWebToken, TokenValidationParameters validationParameters, BaseConfiguration configuration)
2026-08-08 20:42:40.654 +05:30 [INF] Bearer was not authenticated. Failure message: IDX10223: Lifetime validation failed. The token is expired. ValidTo (UTC): '8/8/2026 3:11:55 PM', Current time (UTC): '8/8/2026 3:12:40 PM'.
2026-08-08 20:42:40.654 +05:30 [INF] Executing endpoint 'Billing.API.Controllers.AuthController.Refresh (Billing.API)'
2026-08-08 20:42:40.667 +05:30 [INF] Route matched with {action = "Refresh", controller = "Auth"}. Executing controller action with signature System.Threading.Tasks.Task`1[Microsoft.AspNetCore.Mvc.IActionResult] Refresh(Billing.Application.DTOs.Auth.RefreshRequest, System.Threading.CancellationToken) on controller Billing.API.Controllers.AuthController (Billing.API).
2026-08-08 20:42:40.970 +05:30 [INF] Executing OkObjectResult, writing value of type 'Billing.Shared.Results.Result`1[[Billing.Application.DTOs.Auth.RefreshResponse, Billing.Application, Version=1.0.0.0, Culture=neutral, PublicKeyToken=null]]'.
2026-08-08 20:42:40.977 +05:30 [INF] Executed action Billing.API.Controllers.AuthController.Refresh (Billing.API) in 310.3534ms
2026-08-08 20:42:40.977 +05:30 [INF] Executed endpoint 'Billing.API.Controllers.AuthController.Refresh (Billing.API)'
2026-08-08 20:42:40.977 +05:30 [INF] HTTP POST /api/auth/refresh responded 200 in 324.7174 ms
2026-08-08 20:42:40.980 +05:30 [INF] Request finished HTTP/1.1 POST http://localhost:5000/api/auth/refresh - 200 null application/json; charset=utf-8 327.1927ms
2026-08-08 20:42:40.992 +05:30 [INF] Request starting HTTP/1.1 POST http://localhost:5000/api/sales - application/json 202
2026-08-08 20:42:40.992 +05:30 [INF] CORS policy execution successful.
2026-08-08 20:42:40.993 +05:30 [INF] Executing endpoint 'Billing.API.Controllers.SalesController.CreateSale (Billing.API)'
2026-08-08 20:42:41.002 +05:30 [INF] Route matched with {action = "CreateSale", controller = "Sales"}. Executing controller action with signature System.Threading.Tasks.Task`1[Microsoft.AspNetCore.Mvc.IActionResult] CreateSale(Billing.Application.DTOs.Sales.CreateSaleRequest, System.Threading.CancellationToken) on controller Billing.API.Controllers.SalesController (Billing.API).
2026-08-08 20:42:41.053 +05:30 [INF] Handling CreateSaleCommand
2026-08-08 20:42:41.582 +05:30 [INF] Handled CreateSaleCommand in 529ms
2026-08-08 20:42:41.582 +05:30 [INF] Executing OkObjectResult, writing value of type 'Billing.Shared.Results.Result`1[[Billing.Application.DTOs.Sales.SaleDto, Billing.Application, Version=1.0.0.0, Culture=neutral, PublicKeyToken=null]]'.
2026-08-08 20:42:41.631 +05:30 [INF] Executed action Billing.API.Controllers.SalesController.CreateSale (Billing.API) in 628.5803ms
2026-08-08 20:42:41.631 +05:30 [INF] Executed endpoint 'Billing.API.Controllers.SalesController.CreateSale (Billing.API)'
2026-08-08 20:42:41.631 +05:30 [INF] HTTP POST /api/sales responded 200 in 638.8490 ms
2026-08-08 20:42:41.631 +05:30 [INF] Request finished HTTP/1.1 POST http://localhost:5000/api/sales - 200 null application/json; charset=utf-8 639.2434ms
2026-08-08 20:42:41.684 +05:30 [INF] Request starting HTTP/1.1 GET http://localhost:5000/api/sales/fe16b82b-e3ef-436e-9131-383c10a5f947 - null null
2026-08-08 20:42:41.686 +05:30 [INF] Executing endpoint 'Billing.API.Controllers.SalesController.GetSale (Billing.API)'
2026-08-08 20:42:41.696 +05:30 [INF] Route matched with {action = "GetSale", controller = "Sales"}. Executing controller action with signature System.Threading.Tasks.Task`1[Microsoft.AspNetCore.Mvc.IActionResult] GetSale(System.Guid, System.Threading.CancellationToken) on controller Billing.API.Controllers.SalesController (Billing.API).
2026-08-08 20:42:41.699 +05:30 [INF] Handling GetSaleByIdQuery
2026-08-08 20:42:41.736 +05:30 [INF] Handled GetSaleByIdQuery in 37ms
2026-08-08 20:42:41.737 +05:30 [INF] Executing OkObjectResult, writing value of type 'Billing.Shared.Results.Result`1[[Billing.Application.DTOs.Sales.SaleDto, Billing.Application, Version=1.0.0.0, Culture=neutral, PublicKeyToken=null]]'.
2026-08-08 20:42:41.738 +05:30 [INF] Executed action Billing.API.Controllers.SalesController.GetSale (Billing.API) in 42.2799ms
2026-08-08 20:42:41.738 +05:30 [INF] Executed endpoint 'Billing.API.Controllers.SalesController.GetSale (Billing.API)'
2026-08-08 20:42:41.738 +05:30 [INF] HTTP GET /api/sales/fe16b82b-e3ef-436e-9131-383c10a5f947 responded 200 in 53.3033 ms
2026-08-08 20:42:41.738 +05:30 [INF] Request finished HTTP/1.1 GET http://localhost:5000/api/sales/fe16b82b-e3ef-436e-9131-383c10a5f947 - 200 null application/json; charset=utf-8 54.131ms
2026-08-08 20:43:07.492 +05:30 [INF] Request starting HTTP/1.1 GET http://localhost:5000/api/dashboard?from=2026-06-09&to=2026-07-09 - null null
2026-08-08 20:43:07.492 +05:30 [INF] Request starting HTTP/1.1 GET http://localhost:5000/api/dashboard?from=2026-07-09&to=2026-08-08 - null null
2026-08-08 20:43:07.493 +05:30 [INF] Executing endpoint 'Billing.API.Controllers.DashboardController.GetDashboard (Billing.API)'
2026-08-08 20:43:07.493 +05:30 [INF] Executing endpoint 'Billing.API.Controllers.DashboardController.GetDashboard (Billing.API)'
2026-08-08 20:43:07.493 +05:30 [INF] Route matched with {action = "GetDashboard", controller = "Dashboard"}. Executing controller action with signature System.Threading.Tasks.Task`1[Microsoft.AspNetCore.Mvc.IActionResult] GetDashboard(System.Nullable`1[System.DateTime], System.Nullable`1[System.DateTime], System.Threading.CancellationToken) on controller Billing.API.Controllers.DashboardController (Billing.API).
2026-08-08 20:43:07.493 +05:30 [INF] Route matched with {action = "GetDashboard", controller = "Dashboard"}. Executing controller action with signature System.Threading.Tasks.Task`1[Microsoft.AspNetCore.Mvc.IActionResult] GetDashboard(System.Nullable`1[System.DateTime], System.Nullable`1[System.DateTime], System.Threading.CancellationToken) on controller Billing.API.Controllers.DashboardController (Billing.API).
2026-08-08 20:43:07.497 +05:30 [INF] Handling GetDashboardQuery
2026-08-08 20:43:07.497 +05:30 [INF] Handling GetDashboardQuery
2026-08-08 20:43:07.738 +05:30 [INF] Handled GetDashboardQuery in 241ms
2026-08-08 20:43:07.739 +05:30 [INF] Handled GetDashboardQuery in 242ms
2026-08-08 20:43:07.740 +05:30 [INF] Executing OkObjectResult, writing value of type 'Billing.Shared.Results.Result`1[[Billing.Application.DTOs.DashboardDto, Billing.Application, Version=1.0.0.0, Culture=neutral, PublicKeyToken=null]]'.
2026-08-08 20:43:07.740 +05:30 [INF] Executing OkObjectResult, writing value of type 'Billing.Shared.Results.Result`1[[Billing.Application.DTOs.DashboardDto, Billing.Application, Version=1.0.0.0, Culture=neutral, PublicKeyToken=null]]'.
2026-08-08 20:43:07.741 +05:30 [INF] Executed action Billing.API.Controllers.DashboardController.GetDashboard (Billing.API) in 248.7495ms
2026-08-08 20:43:07.742 +05:30 [INF] Executed endpoint 'Billing.API.Controllers.DashboardController.GetDashboard (Billing.API)'
2026-08-08 20:43:07.742 +05:30 [INF] HTTP GET /api/dashboard responded 200 in 249.9747 ms
2026-08-08 20:43:07.742 +05:30 [INF] Executed action Billing.API.Controllers.DashboardController.GetDashboard (Billing.API) in 248.737ms
2026-08-08 20:43:07.742 +05:30 [INF] Executed endpoint 'Billing.API.Controllers.DashboardController.GetDashboard (Billing.API)'
2026-08-08 20:43:07.742 +05:30 [INF] Request finished HTTP/1.1 GET http://localhost:5000/api/dashboard?from=2026-06-09&to=2026-07-09 - 200 null application/json; charset=utf-8 250.2837ms
2026-08-08 20:43:07.742 +05:30 [INF] HTTP GET /api/dashboard responded 200 in 249.9292 ms
2026-08-08 20:43:07.742 +05:30 [INF] Request finished HTTP/1.1 GET http://localhost:5000/api/dashboard?from=2026-07-09&to=2026-08-08 - 200 null application/json; charset=utf-8 250.0791ms
2026-08-08 20:43:31.157 +05:30 [INF] Request starting HTTP/1.1 GET http://localhost:5000/api/products?page=1&pageSize=10 - null null
2026-08-08 20:43:31.158 +05:30 [INF] Executing endpoint 'Billing.API.Controllers.ProductsController.GetProducts (Billing.API)'
2026-08-08 20:43:31.158 +05:30 [INF] Route matched with {action = "GetProducts", controller = "Products"}. Executing controller action with signature System.Threading.Tasks.Task`1[Microsoft.AspNetCore.Mvc.IActionResult] GetProducts(Int32, Int32, System.String, System.String, Boolean, System.Threading.CancellationToken) on controller Billing.API.Controllers.ProductsController (Billing.API).
2026-08-08 20:43:31.159 +05:30 [INF] Handling GetProductsQuery
2026-08-08 20:43:31.177 +05:30 [INF] Handled GetProductsQuery in 17ms
2026-08-08 20:43:31.177 +05:30 [INF] Executing OkObjectResult, writing value of type 'Billing.Shared.Results.Result`1[[Billing.Application.Common.PagedResult`1[[Billing.Application.DTOs.Products.ProductDto, Billing.Application, Version=1.0.0.0, Culture=neutral, PublicKeyToken=null]], Billing.Application, Version=1.0.0.0, Culture=neutral, PublicKeyToken=null]]'.
2026-08-08 20:43:31.178 +05:30 [INF] Executed action Billing.API.Controllers.ProductsController.GetProducts (Billing.API) in 19.3147ms
2026-08-08 20:43:31.178 +05:30 [INF] Executed endpoint 'Billing.API.Controllers.ProductsController.GetProducts (Billing.API)'
2026-08-08 20:43:31.178 +05:30 [INF] HTTP GET /api/products responded 200 in 20.8463 ms
2026-08-08 20:43:31.178 +05:30 [INF] Request finished HTTP/1.1 GET http://localhost:5000/api/products?page=1&pageSize=10 - 200 null application/json; charset=utf-8 21.0977ms
2026-08-08 20:43:32.648 +05:30 [INF] Request starting HTTP/1.1 GET http://localhost:5000/api/customers?page=1&pageSize=10 - null null
2026-08-08 20:43:32.649 +05:30 [INF] Executing endpoint 'Billing.API.Controllers.CustomersController.GetCustomers (Billing.API)'
2026-08-08 20:43:32.649 +05:30 [INF] Route matched with {action = "GetCustomers", controller = "Customers"}. Executing controller action with signature System.Threading.Tasks.Task`1[Microsoft.AspNetCore.Mvc.IActionResult] GetCustomers(Int32, Int32, System.String, System.Threading.CancellationToken) on controller Billing.API.Controllers.CustomersController (Billing.API).
2026-08-08 20:43:32.650 +05:30 [INF] Handling GetCustomersQuery
2026-08-08 20:43:32.668 +05:30 [INF] Handled GetCustomersQuery in 18ms
2026-08-08 20:43:32.668 +05:30 [INF] Executing OkObjectResult, writing value of type 'Billing.Shared.Results.Result`1[[Billing.Application.Common.PagedResult`1[[Billing.Application.DTOs.CustomerDto, Billing.Application, Version=1.0.0.0, Culture=neutral, PublicKeyToken=null]], Billing.Application, Version=1.0.0.0, Culture=neutral, PublicKeyToken=null]]'.
2026-08-08 20:43:32.669 +05:30 [INF] Executed action Billing.API.Controllers.CustomersController.GetCustomers (Billing.API) in 20.0284ms
2026-08-08 20:43:32.669 +05:30 [INF] Executed endpoint 'Billing.API.Controllers.CustomersController.GetCustomers (Billing.API)'
2026-08-08 20:43:32.669 +05:30 [INF] HTTP GET /api/customers responded 200 in 20.9969 ms
2026-08-08 20:43:32.669 +05:30 [INF] Request finished HTTP/1.1 GET http://localhost:5000/api/customers?page=1&pageSize=10 - 200 null application/json; charset=utf-8 21.2633ms
2026-08-08 20:43:33.945 +05:30 [INF] Request starting HTTP/1.1 GET http://localhost:5000/api/suppliers?page=1&pageSize=10 - null null
2026-08-08 20:43:33.946 +05:30 [INF] Executing endpoint 'Billing.API.Controllers.SuppliersController.GetSuppliers (Billing.API)'
2026-08-08 20:43:33.959 +05:30 [INF] Route matched with {action = "GetSuppliers", controller = "Suppliers"}. Executing controller action with signature System.Threading.Tasks.Task`1[Microsoft.AspNetCore.Mvc.IActionResult] GetSuppliers(Int32, Int32, System.String, System.Threading.CancellationToken) on controller Billing.API.Controllers.SuppliersController (Billing.API).
2026-08-08 20:43:33.967 +05:30 [INF] Handling GetSuppliersQuery
2026-08-08 20:43:33.995 +05:30 [INF] Handled GetSuppliersQuery in 29ms
2026-08-08 20:43:33.995 +05:30 [INF] Executing OkObjectResult, writing value of type 'Billing.Shared.Results.Result`1[[Billing.Application.Common.PagedResult`1[[Billing.Application.DTOs.SupplierDto, Billing.Application, Version=1.0.0.0, Culture=neutral, PublicKeyToken=null]], Billing.Application, Version=1.0.0.0, Culture=neutral, PublicKeyToken=null]]'.
2026-08-08 20:43:34.005 +05:30 [INF] Executed action Billing.API.Controllers.SuppliersController.GetSuppliers (Billing.API) in 46.1584ms
2026-08-08 20:43:34.005 +05:30 [INF] Executed endpoint 'Billing.API.Controllers.SuppliersController.GetSuppliers (Billing.API)'
2026-08-08 20:43:34.006 +05:30 [INF] HTTP GET /api/suppliers responded 200 in 59.9585 ms
2026-08-08 20:43:34.006 +05:30 [INF] Request finished HTTP/1.1 GET http://localhost:5000/api/suppliers?page=1&pageSize=10 - 200 null application/json; charset=utf-8 60.3752ms
2026-08-08 20:43:35.188 +05:30 [INF] Request starting HTTP/1.1 GET http://localhost:5000/api/suppliers?page=1&pageSize=1000 - null null
2026-08-08 20:43:35.189 +05:30 [INF] Executing endpoint 'Billing.API.Controllers.SuppliersController.GetSuppliers (Billing.API)'
2026-08-08 20:43:35.189 +05:30 [INF] Route matched with {action = "GetSuppliers", controller = "Suppliers"}. Executing controller action with signature System.Threading.Tasks.Task`1[Microsoft.AspNetCore.Mvc.IActionResult] GetSuppliers(Int32, Int32, System.String, System.Threading.CancellationToken) on controller Billing.API.Controllers.SuppliersController (Billing.API).
2026-08-08 20:43:35.191 +05:30 [INF] Request starting HTTP/1.1 GET http://localhost:5000/api/purchases?page=1&pageSize=10 - null null
2026-08-08 20:43:35.191 +05:30 [INF] Handling GetSuppliersQuery
2026-08-08 20:43:35.192 +05:30 [INF] Executing endpoint 'Billing.API.Controllers.PurchasesController.GetPurchases (Billing.API)'
2026-08-08 20:43:35.204 +05:30 [INF] Route matched with {action = "GetPurchases", controller = "Purchases"}. Executing controller action with signature System.Threading.Tasks.Task`1[Microsoft.AspNetCore.Mvc.IActionResult] GetPurchases(Int32, Int32, System.Threading.CancellationToken) on controller Billing.API.Controllers.PurchasesController (Billing.API).
2026-08-08 20:43:35.211 +05:30 [INF] Handling GetPurchasesQuery
2026-08-08 20:43:35.215 +05:30 [INF] Handled GetSuppliersQuery in 23ms
2026-08-08 20:43:35.215 +05:30 [INF] Executing OkObjectResult, writing value of type 'Billing.Shared.Results.Result`1[[Billing.Application.Common.PagedResult`1[[Billing.Application.DTOs.SupplierDto, Billing.Application, Version=1.0.0.0, Culture=neutral, PublicKeyToken=null]], Billing.Application, Version=1.0.0.0, Culture=neutral, PublicKeyToken=null]]'.
2026-08-08 20:43:35.215 +05:30 [INF] Executed action Billing.API.Controllers.SuppliersController.GetSuppliers (Billing.API) in 26.4408ms
2026-08-08 20:43:35.216 +05:30 [INF] Executed endpoint 'Billing.API.Controllers.SuppliersController.GetSuppliers (Billing.API)'
2026-08-08 20:43:35.216 +05:30 [INF] HTTP GET /api/suppliers responded 200 in 27.9496 ms
2026-08-08 20:43:35.216 +05:30 [INF] Request finished HTTP/1.1 GET http://localhost:5000/api/suppliers?page=1&pageSize=1000 - 200 null application/json; charset=utf-8 28.2359ms
2026-08-08 20:43:35.249 +05:30 [INF] Handled GetPurchasesQuery in 37ms
2026-08-08 20:43:35.249 +05:30 [INF] Executing OkObjectResult, writing value of type 'Billing.Shared.Results.Result`1[[Billing.Application.Common.PagedResult`1[[Billing.Application.DTOs.PurchaseDto, Billing.Application, Version=1.0.0.0, Culture=neutral, PublicKeyToken=null]], Billing.Application, Version=1.0.0.0, Culture=neutral, PublicKeyToken=null]]'.
2026-08-08 20:43:35.259 +05:30 [INF] Executed action Billing.API.Controllers.PurchasesController.GetPurchases (Billing.API) in 54.9153ms
2026-08-08 20:43:35.259 +05:30 [INF] Executed endpoint 'Billing.API.Controllers.PurchasesController.GetPurchases (Billing.API)'
2026-08-08 20:43:35.259 +05:30 [INF] HTTP GET /api/purchases responded 200 in 67.7765 ms
2026-08-08 20:43:35.259 +05:30 [INF] Request finished HTTP/1.1 GET http://localhost:5000/api/purchases?page=1&pageSize=10 - 200 null application/json; charset=utf-8 68.1101ms
2026-08-08 20:44:23.060 +05:30 [INF] Request starting HTTP/1.1 GET http://localhost:5000/api/sales?page=1&pageSize=10 - null null
2026-08-08 20:44:23.060 +05:30 [INF] Executing endpoint 'Billing.API.Controllers.SalesController.GetSales (Billing.API)'
2026-08-08 20:44:23.070 +05:30 [INF] Route matched with {action = "GetSales", controller = "Sales"}. Executing controller action with signature System.Threading.Tasks.Task`1[Microsoft.AspNetCore.Mvc.IActionResult] GetSales(System.Nullable`1[System.DateTime], System.Nullable`1[System.DateTime], Int32, Int32, System.Threading.CancellationToken) on controller Billing.API.Controllers.SalesController (Billing.API).
2026-08-08 20:44:23.076 +05:30 [INF] Handling GetSalesQuery
2026-08-08 20:44:23.125 +05:30 [INF] Handled GetSalesQuery in 49ms
2026-08-08 20:44:23.125 +05:30 [INF] Executing OkObjectResult, writing value of type 'Billing.Shared.Results.Result`1[[Billing.Application.Common.PagedResult`1[[Billing.Application.DTOs.Sales.SaleDto, Billing.Application, Version=1.0.0.0, Culture=neutral, PublicKeyToken=null]], Billing.Application, Version=1.0.0.0, Culture=neutral, PublicKeyToken=null]]'.
2026-08-08 20:44:23.135 +05:30 [INF] Executed action Billing.API.Controllers.SalesController.GetSales (Billing.API) in 64.1527ms
2026-08-08 20:44:23.135 +05:30 [INF] Executed endpoint 'Billing.API.Controllers.SalesController.GetSales (Billing.API)'
2026-08-08 20:44:23.136 +05:30 [INF] HTTP GET /api/sales responded 200 in 75.5539 ms
2026-08-08 20:44:23.136 +05:30 [INF] Request finished HTTP/1.1 GET http://localhost:5000/api/sales?page=1&pageSize=10 - 200 null application/json; charset=utf-8 75.8509ms
2026-08-08 20:45:46.168 +05:30 [INF] Request starting HTTP/1.1 POST http://localhost:5000/api/users - application/json 135
2026-08-08 20:45:46.168 +05:30 [INF] CORS policy execution successful.
2026-08-08 20:45:46.169 +05:30 [INF] Executing endpoint 'Billing.API.Controllers.UsersController.CreateUser (Billing.API)'
2026-08-08 20:45:46.176 +05:30 [INF] Route matched with {action = "CreateUser", controller = "Users"}. Executing controller action with signature System.Threading.Tasks.Task`1[Microsoft.AspNetCore.Mvc.IActionResult] CreateUser(Billing.Application.DTOs.Users.CreateUserRequest, System.Threading.CancellationToken) on controller Billing.API.Controllers.UsersController (Billing.API).
2026-08-08 20:45:46.188 +05:30 [INF] Handling CreateUserCommand
2026-08-08 20:45:46.446 +05:30 [INF] Handled CreateUserCommand in 258ms
2026-08-08 20:45:46.447 +05:30 [INF] Executing UnprocessableEntityObjectResult, writing value of type 'Billing.Shared.Results.Result`1[[Billing.Application.DTOs.Users.UserDto, Billing.Application, Version=1.0.0.0, Culture=neutral, PublicKeyToken=null]]'.
2026-08-08 20:45:46.449 +05:30 [INF] Executed action Billing.API.Controllers.UsersController.CreateUser (Billing.API) in 273.3002ms
2026-08-08 20:45:46.449 +05:30 [INF] Executed endpoint 'Billing.API.Controllers.UsersController.CreateUser (Billing.API)'
2026-08-08 20:45:46.449 +05:30 [INF] HTTP POST /api/users responded 422 in 281.3502 ms
2026-08-08 20:45:46.449 +05:30 [INF] Request finished HTTP/1.1 POST http://localhost:5000/api/users - 422 null application/json; charset=utf-8 281.5395ms
2026-08-08 20:45:57.409 +05:30 [INF] Request starting HTTP/1.1 POST http://localhost:5000/api/users - application/json 137
2026-08-08 20:45:57.409 +05:30 [INF] CORS policy execution successful.
2026-08-08 20:45:57.410 +05:30 [INF] Executing endpoint 'Billing.API.Controllers.UsersController.CreateUser (Billing.API)'
2026-08-08 20:45:57.411 +05:30 [INF] Route matched with {action = "CreateUser", controller = "Users"}. Executing controller action with signature System.Threading.Tasks.Task`1[Microsoft.AspNetCore.Mvc.IActionResult] CreateUser(Billing.Application.DTOs.Users.CreateUserRequest, System.Threading.CancellationToken) on controller Billing.API.Controllers.UsersController (Billing.API).
2026-08-08 20:45:57.412 +05:30 [INF] Handling CreateUserCommand
2026-08-08 20:45:57.596 +05:30 [INF] Handled CreateUserCommand in 184ms
2026-08-08 20:45:57.596 +05:30 [INF] Executing UnprocessableEntityObjectResult, writing value of type 'Billing.Shared.Results.Result`1[[Billing.Application.DTOs.Users.UserDto, Billing.Application, Version=1.0.0.0, Culture=neutral, PublicKeyToken=null]]'.
2026-08-08 20:45:57.596 +05:30 [INF] Executed action Billing.API.Controllers.UsersController.CreateUser (Billing.API) in 185.7911ms
2026-08-08 20:45:57.596 +05:30 [INF] Executed endpoint 'Billing.API.Controllers.UsersController.CreateUser (Billing.API)'
2026-08-08 20:45:57.596 +05:30 [INF] HTTP POST /api/users responded 422 in 187.1702 ms
2026-08-08 20:45:57.597 +05:30 [INF] Request finished HTTP/1.1 POST http://localhost:5000/api/users - 422 null application/json; charset=utf-8 187.3806ms
2026-08-08 20:49:11.233 +05:30 [INF] Request starting HTTP/1.1 GET http://localhost:5000/api/products?page=1&pageSize=10 - null null
2026-08-08 20:49:11.283 +05:30 [INF] Executing endpoint 'Billing.API.Controllers.ProductsController.GetProducts (Billing.API)'
2026-08-08 20:49:11.287 +05:30 [INF] Route matched with {action = "GetProducts", controller = "Products"}. Executing controller action with signature System.Threading.Tasks.Task`1[Microsoft.AspNetCore.Mvc.IActionResult] GetProducts(Int32, Int32, System.String, System.String, Boolean, System.Threading.CancellationToken) on controller Billing.API.Controllers.ProductsController (Billing.API).
2026-08-08 20:49:11.326 +05:30 [INF] Handling GetProductsQuery
2026-08-08 20:49:11.506 +05:30 [INF] Handled GetProductsQuery in 180ms
2026-08-08 20:49:11.508 +05:30 [INF] Executing OkObjectResult, writing value of type 'Billing.Shared.Results.Result`1[[Billing.Application.Common.PagedResult`1[[Billing.Application.DTOs.Products.ProductDto, Billing.Application, Version=1.0.0.0, Culture=neutral, PublicKeyToken=null]], Billing.Application, Version=1.0.0.0, Culture=neutral, PublicKeyToken=null]]'.
2026-08-08 20:49:11.523 +05:30 [INF] Executed action Billing.API.Controllers.ProductsController.GetProducts (Billing.API) in 236.0398ms
2026-08-08 20:49:11.523 +05:30 [INF] Executed endpoint 'Billing.API.Controllers.ProductsController.GetProducts (Billing.API)'
2026-08-08 20:49:11.524 +05:30 [INF] HTTP GET /api/products responded 200 in 284.1498 ms
2026-08-08 20:49:11.524 +05:30 [INF] Request finished HTTP/1.1 GET http://localhost:5000/api/products?page=1&pageSize=10 - 200 null application/json; charset=utf-8 291.0885ms
2026-08-08 20:49:12.311 +05:30 [INF] Request starting HTTP/1.1 GET http://localhost:5000/api/customers?page=1&pageSize=10 - null null
2026-08-08 20:49:12.312 +05:30 [INF] Executing endpoint 'Billing.API.Controllers.CustomersController.GetCustomers (Billing.API)'
2026-08-08 20:49:12.312 +05:30 [INF] Route matched with {action = "GetCustomers", controller = "Customers"}. Executing controller action with signature System.Threading.Tasks.Task`1[Microsoft.AspNetCore.Mvc.IActionResult] GetCustomers(Int32, Int32, System.String, System.Threading.CancellationToken) on controller Billing.API.Controllers.CustomersController (Billing.API).
2026-08-08 20:49:12.320 +05:30 [INF] Handling GetCustomersQuery
2026-08-08 20:49:12.352 +05:30 [INF] Handled GetCustomersQuery in 32ms
2026-08-08 20:49:12.353 +05:30 [INF] Executing OkObjectResult, writing value of type 'Billing.Shared.Results.Result`1[[Billing.Application.Common.PagedResult`1[[Billing.Application.DTOs.CustomerDto, Billing.Application, Version=1.0.0.0, Culture=neutral, PublicKeyToken=null]], Billing.Application, Version=1.0.0.0, Culture=neutral, PublicKeyToken=null]]'.
2026-08-08 20:49:12.353 +05:30 [INF] Executed action Billing.API.Controllers.CustomersController.GetCustomers (Billing.API) in 40.7782ms
2026-08-08 20:49:12.354 +05:30 [INF] Executed endpoint 'Billing.API.Controllers.CustomersController.GetCustomers (Billing.API)'
2026-08-08 20:49:12.354 +05:30 [INF] HTTP GET /api/customers responded 200 in 43.0544 ms
2026-08-08 20:49:12.354 +05:30 [INF] Request finished HTTP/1.1 GET http://localhost:5000/api/customers?page=1&pageSize=10 - 200 null application/json; charset=utf-8 43.4377ms
2026-08-08 20:49:13.530 +05:30 [INF] Request starting HTTP/1.1 GET http://localhost:5000/api/suppliers?page=1&pageSize=10 - null null
2026-08-08 20:49:13.531 +05:30 [INF] Executing endpoint 'Billing.API.Controllers.SuppliersController.GetSuppliers (Billing.API)'
2026-08-08 20:49:13.532 +05:30 [INF] Route matched with {action = "GetSuppliers", controller = "Suppliers"}. Executing controller action with signature System.Threading.Tasks.Task`1[Microsoft.AspNetCore.Mvc.IActionResult] GetSuppliers(Int32, Int32, System.String, System.Threading.CancellationToken) on controller Billing.API.Controllers.SuppliersController (Billing.API).
2026-08-08 20:49:13.536 +05:30 [INF] Handling GetSuppliersQuery
2026-08-08 20:49:13.554 +05:30 [INF] Handled GetSuppliersQuery in 17ms
2026-08-08 20:49:13.554 +05:30 [INF] Executing OkObjectResult, writing value of type 'Billing.Shared.Results.Result`1[[Billing.Application.Common.PagedResult`1[[Billing.Application.DTOs.SupplierDto, Billing.Application, Version=1.0.0.0, Culture=neutral, PublicKeyToken=null]], Billing.Application, Version=1.0.0.0, Culture=neutral, PublicKeyToken=null]]'.
2026-08-08 20:49:13.556 +05:30 [INF] Executed action Billing.API.Controllers.SuppliersController.GetSuppliers (Billing.API) in 24.0277ms
2026-08-08 20:49:13.556 +05:30 [INF] Executed endpoint 'Billing.API.Controllers.SuppliersController.GetSuppliers (Billing.API)'
2026-08-08 20:49:13.556 +05:30 [INF] HTTP GET /api/suppliers responded 200 in 25.3878 ms
2026-08-08 20:49:13.556 +05:30 [INF] Request finished HTTP/1.1 GET http://localhost:5000/api/suppliers?page=1&pageSize=10 - 200 null application/json; charset=utf-8 25.9615ms
2026-08-08 20:49:14.423 +05:30 [INF] Request starting HTTP/1.1 GET http://localhost:5000/api/purchases?page=1&pageSize=10 - null null
2026-08-08 20:49:14.423 +05:30 [INF] Request starting HTTP/1.1 GET http://localhost:5000/api/suppliers?page=1&pageSize=1000 - null null
2026-08-08 20:49:14.423 +05:30 [INF] Executing endpoint 'Billing.API.Controllers.PurchasesController.GetPurchases (Billing.API)'
2026-08-08 20:49:14.423 +05:30 [INF] Route matched with {action = "GetPurchases", controller = "Purchases"}. Executing controller action with signature System.Threading.Tasks.Task`1[Microsoft.AspNetCore.Mvc.IActionResult] GetPurchases(Int32, Int32, System.Threading.CancellationToken) on controller Billing.API.Controllers.PurchasesController (Billing.API).
2026-08-08 20:49:14.427 +05:30 [INF] Executing endpoint 'Billing.API.Controllers.SuppliersController.GetSuppliers (Billing.API)'
2026-08-08 20:49:14.427 +05:30 [INF] Route matched with {action = "GetSuppliers", controller = "Suppliers"}. Executing controller action with signature System.Threading.Tasks.Task`1[Microsoft.AspNetCore.Mvc.IActionResult] GetSuppliers(Int32, Int32, System.String, System.Threading.CancellationToken) on controller Billing.API.Controllers.SuppliersController (Billing.API).
2026-08-08 20:49:14.427 +05:30 [INF] Handling GetSuppliersQuery
2026-08-08 20:49:14.427 +05:30 [INF] Handling GetPurchasesQuery
2026-08-08 20:49:14.461 +05:30 [INF] Handled GetSuppliersQuery in 33ms
2026-08-08 20:49:14.461 +05:30 [INF] Executing OkObjectResult, writing value of type 'Billing.Shared.Results.Result`1[[Billing.Application.Common.PagedResult`1[[Billing.Application.DTOs.SupplierDto, Billing.Application, Version=1.0.0.0, Culture=neutral, PublicKeyToken=null]], Billing.Application, Version=1.0.0.0, Culture=neutral, PublicKeyToken=null]]'.
2026-08-08 20:49:14.463 +05:30 [INF] Executed action Billing.API.Controllers.SuppliersController.GetSuppliers (Billing.API) in 35.7839ms
2026-08-08 20:49:14.463 +05:30 [INF] Executed endpoint 'Billing.API.Controllers.SuppliersController.GetSuppliers (Billing.API)'
2026-08-08 20:49:14.463 +05:30 [INF] HTTP GET /api/suppliers responded 200 in 40.0573 ms
2026-08-08 20:49:14.463 +05:30 [INF] Request finished HTTP/1.1 GET http://localhost:5000/api/suppliers?page=1&pageSize=1000 - 200 null application/json; charset=utf-8 40.4181ms
2026-08-08 20:49:14.466 +05:30 [INF] Handled GetPurchasesQuery in 38ms
2026-08-08 20:49:14.466 +05:30 [INF] Executing OkObjectResult, writing value of type 'Billing.Shared.Results.Result`1[[Billing.Application.Common.PagedResult`1[[Billing.Application.DTOs.PurchaseDto, Billing.Application, Version=1.0.0.0, Culture=neutral, PublicKeyToken=null]], Billing.Application, Version=1.0.0.0, Culture=neutral, PublicKeyToken=null]]'.
2026-08-08 20:49:14.468 +05:30 [INF] Executed action Billing.API.Controllers.PurchasesController.GetPurchases (Billing.API) in 44.6385ms
2026-08-08 20:49:14.468 +05:30 [INF] Executed endpoint 'Billing.API.Controllers.PurchasesController.GetPurchases (Billing.API)'
2026-08-08 20:49:14.468 +05:30 [INF] HTTP GET /api/purchases responded 200 in 45.6796 ms
2026-08-08 20:49:14.468 +05:30 [INF] Request finished HTTP/1.1 GET http://localhost:5000/api/purchases?page=1&pageSize=10 - 200 null application/json; charset=utf-8 45.8997ms
2026-08-08 20:49:15.304 +05:30 [INF] Request starting HTTP/1.1 GET http://localhost:5000/api/users - null null
2026-08-08 20:49:15.306 +05:30 [INF] Executing endpoint 'Billing.API.Controllers.UsersController.GetUsers (Billing.API)'
2026-08-08 20:49:15.306 +05:30 [INF] Route matched with {action = "GetUsers", controller = "Users"}. Executing controller action with signature System.Threading.Tasks.Task`1[Microsoft.AspNetCore.Mvc.IActionResult] GetUsers(System.Threading.CancellationToken) on controller Billing.API.Controllers.UsersController (Billing.API).
2026-08-08 20:49:15.311 +05:30 [INF] Handling GetUsersQuery
2026-08-08 20:49:15.417 +05:30 [INF] Handled GetUsersQuery in 106ms
2026-08-08 20:49:15.417 +05:30 [INF] Executing OkObjectResult, writing value of type 'Billing.Shared.Results.Result`1[[System.Collections.Generic.IReadOnlyList`1[[Billing.Application.DTOs.Users.UserDto, Billing.Application, Version=1.0.0.0, Culture=neutral, PublicKeyToken=null]], System.Private.CoreLib, Version=9.0.0.0, Culture=neutral, PublicKeyToken=7cec85d7bea7798e]]'.
2026-08-08 20:49:15.419 +05:30 [INF] Executed action Billing.API.Controllers.UsersController.GetUsers (Billing.API) in 113.2071ms
2026-08-08 20:49:15.419 +05:30 [INF] Executed endpoint 'Billing.API.Controllers.UsersController.GetUsers (Billing.API)'
2026-08-08 20:49:15.420 +05:30 [INF] HTTP GET /api/users responded 200 in 115.6672 ms
2026-08-08 20:49:15.420 +05:30 [INF] Request finished HTTP/1.1 GET http://localhost:5000/api/users - 200 null application/json; charset=utf-8 115.8775ms
2026-08-08 20:49:17.440 +05:30 [INF] Request starting HTTP/1.1 GET http://localhost:5000/api/reports/profit-loss?from=2026-07-09&to=2026-08-08 - null null
2026-08-08 20:49:17.443 +05:30 [INF] Executing endpoint 'Billing.API.Controllers.ReportsController.GetProfitLoss (Billing.API)'
2026-08-08 20:49:17.465 +05:30 [INF] Route matched with {action = "GetProfitLoss", controller = "Reports"}. Executing controller action with signature System.Threading.Tasks.Task`1[Microsoft.AspNetCore.Mvc.IActionResult] GetProfitLoss(System.Nullable`1[System.DateTime], System.Nullable`1[System.DateTime], System.Threading.CancellationToken) on controller Billing.API.Controllers.ReportsController (Billing.API).
2026-08-08 20:49:17.501 +05:30 [INF] Handling GetProfitLossReportQuery
2026-08-08 20:49:17.612 +05:30 [INF] Handled GetProfitLossReportQuery in 111ms
2026-08-08 20:49:17.613 +05:30 [INF] Executing OkObjectResult, writing value of type 'Billing.Shared.Results.Result`1[[Billing.Application.DTOs.ProfitLossDto, Billing.Application, Version=1.0.0.0, Culture=neutral, PublicKeyToken=null]]'.
2026-08-08 20:49:17.625 +05:30 [INF] Executed action Billing.API.Controllers.ReportsController.GetProfitLoss (Billing.API) in 160.2167ms
2026-08-08 20:49:17.625 +05:30 [INF] Executed endpoint 'Billing.API.Controllers.ReportsController.GetProfitLoss (Billing.API)'
2026-08-08 20:49:17.626 +05:30 [INF] HTTP GET /api/reports/profit-loss responded 200 in 185.5371 ms
2026-08-08 20:49:17.627 +05:30 [INF] Request finished HTTP/1.1 GET http://localhost:5000/api/reports/profit-loss?from=2026-07-09&to=2026-08-08 - 200 null application/json; charset=utf-8 187.0065ms
2026-08-08 20:49:42.973 +05:30 [INF] Request starting HTTP/1.1 GET http://localhost:5000/api/sales?page=1&pageSize=10 - null null
2026-08-08 20:49:42.974 +05:30 [INF] Executing endpoint 'Billing.API.Controllers.SalesController.GetSales (Billing.API)'
2026-08-08 20:49:42.975 +05:30 [INF] Route matched with {action = "GetSales", controller = "Sales"}. Executing controller action with signature System.Threading.Tasks.Task`1[Microsoft.AspNetCore.Mvc.IActionResult] GetSales(System.Nullable`1[System.DateTime], System.Nullable`1[System.DateTime], Int32, Int32, System.Threading.CancellationToken) on controller Billing.API.Controllers.SalesController (Billing.API).
2026-08-08 20:49:42.977 +05:30 [INF] Handling GetSalesQuery
2026-08-08 20:49:43.010 +05:30 [INF] Handled GetSalesQuery in 33ms
2026-08-08 20:49:43.011 +05:30 [INF] Executing OkObjectResult, writing value of type 'Billing.Shared.Results.Result`1[[Billing.Application.Common.PagedResult`1[[Billing.Application.DTOs.Sales.SaleDto, Billing.Application, Version=1.0.0.0, Culture=neutral, PublicKeyToken=null]], Billing.Application, Version=1.0.0.0, Culture=neutral, PublicKeyToken=null]]'.
2026-08-08 20:49:43.017 +05:30 [INF] Executed action Billing.API.Controllers.SalesController.GetSales (Billing.API) in 42.1736ms
2026-08-08 20:49:43.017 +05:30 [INF] Executed endpoint 'Billing.API.Controllers.SalesController.GetSales (Billing.API)'
2026-08-08 20:49:43.017 +05:30 [INF] HTTP GET /api/sales responded 200 in 43.6710 ms
2026-08-08 20:49:43.017 +05:30 [INF] Request finished HTTP/1.1 GET http://localhost:5000/api/sales?page=1&pageSize=10 - 200 null application/json; charset=utf-8 43.894ms
2026-08-08 20:50:01.867 +05:30 [INF] Request starting HTTP/1.1 GET http://localhost:5000/api/customers?page=1&pageSize=50 - null null
2026-08-08 20:50:01.869 +05:30 [INF] Executing endpoint 'Billing.API.Controllers.CustomersController.GetCustomers (Billing.API)'
2026-08-08 20:50:01.869 +05:30 [INF] Route matched with {action = "GetCustomers", controller = "Customers"}. Executing controller action with signature System.Threading.Tasks.Task`1[Microsoft.AspNetCore.Mvc.IActionResult] GetCustomers(Int32, Int32, System.String, System.Threading.CancellationToken) on controller Billing.API.Controllers.CustomersController (Billing.API).
2026-08-08 20:50:01.869 +05:30 [INF] Handling GetCustomersQuery
2026-08-08 20:50:01.897 +05:30 [INF] Handled GetCustomersQuery in 27ms
2026-08-08 20:50:01.897 +05:30 [INF] Executing OkObjectResult, writing value of type 'Billing.Shared.Results.Result`1[[Billing.Application.Common.PagedResult`1[[Billing.Application.DTOs.CustomerDto, Billing.Application, Version=1.0.0.0, Culture=neutral, PublicKeyToken=null]], Billing.Application, Version=1.0.0.0, Culture=neutral, PublicKeyToken=null]]'.
2026-08-08 20:50:01.897 +05:30 [INF] Executed action Billing.API.Controllers.CustomersController.GetCustomers (Billing.API) in 28.3331ms
2026-08-08 20:50:01.897 +05:30 [INF] Executed endpoint 'Billing.API.Controllers.CustomersController.GetCustomers (Billing.API)'
2026-08-08 20:50:01.898 +05:30 [INF] HTTP GET /api/customers responded 200 in 30.9790 ms
2026-08-08 20:50:01.899 +05:30 [INF] Request finished HTTP/1.1 GET http://localhost:5000/api/customers?page=1&pageSize=50 - 200 null application/json; charset=utf-8 31.4917ms
2026-08-08 20:50:04.852 +05:30 [INF] Request starting HTTP/1.1 GET http://localhost:5000/api/products/search?term=as&limit=20 - null null
2026-08-08 20:50:04.854 +05:30 [INF] Executing endpoint 'Billing.API.Controllers.ProductsController.Search (Billing.API)'
2026-08-08 20:50:04.855 +05:30 [INF] Route matched with {action = "Search", controller = "Products"}. Executing controller action with signature System.Threading.Tasks.Task`1[Microsoft.AspNetCore.Mvc.IActionResult] Search(System.String, Int32, System.Threading.CancellationToken) on controller Billing.API.Controllers.ProductsController (Billing.API).
2026-08-08 20:50:04.859 +05:30 [INF] Handling SearchProductsQuery
2026-08-08 20:50:04.915 +05:30 [INF] Request starting HTTP/1.1 GET http://localhost:5000/api/products/search?term=asc&limit=20 - null null
2026-08-08 20:50:04.916 +05:30 [INF] Executing endpoint 'Billing.API.Controllers.ProductsController.Search (Billing.API)'
2026-08-08 20:50:04.916 +05:30 [INF] Route matched with {action = "Search", controller = "Products"}. Executing controller action with signature System.Threading.Tasks.Task`1[Microsoft.AspNetCore.Mvc.IActionResult] Search(System.String, Int32, System.Threading.CancellationToken) on controller Billing.API.Controllers.ProductsController (Billing.API).
2026-08-08 20:50:04.917 +05:30 [INF] Handling SearchProductsQuery
2026-08-08 20:50:04.920 +05:30 [INF] Handled SearchProductsQuery in 61ms
2026-08-08 20:50:04.921 +05:30 [INF] Executing OkObjectResult, writing value of type 'Billing.Shared.Results.Result`1[[System.Collections.Generic.IReadOnlyList`1[[Billing.Application.DTOs.Products.ProductDto, Billing.Application, Version=1.0.0.0, Culture=neutral, PublicKeyToken=null]], System.Private.CoreLib, Version=9.0.0.0, Culture=neutral, PublicKeyToken=7cec85d7bea7798e]]'.
2026-08-08 20:50:04.922 +05:30 [INF] Executed action Billing.API.Controllers.ProductsController.Search (Billing.API) in 67.0216ms
2026-08-08 20:50:04.922 +05:30 [INF] Executed endpoint 'Billing.API.Controllers.ProductsController.Search (Billing.API)'
2026-08-08 20:50:04.922 +05:30 [INF] HTTP GET /api/products/search responded 200 in 69.7209 ms
2026-08-08 20:50:04.922 +05:30 [INF] Request finished HTTP/1.1 GET http://localhost:5000/api/products/search?term=as&limit=20 - 200 null application/json; charset=utf-8 70.398ms
2026-08-08 20:50:04.936 +05:30 [INF] Handled SearchProductsQuery in 19ms
2026-08-08 20:50:04.936 +05:30 [INF] Executing OkObjectResult, writing value of type 'Billing.Shared.Results.Result`1[[System.Collections.Generic.IReadOnlyList`1[[Billing.Application.DTOs.Products.ProductDto, Billing.Application, Version=1.0.0.0, Culture=neutral, PublicKeyToken=null]], System.Private.CoreLib, Version=9.0.0.0, Culture=neutral, PublicKeyToken=7cec85d7bea7798e]]'.
2026-08-08 20:50:04.937 +05:30 [INF] Executed action Billing.API.Controllers.ProductsController.Search (Billing.API) in 20.5317ms
2026-08-08 20:50:04.937 +05:30 [INF] Executed endpoint 'Billing.API.Controllers.ProductsController.Search (Billing.API)'
2026-08-08 20:50:04.937 +05:30 [INF] HTTP GET /api/products/search responded 200 in 22.1684 ms
2026-08-08 20:50:04.938 +05:30 [INF] Request finished HTTP/1.1 GET http://localhost:5000/api/products/search?term=asc&limit=20 - 200 null application/json; charset=utf-8 22.4103ms
2026-08-08 20:50:05.061 +05:30 [INF] Request starting HTTP/1.1 GET http://localhost:5000/api/products/search?term=ascs&limit=20 - null null
2026-08-08 20:50:05.062 +05:30 [INF] Executing endpoint 'Billing.API.Controllers.ProductsController.Search (Billing.API)'
2026-08-08 20:50:05.062 +05:30 [INF] Route matched with {action = "Search", controller = "Products"}. Executing controller action with signature System.Threading.Tasks.Task`1[Microsoft.AspNetCore.Mvc.IActionResult] Search(System.String, Int32, System.Threading.CancellationToken) on controller Billing.API.Controllers.ProductsController (Billing.API).
2026-08-08 20:50:05.062 +05:30 [INF] Handling SearchProductsQuery
2026-08-08 20:50:05.088 +05:30 [INF] Handled SearchProductsQuery in 26ms
2026-08-08 20:50:05.089 +05:30 [INF] Executing OkObjectResult, writing value of type 'Billing.Shared.Results.Result`1[[System.Collections.Generic.IReadOnlyList`1[[Billing.Application.DTOs.Products.ProductDto, Billing.Application, Version=1.0.0.0, Culture=neutral, PublicKeyToken=null]], System.Private.CoreLib, Version=9.0.0.0, Culture=neutral, PublicKeyToken=7cec85d7bea7798e]]'.
2026-08-08 20:50:05.089 +05:30 [INF] Executed action Billing.API.Controllers.ProductsController.Search (Billing.API) in 27.2928ms
2026-08-08 20:50:05.089 +05:30 [INF] Executed endpoint 'Billing.API.Controllers.ProductsController.Search (Billing.API)'
2026-08-08 20:50:05.089 +05:30 [INF] HTTP GET /api/products/search responded 200 in 28.4874 ms
2026-08-08 20:50:05.090 +05:30 [INF] Request finished HTTP/1.1 GET http://localhost:5000/api/products/search?term=ascs&limit=20 - 200 null application/json; charset=utf-8 28.7123ms
2026-08-08 20:50:05.138 +05:30 [INF] Request starting HTTP/1.1 GET http://localhost:5000/api/products/search?term=ascsc&limit=20 - null null
2026-08-08 20:50:05.139 +05:30 [INF] Executing endpoint 'Billing.API.Controllers.ProductsController.Search (Billing.API)'
2026-08-08 20:50:05.139 +05:30 [INF] Route matched with {action = "Search", controller = "Products"}. Executing controller action with signature System.Threading.Tasks.Task`1[Microsoft.AspNetCore.Mvc.IActionResult] Search(System.String, Int32, System.Threading.CancellationToken) on controller Billing.API.Controllers.ProductsController (Billing.API).
2026-08-08 20:50:05.140 +05:30 [INF] Handling SearchProductsQuery
2026-08-08 20:50:05.154 +05:30 [INF] Handled SearchProductsQuery in 14ms
2026-08-08 20:50:05.154 +05:30 [INF] Executing OkObjectResult, writing value of type 'Billing.Shared.Results.Result`1[[System.Collections.Generic.IReadOnlyList`1[[Billing.Application.DTOs.Products.ProductDto, Billing.Application, Version=1.0.0.0, Culture=neutral, PublicKeyToken=null]], System.Private.CoreLib, Version=9.0.0.0, Culture=neutral, PublicKeyToken=7cec85d7bea7798e]]'.
2026-08-08 20:50:05.155 +05:30 [INF] Executed action Billing.API.Controllers.ProductsController.Search (Billing.API) in 15.3827ms
2026-08-08 20:50:05.155 +05:30 [INF] Executed endpoint 'Billing.API.Controllers.ProductsController.Search (Billing.API)'
2026-08-08 20:50:05.155 +05:30 [INF] HTTP GET /api/products/search responded 200 in 16.5105 ms
2026-08-08 20:50:05.155 +05:30 [INF] Request finished HTTP/1.1 GET http://localhost:5000/api/products/search?term=ascsc&limit=20 - 200 null application/json; charset=utf-8 16.6896ms
2026-08-08 20:50:05.285 +05:30 [INF] Request starting HTTP/1.1 GET http://localhost:5000/api/products/search?term=ascscs&limit=20 - null null
2026-08-08 20:50:05.286 +05:30 [INF] Executing endpoint 'Billing.API.Controllers.ProductsController.Search (Billing.API)'
2026-08-08 20:50:05.286 +05:30 [INF] Route matched with {action = "Search", controller = "Products"}. Executing controller action with signature System.Threading.Tasks.Task`1[Microsoft.AspNetCore.Mvc.IActionResult] Search(System.String, Int32, System.Threading.CancellationToken) on controller Billing.API.Controllers.ProductsController (Billing.API).
2026-08-08 20:50:05.286 +05:30 [INF] Handling SearchProductsQuery
2026-08-08 20:50:05.297 +05:30 [INF] Handled SearchProductsQuery in 11ms
2026-08-08 20:50:05.298 +05:30 [INF] Executing OkObjectResult, writing value of type 'Billing.Shared.Results.Result`1[[System.Collections.Generic.IReadOnlyList`1[[Billing.Application.DTOs.Products.ProductDto, Billing.Application, Version=1.0.0.0, Culture=neutral, PublicKeyToken=null]], System.Private.CoreLib, Version=9.0.0.0, Culture=neutral, PublicKeyToken=7cec85d7bea7798e]]'.
2026-08-08 20:50:05.298 +05:30 [INF] Executed action Billing.API.Controllers.ProductsController.Search (Billing.API) in 11.5517ms
2026-08-08 20:50:05.298 +05:30 [INF] Executed endpoint 'Billing.API.Controllers.ProductsController.Search (Billing.API)'
2026-08-08 20:50:05.298 +05:30 [INF] HTTP GET /api/products/search responded 200 in 12.9209 ms
2026-08-08 20:50:05.298 +05:30 [INF] Request finished HTTP/1.1 GET http://localhost:5000/api/products/search?term=ascscs&limit=20 - 200 null application/json; charset=utf-8 13.0255ms
2026-08-08 20:50:05.312 +05:30 [INF] Request starting HTTP/1.1 GET http://localhost:5000/api/products/search?term=ascscsv&limit=20 - null null
2026-08-08 20:50:05.313 +05:30 [INF] Executing endpoint 'Billing.API.Controllers.ProductsController.Search (Billing.API)'
2026-08-08 20:50:05.313 +05:30 [INF] Route matched with {action = "Search", controller = "Products"}. Executing controller action with signature System.Threading.Tasks.Task`1[Microsoft.AspNetCore.Mvc.IActionResult] Search(System.String, Int32, System.Threading.CancellationToken) on controller Billing.API.Controllers.ProductsController (Billing.API).
2026-08-08 20:50:05.314 +05:30 [INF] Handling SearchProductsQuery
2026-08-08 20:50:05.327 +05:30 [INF] Handled SearchProductsQuery in 13ms
2026-08-08 20:50:05.329 +05:30 [INF] Executing OkObjectResult, writing value of type 'Billing.Shared.Results.Result`1[[System.Collections.Generic.IReadOnlyList`1[[Billing.Application.DTOs.Products.ProductDto, Billing.Application, Version=1.0.0.0, Culture=neutral, PublicKeyToken=null]], System.Private.CoreLib, Version=9.0.0.0, Culture=neutral, PublicKeyToken=7cec85d7bea7798e]]'.
2026-08-08 20:50:05.330 +05:30 [INF] Executed action Billing.API.Controllers.ProductsController.Search (Billing.API) in 16.395ms
2026-08-08 20:50:05.330 +05:30 [INF] Executed endpoint 'Billing.API.Controllers.ProductsController.Search (Billing.API)'
2026-08-08 20:50:05.330 +05:30 [INF] HTTP GET /api/products/search responded 200 in 17.6287 ms
2026-08-08 20:50:05.330 +05:30 [INF] Request finished HTTP/1.1 GET http://localhost:5000/api/products/search?term=ascscsv&limit=20 - 200 null application/json; charset=utf-8 17.9305ms
2026-08-08 20:50:05.523 +05:30 [INF] Request starting HTTP/1.1 GET http://localhost:5000/api/products/search?term=ascscsvv&limit=20 - null null
2026-08-08 20:50:05.524 +05:30 [INF] Executing endpoint 'Billing.API.Controllers.ProductsController.Search (Billing.API)'
2026-08-08 20:50:05.524 +05:30 [INF] Route matched with {action = "Search", controller = "Products"}. Executing controller action with signature System.Threading.Tasks.Task`1[Microsoft.AspNetCore.Mvc.IActionResult] Search(System.String, Int32, System.Threading.CancellationToken) on controller Billing.API.Controllers.ProductsController (Billing.API).
2026-08-08 20:50:05.524 +05:30 [INF] Handling SearchProductsQuery
2026-08-08 20:50:05.532 +05:30 [INF] Handled SearchProductsQuery in 8ms
2026-08-08 20:50:05.533 +05:30 [INF] Executing OkObjectResult, writing value of type 'Billing.Shared.Results.Result`1[[System.Collections.Generic.IReadOnlyList`1[[Billing.Application.DTOs.Products.ProductDto, Billing.Application, Version=1.0.0.0, Culture=neutral, PublicKeyToken=null]], System.Private.CoreLib, Version=9.0.0.0, Culture=neutral, PublicKeyToken=7cec85d7bea7798e]]'.
2026-08-08 20:50:05.533 +05:30 [INF] Executed action Billing.API.Controllers.ProductsController.Search (Billing.API) in 9.0646ms
2026-08-08 20:50:05.533 +05:30 [INF] Executed endpoint 'Billing.API.Controllers.ProductsController.Search (Billing.API)'
2026-08-08 20:50:05.533 +05:30 [INF] HTTP GET /api/products/search responded 200 in 9.4377 ms
2026-08-08 20:50:05.533 +05:30 [INF] Request finished HTTP/1.1 GET http://localhost:5000/api/products/search?term=ascscsvv&limit=20 - 200 null application/json; charset=utf-8 9.5242ms
2026-08-08 20:50:05.649 +05:30 [INF] Request starting HTTP/1.1 GET http://localhost:5000/api/products/search?term=ascscsvvd&limit=20 - null null
2026-08-08 20:50:05.649 +05:30 [INF] Executing endpoint 'Billing.API.Controllers.ProductsController.Search (Billing.API)'
2026-08-08 20:50:05.649 +05:30 [INF] Route matched with {action = "Search", controller = "Products"}. Executing controller action with signature System.Threading.Tasks.Task`1[Microsoft.AspNetCore.Mvc.IActionResult] Search(System.String, Int32, System.Threading.CancellationToken) on controller Billing.API.Controllers.ProductsController (Billing.API).
2026-08-08 20:50:05.649 +05:30 [INF] Handling SearchProductsQuery
2026-08-08 20:50:05.664 +05:30 [INF] Handled SearchProductsQuery in 15ms
2026-08-08 20:50:05.664 +05:30 [INF] Executing OkObjectResult, writing value of type 'Billing.Shared.Results.Result`1[[System.Collections.Generic.IReadOnlyList`1[[Billing.Application.DTOs.Products.ProductDto, Billing.Application, Version=1.0.0.0, Culture=neutral, PublicKeyToken=null]], System.Private.CoreLib, Version=9.0.0.0, Culture=neutral, PublicKeyToken=7cec85d7bea7798e]]'.
2026-08-08 20:50:05.665 +05:30 [INF] Executed action Billing.API.Controllers.ProductsController.Search (Billing.API) in 16.3119ms
2026-08-08 20:50:05.665 +05:30 [INF] Executed endpoint 'Billing.API.Controllers.ProductsController.Search (Billing.API)'
2026-08-08 20:50:05.665 +05:30 [INF] HTTP GET /api/products/search responded 200 in 16.6901 ms
2026-08-08 20:50:05.665 +05:30 [INF] Request finished HTTP/1.1 GET http://localhost:5000/api/products/search?term=ascscsvvd&limit=20 - 200 null application/json; charset=utf-8 16.8227ms
2026-08-08 20:50:05.731 +05:30 [INF] Request starting HTTP/1.1 GET http://localhost:5000/api/products/search?term=ascscsvvdv&limit=20 - null null
2026-08-08 20:50:05.732 +05:30 [INF] Executing endpoint 'Billing.API.Controllers.ProductsController.Search (Billing.API)'
2026-08-08 20:50:05.732 +05:30 [INF] Route matched with {action = "Search", controller = "Products"}. Executing controller action with signature System.Threading.Tasks.Task`1[Microsoft.AspNetCore.Mvc.IActionResult] Search(System.String, Int32, System.Threading.CancellationToken) on controller Billing.API.Controllers.ProductsController (Billing.API).
2026-08-08 20:50:05.732 +05:30 [INF] Handling SearchProductsQuery
2026-08-08 20:50:05.777 +05:30 [INF] Handled SearchProductsQuery in 44ms
2026-08-08 20:50:05.777 +05:30 [INF] Executing OkObjectResult, writing value of type 'Billing.Shared.Results.Result`1[[System.Collections.Generic.IReadOnlyList`1[[Billing.Application.DTOs.Products.ProductDto, Billing.Application, Version=1.0.0.0, Culture=neutral, PublicKeyToken=null]], System.Private.CoreLib, Version=9.0.0.0, Culture=neutral, PublicKeyToken=7cec85d7bea7798e]]'.
2026-08-08 20:50:05.778 +05:30 [INF] Executed action Billing.API.Controllers.ProductsController.Search (Billing.API) in 45.7541ms
2026-08-08 20:50:05.778 +05:30 [INF] Executed endpoint 'Billing.API.Controllers.ProductsController.Search (Billing.API)'
2026-08-08 20:50:05.778 +05:30 [INF] HTTP GET /api/products/search responded 200 in 46.7108 ms
2026-08-08 20:50:05.778 +05:30 [INF] Request finished HTTP/1.1 GET http://localhost:5000/api/products/search?term=ascscsvvdv&limit=20 - 200 null application/json; charset=utf-8 46.9349ms
2026-08-08 20:50:05.846 +05:30 [INF] Request starting HTTP/1.1 GET http://localhost:5000/api/products/search?term=ascscsvvdvd&limit=20 - null null
2026-08-08 20:50:05.846 +05:30 [INF] Executing endpoint 'Billing.API.Controllers.ProductsController.Search (Billing.API)'
2026-08-08 20:50:05.847 +05:30 [INF] Route matched with {action = "Search", controller = "Products"}. Executing controller action with signature System.Threading.Tasks.Task`1[Microsoft.AspNetCore.Mvc.IActionResult] Search(System.String, Int32, System.Threading.CancellationToken) on controller Billing.API.Controllers.ProductsController (Billing.API).
2026-08-08 20:50:05.847 +05:30 [INF] Handling SearchProductsQuery
2026-08-08 20:50:05.865 +05:30 [INF] Handled SearchProductsQuery in 18ms
2026-08-08 20:50:05.865 +05:30 [INF] Executing OkObjectResult, writing value of type 'Billing.Shared.Results.Result`1[[System.Collections.Generic.IReadOnlyList`1[[Billing.Application.DTOs.Products.ProductDto, Billing.Application, Version=1.0.0.0, Culture=neutral, PublicKeyToken=null]], System.Private.CoreLib, Version=9.0.0.0, Culture=neutral, PublicKeyToken=7cec85d7bea7798e]]'.
2026-08-08 20:50:05.865 +05:30 [INF] Executed action Billing.API.Controllers.ProductsController.Search (Billing.API) in 18.6211ms
2026-08-08 20:50:05.865 +05:30 [INF] Executed endpoint 'Billing.API.Controllers.ProductsController.Search (Billing.API)'
2026-08-08 20:50:05.865 +05:30 [INF] HTTP GET /api/products/search responded 200 in 19.0639 ms
2026-08-08 20:50:05.865 +05:30 [INF] Request finished HTTP/1.1 GET http://localhost:5000/api/products/search?term=ascscsvvdvd&limit=20 - 200 null application/json; charset=utf-8 19.1618ms
2026-08-08 20:50:06.031 +05:30 [INF] Request starting HTTP/1.1 GET http://localhost:5000/api/products/search?term=ascscsvvdvdd&limit=20 - null null
2026-08-08 20:50:06.032 +05:30 [INF] Executing endpoint 'Billing.API.Controllers.ProductsController.Search (Billing.API)'
2026-08-08 20:50:06.032 +05:30 [INF] Route matched with {action = "Search", controller = "Products"}. Executing controller action with signature System.Threading.Tasks.Task`1[Microsoft.AspNetCore.Mvc.IActionResult] Search(System.String, Int32, System.Threading.CancellationToken) on controller Billing.API.Controllers.ProductsController (Billing.API).
2026-08-08 20:50:06.032 +05:30 [INF] Handling SearchProductsQuery
2026-08-08 20:50:06.048 +05:30 [INF] Handled SearchProductsQuery in 15ms
2026-08-08 20:50:06.048 +05:30 [INF] Executing OkObjectResult, writing value of type 'Billing.Shared.Results.Result`1[[System.Collections.Generic.IReadOnlyList`1[[Billing.Application.DTOs.Products.ProductDto, Billing.Application, Version=1.0.0.0, Culture=neutral, PublicKeyToken=null]], System.Private.CoreLib, Version=9.0.0.0, Culture=neutral, PublicKeyToken=7cec85d7bea7798e]]'.
2026-08-08 20:50:06.048 +05:30 [INF] Executed action Billing.API.Controllers.ProductsController.Search (Billing.API) in 16.2937ms
2026-08-08 20:50:06.048 +05:30 [INF] Executed endpoint 'Billing.API.Controllers.ProductsController.Search (Billing.API)'
2026-08-08 20:50:06.048 +05:30 [INF] HTTP GET /api/products/search responded 200 in 16.7499 ms
2026-08-08 20:50:06.048 +05:30 [INF] Request finished HTTP/1.1 GET http://localhost:5000/api/products/search?term=ascscsvvdvdd&limit=20 - 200 null application/json; charset=utf-8 16.8352ms
2026-08-08 20:50:06.112 +05:30 [INF] Request starting HTTP/1.1 GET http://localhost:5000/api/products/search?term=ascscsvvdvddv&limit=20 - null null
2026-08-08 20:50:06.112 +05:30 [INF] Executing endpoint 'Billing.API.Controllers.ProductsController.Search (Billing.API)'
2026-08-08 20:50:06.112 +05:30 [INF] Route matched with {action = "Search", controller = "Products"}. Executing controller action with signature System.Threading.Tasks.Task`1[Microsoft.AspNetCore.Mvc.IActionResult] Search(System.String, Int32, System.Threading.CancellationToken) on controller Billing.API.Controllers.ProductsController (Billing.API).
2026-08-08 20:50:06.113 +05:30 [INF] Handling SearchProductsQuery
2026-08-08 20:50:06.145 +05:30 [INF] Handled SearchProductsQuery in 32ms
2026-08-08 20:50:06.145 +05:30 [INF] Executing OkObjectResult, writing value of type 'Billing.Shared.Results.Result`1[[System.Collections.Generic.IReadOnlyList`1[[Billing.Application.DTOs.Products.ProductDto, Billing.Application, Version=1.0.0.0, Culture=neutral, PublicKeyToken=null]], System.Private.CoreLib, Version=9.0.0.0, Culture=neutral, PublicKeyToken=7cec85d7bea7798e]]'.
2026-08-08 20:50:06.146 +05:30 [INF] Executed action Billing.API.Controllers.ProductsController.Search (Billing.API) in 33.0664ms
2026-08-08 20:50:06.146 +05:30 [INF] Executed endpoint 'Billing.API.Controllers.ProductsController.Search (Billing.API)'
2026-08-08 20:50:06.146 +05:30 [INF] HTTP GET /api/products/search responded 200 in 33.9078 ms
2026-08-08 20:50:06.146 +05:30 [INF] Request finished HTTP/1.1 GET http://localhost:5000/api/products/search?term=ascscsvvdvddv&limit=20 - 200 null application/json; charset=utf-8 34.0864ms
2026-08-08 20:50:06.264 +05:30 [INF] Request starting HTTP/1.1 GET http://localhost:5000/api/products/search?term=ascscsvvdvddvd&limit=20 - null null
2026-08-08 20:50:06.264 +05:30 [INF] Executing endpoint 'Billing.API.Controllers.ProductsController.Search (Billing.API)'
2026-08-08 20:50:06.265 +05:30 [INF] Route matched with {action = "Search", controller = "Products"}. Executing controller action with signature System.Threading.Tasks.Task`1[Microsoft.AspNetCore.Mvc.IActionResult] Search(System.String, Int32, System.Threading.CancellationToken) on controller Billing.API.Controllers.ProductsController (Billing.API).
2026-08-08 20:50:06.265 +05:30 [INF] Handling SearchProductsQuery
2026-08-08 20:50:06.291 +05:30 [INF] Handled SearchProductsQuery in 26ms
2026-08-08 20:50:06.291 +05:30 [INF] Executing OkObjectResult, writing value of type 'Billing.Shared.Results.Result`1[[System.Collections.Generic.IReadOnlyList`1[[Billing.Application.DTOs.Products.ProductDto, Billing.Application, Version=1.0.0.0, Culture=neutral, PublicKeyToken=null]], System.Private.CoreLib, Version=9.0.0.0, Culture=neutral, PublicKeyToken=7cec85d7bea7798e]]'.
2026-08-08 20:50:06.292 +05:30 [INF] Executed action Billing.API.Controllers.ProductsController.Search (Billing.API) in 27.0205ms
2026-08-08 20:50:06.292 +05:30 [INF] Executed endpoint 'Billing.API.Controllers.ProductsController.Search (Billing.API)'
2026-08-08 20:50:06.292 +05:30 [INF] HTTP GET /api/products/search responded 200 in 27.6542 ms
2026-08-08 20:50:06.292 +05:30 [INF] Request finished HTTP/1.1 GET http://localhost:5000/api/products/search?term=ascscsvvdvddvd&limit=20 - 200 null application/json; charset=utf-8 27.8047ms
2026-08-08 20:50:09.591 +05:30 [INF] Request starting HTTP/1.1 GET http://localhost:5000/api/products/search?term=su&limit=20 - null null
2026-08-08 20:50:09.592 +05:30 [INF] Executing endpoint 'Billing.API.Controllers.ProductsController.Search (Billing.API)'
2026-08-08 20:50:09.592 +05:30 [INF] Route matched with {action = "Search", controller = "Products"}. Executing controller action with signature System.Threading.Tasks.Task`1[Microsoft.AspNetCore.Mvc.IActionResult] Search(System.String, Int32, System.Threading.CancellationToken) on controller Billing.API.Controllers.ProductsController (Billing.API).
2026-08-08 20:50:09.592 +05:30 [INF] Handling SearchProductsQuery
2026-08-08 20:50:09.629 +05:30 [INF] Handled SearchProductsQuery in 36ms
2026-08-08 20:50:09.629 +05:30 [INF] Executing OkObjectResult, writing value of type 'Billing.Shared.Results.Result`1[[System.Collections.Generic.IReadOnlyList`1[[Billing.Application.DTOs.Products.ProductDto, Billing.Application, Version=1.0.0.0, Culture=neutral, PublicKeyToken=null]], System.Private.CoreLib, Version=9.0.0.0, Culture=neutral, PublicKeyToken=7cec85d7bea7798e]]'.
2026-08-08 20:50:09.629 +05:30 [INF] Executed action Billing.API.Controllers.ProductsController.Search (Billing.API) in 37.2332ms
2026-08-08 20:50:09.629 +05:30 [INF] Executed endpoint 'Billing.API.Controllers.ProductsController.Search (Billing.API)'
2026-08-08 20:50:09.629 +05:30 [INF] HTTP GET /api/products/search responded 200 in 38.1851 ms
2026-08-08 20:50:09.629 +05:30 [INF] Request finished HTTP/1.1 GET http://localhost:5000/api/products/search?term=su&limit=20 - 200 null application/json; charset=utf-8 38.3453ms
2026-08-08 20:50:49.287 +05:30 [INF] Request starting HTTP/1.1 GET http://localhost:5000/api/reports/sales?from=2026-07-09&to=2026-08-08 - null null
2026-08-08 20:50:49.291 +05:30 [INF] Executing endpoint 'Billing.API.Controllers.ReportsController.GetSalesReport (Billing.API)'
2026-08-08 20:50:49.300 +05:30 [INF] Route matched with {action = "GetSalesReport", controller = "Reports"}. Executing controller action with signature System.Threading.Tasks.Task`1[Microsoft.AspNetCore.Mvc.IActionResult] GetSalesReport(System.Nullable`1[System.DateTime], System.Nullable`1[System.DateTime], System.Threading.CancellationToken) on controller Billing.API.Controllers.ReportsController (Billing.API).
2026-08-08 20:50:49.307 +05:30 [INF] Handling GetSalesReportQuery
2026-08-08 20:50:49.408 +05:30 [INF] Handled GetSalesReportQuery in 101ms
2026-08-08 20:50:49.408 +05:30 [INF] Executing OkObjectResult, writing value of type 'Billing.Shared.Results.Result`1[[Billing.Application.DTOs.SalesReportSummaryDto, Billing.Application, Version=1.0.0.0, Culture=neutral, PublicKeyToken=null]]'.
2026-08-08 20:50:49.423 +05:30 [INF] Executed action Billing.API.Controllers.ReportsController.GetSalesReport (Billing.API) in 122.8078ms
2026-08-08 20:50:49.423 +05:30 [INF] Executed endpoint 'Billing.API.Controllers.ReportsController.GetSalesReport (Billing.API)'
2026-08-08 20:50:49.423 +05:30 [INF] HTTP GET /api/reports/sales responded 200 in 133.1102 ms
2026-08-08 20:50:49.423 +05:30 [INF] Request finished HTTP/1.1 GET http://localhost:5000/api/reports/sales?from=2026-07-09&to=2026-08-08 - 200 null application/json; charset=utf-8 136.139ms
2026-08-08 20:50:51.481 +05:30 [INF] Request starting HTTP/1.1 GET http://localhost:5000/api/reports/gst?from=2026-07-09&to=2026-08-08 - null null
2026-08-08 20:50:51.481 +05:30 [INF] Executing endpoint 'Billing.API.Controllers.ReportsController.GetGstReport (Billing.API)'
2026-08-08 20:50:51.489 +05:30 [INF] Route matched with {action = "GetGstReport", controller = "Reports"}. Executing controller action with signature System.Threading.Tasks.Task`1[Microsoft.AspNetCore.Mvc.IActionResult] GetGstReport(System.Nullable`1[System.DateTime], System.Nullable`1[System.DateTime], System.Threading.CancellationToken) on controller Billing.API.Controllers.ReportsController (Billing.API).
2026-08-08 20:50:51.492 +05:30 [INF] Handling GetGstReportQuery
2026-08-08 20:50:51.566 +05:30 [INF] Handled GetGstReportQuery in 74ms
2026-08-08 20:50:51.566 +05:30 [INF] Executing OkObjectResult, writing value of type 'Billing.Shared.Results.Result`1[[Billing.Application.DTOs.GstReportDto, Billing.Application, Version=1.0.0.0, Culture=neutral, PublicKeyToken=null]]'.
2026-08-08 20:50:51.575 +05:30 [INF] Executed action Billing.API.Controllers.ReportsController.GetGstReport (Billing.API) in 85.9828ms
2026-08-08 20:50:51.575 +05:30 [INF] Executed endpoint 'Billing.API.Controllers.ReportsController.GetGstReport (Billing.API)'
2026-08-08 20:50:51.575 +05:30 [INF] HTTP GET /api/reports/gst responded 200 in 94.5923 ms
2026-08-08 20:50:51.575 +05:30 [INF] Request finished HTTP/1.1 GET http://localhost:5000/api/reports/gst?from=2026-07-09&to=2026-08-08 - 200 null application/json; charset=utf-8 94.8256ms
2026-08-08 20:50:56.122 +05:30 [INF] Request starting HTTP/1.1 GET http://localhost:5000/api/reports/payments?from=2026-07-09&to=2026-08-08 - null null
2026-08-08 20:50:56.123 +05:30 [INF] Executing endpoint 'Billing.API.Controllers.ReportsController.GetPaymentSummary (Billing.API)'
2026-08-08 20:50:56.133 +05:30 [INF] Route matched with {action = "GetPaymentSummary", controller = "Reports"}. Executing controller action with signature System.Threading.Tasks.Task`1[Microsoft.AspNetCore.Mvc.IActionResult] GetPaymentSummary(System.Nullable`1[System.DateTime], System.Nullable`1[System.DateTime], System.Threading.CancellationToken) on controller Billing.API.Controllers.ReportsController (Billing.API).
2026-08-08 20:50:56.143 +05:30 [INF] Handling GetPaymentSummaryReportQuery
2026-08-08 20:50:56.220 +05:30 [INF] Handled GetPaymentSummaryReportQuery in 77ms
2026-08-08 20:50:56.220 +05:30 [INF] Executing OkObjectResult, writing value of type 'Billing.Shared.Results.Result`1[[Billing.Application.DTOs.PaymentSummaryDto, Billing.Application, Version=1.0.0.0, Culture=neutral, PublicKeyToken=null]]'.
2026-08-08 20:50:56.228 +05:30 [INF] Executed action Billing.API.Controllers.ReportsController.GetPaymentSummary (Billing.API) in 94.7854ms
2026-08-08 20:50:56.228 +05:30 [INF] Executed endpoint 'Billing.API.Controllers.ReportsController.GetPaymentSummary (Billing.API)'
2026-08-08 20:50:56.228 +05:30 [INF] HTTP GET /api/reports/payments responded 200 in 105.0673 ms
2026-08-08 20:50:56.228 +05:30 [INF] Request finished HTTP/1.1 GET http://localhost:5000/api/reports/payments?from=2026-07-09&to=2026-08-08 - 200 null application/json; charset=utf-8 105.2881ms
2026-08-08 20:50:59.408 +05:30 [INF] Request starting HTTP/1.1 GET http://localhost:5000/api/reports/inventory-valuation - null null
2026-08-08 20:50:59.408 +05:30 [INF] Executing endpoint 'Billing.API.Controllers.ReportsController.GetInventoryValuation (Billing.API)'
2026-08-08 20:50:59.416 +05:30 [INF] Route matched with {action = "GetInventoryValuation", controller = "Reports"}. Executing controller action with signature System.Threading.Tasks.Task`1[Microsoft.AspNetCore.Mvc.IActionResult] GetInventoryValuation(System.Threading.CancellationToken) on controller Billing.API.Controllers.ReportsController (Billing.API).
2026-08-08 20:50:59.418 +05:30 [INF] Handling GetInventoryValuationReportQuery
2026-08-08 20:50:59.459 +05:30 [INF] Handled GetInventoryValuationReportQuery in 41ms
2026-08-08 20:50:59.459 +05:30 [INF] Executing OkObjectResult, writing value of type 'Billing.Shared.Results.Result`1[[Billing.Application.DTOs.InventoryValuationSummaryDto, Billing.Application, Version=1.0.0.0, Culture=neutral, PublicKeyToken=null]]'.
2026-08-08 20:50:59.470 +05:30 [INF] Executed action Billing.API.Controllers.ReportsController.GetInventoryValuation (Billing.API) in 53.5908ms
2026-08-08 20:50:59.470 +05:30 [INF] Executed endpoint 'Billing.API.Controllers.ReportsController.GetInventoryValuation (Billing.API)'
2026-08-08 20:50:59.470 +05:30 [INF] HTTP GET /api/reports/inventory-valuation responded 200 in 62.1022 ms
2026-08-08 20:50:59.470 +05:30 [INF] Request finished HTTP/1.1 GET http://localhost:5000/api/reports/inventory-valuation - 200 null application/json; charset=utf-8 62.4745ms
2026-08-08 20:51:08.878 +05:30 [INF] Request starting HTTP/1.1 GET http://localhost:5000/api/reports/top-products?from=2026-07-09&to=2026-08-08 - null null
2026-08-08 20:51:08.879 +05:30 [INF] Executing endpoint 'Billing.API.Controllers.ReportsController.GetTopProducts (Billing.API)'
2026-08-08 20:51:08.888 +05:30 [INF] Route matched with {action = "GetTopProducts", controller = "Reports"}. Executing controller action with signature System.Threading.Tasks.Task`1[Microsoft.AspNetCore.Mvc.IActionResult] GetTopProducts(System.Nullable`1[System.DateTime], System.Nullable`1[System.DateTime], Int32, System.Threading.CancellationToken) on controller Billing.API.Controllers.ReportsController (Billing.API).
2026-08-08 20:51:08.893 +05:30 [INF] Handling GetTopProductsReportQuery
2026-08-08 20:51:08.962 +05:30 [INF] Handled GetTopProductsReportQuery in 68ms
2026-08-08 20:51:08.962 +05:30 [INF] Executing OkObjectResult, writing value of type 'Billing.Shared.Results.Result`1[[System.Collections.Generic.IReadOnlyList`1[[Billing.Application.DTOs.TopProductDto, Billing.Application, Version=1.0.0.0, Culture=neutral, PublicKeyToken=null]], System.Private.CoreLib, Version=9.0.0.0, Culture=neutral, PublicKeyToken=7cec85d7bea7798e]]'.
2026-08-08 20:51:08.967 +05:30 [INF] Executed action Billing.API.Controllers.ReportsController.GetTopProducts (Billing.API) in 79.1095ms
2026-08-08 20:51:08.967 +05:30 [INF] Executed endpoint 'Billing.API.Controllers.ReportsController.GetTopProducts (Billing.API)'
2026-08-08 20:51:08.967 +05:30 [INF] HTTP GET /api/reports/top-products responded 200 in 88.4749 ms
2026-08-08 20:51:08.967 +05:30 [INF] Request finished HTTP/1.1 GET http://localhost:5000/api/reports/top-products?from=2026-07-09&to=2026-08-08 - 200 null application/json; charset=utf-8 88.752ms
2026-08-08 20:52:07.802 +05:30 [INF] Request starting HTTP/1.1 GET http://localhost:5000/api/dashboard?from=2026-07-09&to=2026-08-08 - null null
2026-08-08 20:52:07.803 +05:30 [INF] Request starting HTTP/1.1 GET http://localhost:5000/api/dashboard?from=2026-06-09&to=2026-07-09 - null null
2026-08-08 20:52:07.803 +05:30 [INF] Executing endpoint 'Billing.API.Controllers.DashboardController.GetDashboard (Billing.API)'
2026-08-08 20:52:07.803 +05:30 [INF] Executing endpoint 'Billing.API.Controllers.DashboardController.GetDashboard (Billing.API)'
2026-08-08 20:52:07.803 +05:30 [INF] Route matched with {action = "GetDashboard", controller = "Dashboard"}. Executing controller action with signature System.Threading.Tasks.Task`1[Microsoft.AspNetCore.Mvc.IActionResult] GetDashboard(System.Nullable`1[System.DateTime], System.Nullable`1[System.DateTime], System.Threading.CancellationToken) on controller Billing.API.Controllers.DashboardController (Billing.API).
2026-08-08 20:52:07.803 +05:30 [INF] Route matched with {action = "GetDashboard", controller = "Dashboard"}. Executing controller action with signature System.Threading.Tasks.Task`1[Microsoft.AspNetCore.Mvc.IActionResult] GetDashboard(System.Nullable`1[System.DateTime], System.Nullable`1[System.DateTime], System.Threading.CancellationToken) on controller Billing.API.Controllers.DashboardController (Billing.API).
2026-08-08 20:52:07.804 +05:30 [INF] Handling GetDashboardQuery
2026-08-08 20:52:07.804 +05:30 [INF] Handling GetDashboardQuery
2026-08-08 20:52:07.964 +05:30 [INF] Handled GetDashboardQuery in 160ms
2026-08-08 20:52:07.965 +05:30 [INF] Executing OkObjectResult, writing value of type 'Billing.Shared.Results.Result`1[[Billing.Application.DTOs.DashboardDto, Billing.Application, Version=1.0.0.0, Culture=neutral, PublicKeyToken=null]]'.
2026-08-08 20:52:07.966 +05:30 [INF] Executed action Billing.API.Controllers.DashboardController.GetDashboard (Billing.API) in 162.451ms
2026-08-08 20:52:07.966 +05:30 [INF] Executed endpoint 'Billing.API.Controllers.DashboardController.GetDashboard (Billing.API)'
2026-08-08 20:52:07.966 +05:30 [INF] HTTP GET /api/dashboard responded 200 in 163.2651 ms
2026-08-08 20:52:07.966 +05:30 [INF] Request finished HTTP/1.1 GET http://localhost:5000/api/dashboard?from=2026-07-09&to=2026-08-08 - 200 null application/json; charset=utf-8 163.4816ms
2026-08-08 20:52:07.980 +05:30 [INF] Handled GetDashboardQuery in 176ms
2026-08-08 20:52:07.980 +05:30 [INF] Executing OkObjectResult, writing value of type 'Billing.Shared.Results.Result`1[[Billing.Application.DTOs.DashboardDto, Billing.Application, Version=1.0.0.0, Culture=neutral, PublicKeyToken=null]]'.
2026-08-08 20:52:07.981 +05:30 [INF] Executed action Billing.API.Controllers.DashboardController.GetDashboard (Billing.API) in 177.3741ms
2026-08-08 20:52:07.981 +05:30 [INF] Executed endpoint 'Billing.API.Controllers.DashboardController.GetDashboard (Billing.API)'
2026-08-08 20:52:07.981 +05:30 [INF] HTTP GET /api/dashboard responded 200 in 177.9498 ms
2026-08-08 20:52:07.981 +05:30 [INF] Request finished HTTP/1.1 GET http://localhost:5000/api/dashboard?from=2026-06-09&to=2026-07-09 - 200 null application/json; charset=utf-8 178.0627ms
2026-08-08 20:53:35.347 +05:30 [INF] Request starting HTTP/1.1 POST http://localhost:5000/api/suppliers - application/json 123
2026-08-08 20:53:35.348 +05:30 [INF] CORS policy execution successful.
2026-08-08 20:53:35.349 +05:30 [INF] Executing endpoint 'Billing.API.Controllers.SuppliersController.CreateSupplier (Billing.API)'
2026-08-08 20:53:35.357 +05:30 [INF] Route matched with {action = "CreateSupplier", controller = "Suppliers"}. Executing controller action with signature System.Threading.Tasks.Task`1[Microsoft.AspNetCore.Mvc.IActionResult] CreateSupplier(Billing.Application.DTOs.CreateSupplierRequest, System.Threading.CancellationToken) on controller Billing.API.Controllers.SuppliersController (Billing.API).
2026-08-08 20:53:35.389 +05:30 [INF] Handling CreateSupplierCommand
2026-08-08 20:53:35.492 +05:30 [INF] Handled CreateSupplierCommand in 104ms
2026-08-08 20:53:35.492 +05:30 [INF] Executing OkObjectResult, writing value of type 'Billing.Shared.Results.Result`1[[Billing.Application.DTOs.SupplierDto, Billing.Application, Version=1.0.0.0, Culture=neutral, PublicKeyToken=null]]'.
2026-08-08 20:53:35.498 +05:30 [INF] Executed action Billing.API.Controllers.SuppliersController.CreateSupplier (Billing.API) in 140.863ms
2026-08-08 20:53:35.498 +05:30 [INF] Executed endpoint 'Billing.API.Controllers.SuppliersController.CreateSupplier (Billing.API)'
2026-08-08 20:53:35.498 +05:30 [INF] HTTP POST /api/suppliers responded 200 in 151.3615 ms
2026-08-08 20:53:35.499 +05:30 [INF] Request finished HTTP/1.1 POST http://localhost:5000/api/suppliers - 200 null application/json; charset=utf-8 151.7917ms
2026-08-08 20:53:35.509 +05:30 [INF] Request starting HTTP/1.1 GET http://localhost:5000/api/suppliers?page=1&pageSize=10 - null null
2026-08-08 20:53:35.510 +05:30 [INF] Executing endpoint 'Billing.API.Controllers.SuppliersController.GetSuppliers (Billing.API)'
2026-08-08 20:53:35.510 +05:30 [INF] Route matched with {action = "GetSuppliers", controller = "Suppliers"}. Executing controller action with signature System.Threading.Tasks.Task`1[Microsoft.AspNetCore.Mvc.IActionResult] GetSuppliers(Int32, Int32, System.String, System.Threading.CancellationToken) on controller Billing.API.Controllers.SuppliersController (Billing.API).
2026-08-08 20:53:35.510 +05:30 [INF] Handling GetSuppliersQuery
2026-08-08 20:53:35.520 +05:30 [INF] Handled GetSuppliersQuery in 10ms
2026-08-08 20:53:35.521 +05:30 [INF] Executing OkObjectResult, writing value of type 'Billing.Shared.Results.Result`1[[Billing.Application.Common.PagedResult`1[[Billing.Application.DTOs.SupplierDto, Billing.Application, Version=1.0.0.0, Culture=neutral, PublicKeyToken=null]], Billing.Application, Version=1.0.0.0, Culture=neutral, PublicKeyToken=null]]'.
2026-08-08 20:53:35.521 +05:30 [INF] Executed action Billing.API.Controllers.SuppliersController.GetSuppliers (Billing.API) in 11.436ms
2026-08-08 20:53:35.521 +05:30 [INF] Executed endpoint 'Billing.API.Controllers.SuppliersController.GetSuppliers (Billing.API)'
2026-08-08 20:53:35.521 +05:30 [INF] HTTP GET /api/suppliers responded 200 in 12.0093 ms
2026-08-08 20:53:35.521 +05:30 [INF] Request finished HTTP/1.1 GET http://localhost:5000/api/suppliers?page=1&pageSize=10 - 200 null application/json; charset=utf-8 12.1489ms
2026-08-08 20:53:47.762 +05:30 [INF] Request starting HTTP/1.1 GET http://localhost:5000/api/purchases?page=1&pageSize=10 - null null
2026-08-08 20:53:47.763 +05:30 [INF] Request starting HTTP/1.1 GET http://localhost:5000/api/suppliers?page=1&pageSize=1000 - null null
2026-08-08 20:53:47.763 +05:30 [INF] Executing endpoint 'Billing.API.Controllers.SuppliersController.GetSuppliers (Billing.API)'
2026-08-08 20:53:47.763 +05:30 [INF] Executing endpoint 'Billing.API.Controllers.PurchasesController.GetPurchases (Billing.API)'
2026-08-08 20:53:47.763 +05:30 [INF] Route matched with {action = "GetPurchases", controller = "Purchases"}. Executing controller action with signature System.Threading.Tasks.Task`1[Microsoft.AspNetCore.Mvc.IActionResult] GetPurchases(Int32, Int32, System.Threading.CancellationToken) on controller Billing.API.Controllers.PurchasesController (Billing.API).
2026-08-08 20:53:47.763 +05:30 [INF] Route matched with {action = "GetSuppliers", controller = "Suppliers"}. Executing controller action with signature System.Threading.Tasks.Task`1[Microsoft.AspNetCore.Mvc.IActionResult] GetSuppliers(Int32, Int32, System.String, System.Threading.CancellationToken) on controller Billing.API.Controllers.SuppliersController (Billing.API).
2026-08-08 20:53:47.763 +05:30 [INF] Handling GetSuppliersQuery
2026-08-08 20:53:47.766 +05:30 [INF] Handling GetPurchasesQuery
2026-08-08 20:53:47.796 +05:30 [INF] Handled GetPurchasesQuery in 29ms
2026-08-08 20:53:47.796 +05:30 [INF] Executing OkObjectResult, writing value of type 'Billing.Shared.Results.Result`1[[Billing.Application.Common.PagedResult`1[[Billing.Application.DTOs.PurchaseDto, Billing.Application, Version=1.0.0.0, Culture=neutral, PublicKeyToken=null]], Billing.Application, Version=1.0.0.0, Culture=neutral, PublicKeyToken=null]]'.
2026-08-08 20:53:47.796 +05:30 [INF] Executed action Billing.API.Controllers.PurchasesController.GetPurchases (Billing.API) in 33.3353ms
2026-08-08 20:53:47.796 +05:30 [INF] Executed endpoint 'Billing.API.Controllers.PurchasesController.GetPurchases (Billing.API)'
2026-08-08 20:53:47.796 +05:30 [INF] HTTP GET /api/purchases responded 200 in 33.9070 ms
2026-08-08 20:53:47.797 +05:30 [INF] Request finished HTTP/1.1 GET http://localhost:5000/api/purchases?page=1&pageSize=10 - 200 null application/json; charset=utf-8 34.0966ms
2026-08-08 20:53:47.800 +05:30 [INF] Handled GetSuppliersQuery in 36ms
2026-08-08 20:53:47.800 +05:30 [INF] Executing OkObjectResult, writing value of type 'Billing.Shared.Results.Result`1[[Billing.Application.Common.PagedResult`1[[Billing.Application.DTOs.SupplierDto, Billing.Application, Version=1.0.0.0, Culture=neutral, PublicKeyToken=null]], Billing.Application, Version=1.0.0.0, Culture=neutral, PublicKeyToken=null]]'.
2026-08-08 20:53:47.800 +05:30 [INF] Executed action Billing.API.Controllers.SuppliersController.GetSuppliers (Billing.API) in 37.0504ms
2026-08-08 20:53:47.800 +05:30 [INF] Executed endpoint 'Billing.API.Controllers.SuppliersController.GetSuppliers (Billing.API)'
2026-08-08 20:53:47.800 +05:30 [INF] HTTP GET /api/suppliers responded 200 in 37.4388 ms
2026-08-08 20:53:47.800 +05:30 [INF] Request finished HTTP/1.1 GET http://localhost:5000/api/suppliers?page=1&pageSize=1000 - 200 null application/json; charset=utf-8 37.5102ms
2026-08-08 20:53:51.989 +05:30 [INF] Request starting HTTP/1.1 GET http://localhost:5000/api/users - null null
2026-08-08 20:53:51.990 +05:30 [INF] Executing endpoint 'Billing.API.Controllers.UsersController.GetUsers (Billing.API)'
2026-08-08 20:53:51.990 +05:30 [INF] Route matched with {action = "GetUsers", controller = "Users"}. Executing controller action with signature System.Threading.Tasks.Task`1[Microsoft.AspNetCore.Mvc.IActionResult] GetUsers(System.Threading.CancellationToken) on controller Billing.API.Controllers.UsersController (Billing.API).
2026-08-08 20:53:51.992 +05:30 [INF] Handling GetUsersQuery
2026-08-08 20:53:52.028 +05:30 [INF] Handled GetUsersQuery in 36ms
2026-08-08 20:53:52.028 +05:30 [INF] Executing OkObjectResult, writing value of type 'Billing.Shared.Results.Result`1[[System.Collections.Generic.IReadOnlyList`1[[Billing.Application.DTOs.Users.UserDto, Billing.Application, Version=1.0.0.0, Culture=neutral, PublicKeyToken=null]], System.Private.CoreLib, Version=9.0.0.0, Culture=neutral, PublicKeyToken=7cec85d7bea7798e]]'.
2026-08-08 20:53:52.029 +05:30 [INF] Executed action Billing.API.Controllers.UsersController.GetUsers (Billing.API) in 38.6753ms
2026-08-08 20:53:52.029 +05:30 [INF] Executed endpoint 'Billing.API.Controllers.UsersController.GetUsers (Billing.API)'
2026-08-08 20:53:52.029 +05:30 [INF] HTTP GET /api/users responded 200 in 39.3508 ms
2026-08-08 20:53:52.029 +05:30 [INF] Request finished HTTP/1.1 GET http://localhost:5000/api/users - 200 null application/json; charset=utf-8 39.485ms
2026-08-08 20:54:07.700 +05:30 [INF] Request starting HTTP/1.1 GET http://localhost:5000/api/products/search?term=kd&limit=20 - null null
2026-08-08 20:54:07.700 +05:30 [INF] Executing endpoint 'Billing.API.Controllers.ProductsController.Search (Billing.API)'
2026-08-08 20:54:07.700 +05:30 [INF] Route matched with {action = "Search", controller = "Products"}. Executing controller action with signature System.Threading.Tasks.Task`1[Microsoft.AspNetCore.Mvc.IActionResult] Search(System.String, Int32, System.Threading.CancellationToken) on controller Billing.API.Controllers.ProductsController (Billing.API).
2026-08-08 20:54:07.700 +05:30 [INF] Handling SearchProductsQuery
2026-08-08 20:54:07.736 +05:30 [INF] Handled SearchProductsQuery in 35ms
2026-08-08 20:54:07.736 +05:30 [INF] Executing OkObjectResult, writing value of type 'Billing.Shared.Results.Result`1[[System.Collections.Generic.IReadOnlyList`1[[Billing.Application.DTOs.Products.ProductDto, Billing.Application, Version=1.0.0.0, Culture=neutral, PublicKeyToken=null]], System.Private.CoreLib, Version=9.0.0.0, Culture=neutral, PublicKeyToken=7cec85d7bea7798e]]'.
2026-08-08 20:54:07.737 +05:30 [INF] Executed action Billing.API.Controllers.ProductsController.Search (Billing.API) in 36.5289ms
2026-08-08 20:54:07.737 +05:30 [INF] Executed endpoint 'Billing.API.Controllers.ProductsController.Search (Billing.API)'
2026-08-08 20:54:07.737 +05:30 [INF] HTTP GET /api/products/search responded 200 in 37.0170 ms
2026-08-08 20:54:07.737 +05:30 [INF] Request finished HTTP/1.1 GET http://localhost:5000/api/products/search?term=kd&limit=20 - 200 null application/json; charset=utf-8 37.1441ms
2026-08-08 20:54:10.241 +05:30 [INF] Request starting HTTP/1.1 GET http://localhost:5000/api/products/search?term=C+TYPE+USB(KDM)&limit=20 - null null
2026-08-08 20:54:10.242 +05:30 [INF] Executing endpoint 'Billing.API.Controllers.ProductsController.Search (Billing.API)'
2026-08-08 20:54:10.242 +05:30 [INF] Route matched with {action = "Search", controller = "Products"}. Executing controller action with signature System.Threading.Tasks.Task`1[Microsoft.AspNetCore.Mvc.IActionResult] Search(System.String, Int32, System.Threading.CancellationToken) on controller Billing.API.Controllers.ProductsController (Billing.API).
2026-08-08 20:54:10.244 +05:30 [INF] Handling SearchProductsQuery
2026-08-08 20:54:10.268 +05:30 [INF] Handled SearchProductsQuery in 23ms
2026-08-08 20:54:10.268 +05:30 [INF] Executing OkObjectResult, writing value of type 'Billing.Shared.Results.Result`1[[System.Collections.Generic.IReadOnlyList`1[[Billing.Application.DTOs.Products.ProductDto, Billing.Application, Version=1.0.0.0, Culture=neutral, PublicKeyToken=null]], System.Private.CoreLib, Version=9.0.0.0, Culture=neutral, PublicKeyToken=7cec85d7bea7798e]]'.
2026-08-08 20:54:10.268 +05:30 [INF] Executed action Billing.API.Controllers.ProductsController.Search (Billing.API) in 26.2344ms
2026-08-08 20:54:10.268 +05:30 [INF] Executed endpoint 'Billing.API.Controllers.ProductsController.Search (Billing.API)'
2026-08-08 20:54:10.268 +05:30 [INF] HTTP GET /api/products/search responded 200 in 26.8680 ms
2026-08-08 20:54:10.268 +05:30 [INF] Request finished HTTP/1.1 GET http://localhost:5000/api/products/search?term=C+TYPE+USB(KDM)&limit=20 - 200 null application/json; charset=utf-8 27.1855ms
2026-08-08 20:54:37.909 +05:30 [INF] Request starting HTTP/1.1 POST http://localhost:5000/api/purchases - application/json 205
2026-08-08 20:54:37.909 +05:30 [INF] CORS policy execution successful.
2026-08-08 20:54:37.910 +05:30 [INF] Executing endpoint 'Billing.API.Controllers.PurchasesController.CreatePurchase (Billing.API)'
2026-08-08 20:54:37.915 +05:30 [INF] Route matched with {action = "CreatePurchase", controller = "Purchases"}. Executing controller action with signature System.Threading.Tasks.Task`1[Microsoft.AspNetCore.Mvc.IActionResult] CreatePurchase(Billing.Application.DTOs.CreatePurchaseRequest, System.Threading.CancellationToken) on controller Billing.API.Controllers.PurchasesController (Billing.API).
2026-08-08 20:54:37.951 +05:30 [INF] Handling CreatePurchaseCommand
2026-08-08 20:54:38.239 +05:30 [ERR] Failed handling CreatePurchaseCommand after 286ms
Microsoft.Data.SqlClient.SqlException (0x80131904): The INSERT statement conflicted with the FOREIGN KEY constraint "FK_Purchases_Shops". The conflict occurred in database "BillingSystem", table "dbo.Shops", column 'Id'.
The statement has been terminated.
   at Microsoft.Data.SqlClient.SqlConnection.OnError(SqlException exception, Boolean breakConnection, Action`1 wrapCloseInAction)
   at Microsoft.Data.SqlClient.SqlInternalConnection.OnError(SqlException exception, Boolean breakConnection, Action`1 wrapCloseInAction)
   at Microsoft.Data.SqlClient.TdsParser.ThrowExceptionAndWarning(TdsParserStateObject stateObj, SqlCommand command, Boolean callerHasConnectionLock, Boolean asyncClose)
   at Microsoft.Data.SqlClient.TdsParser.TryRun(RunBehavior runBehavior, SqlCommand cmdHandler, SqlDataReader dataStream, BulkCopySimpleResultSet bulkCopyHandler, TdsParserStateObject stateObj, Boolean& dataReady)
   at Microsoft.Data.SqlClient.SqlCommand.FinishExecuteReader(SqlDataReader ds, RunBehavior runBehavior, String resetOptionsString, Boolean isInternal, Boolean forDescribeParameterEncryption, Boolean shouldCacheForAlwaysEncrypted)
   at Microsoft.Data.SqlClient.SqlCommand.CompleteAsyncExecuteReader(Boolean isInternal, Boolean forDescribeParameterEncryption)
   at Microsoft.Data.SqlClient.SqlCommand.InternalEndExecuteNonQuery(IAsyncResult asyncResult, Boolean isInternal, String endMethod)
   at Microsoft.Data.SqlClient.SqlCommand.EndExecuteNonQueryInternal(IAsyncResult asyncResult)
   at Microsoft.Data.SqlClient.SqlCommand.EndExecuteNonQueryAsync(IAsyncResult asyncResult)
   at Microsoft.Data.SqlClient.SqlCommand.<>c.<InternalExecuteNonQueryAsync>b__193_1(IAsyncResult asyncResult)
   at System.Threading.Tasks.TaskFactory`1.FromAsyncCoreLogic(IAsyncResult iar, Func`2 endFunction, Action`1 endAction, Task`1 promise, Boolean requiresSynchronization)
--- End of stack trace from previous location ---
   at Dapper.SqlMapper.ExecuteImplAsync(IDbConnection cnn, CommandDefinition command, Object param) in /_/Dapper/SqlMapper.Async.cs:line 662
   at Billing.Persistence.Repositories.PurchaseRepository.CreatePurchaseAsync(Purchase purchase, IDbTransaction transaction, CancellationToken cancellationToken) in D:\Projects\ERP\NewShop\src\Billing.Persistence\Repositories\PurchaseRepository.cs:line 72
   at Billing.Application.Commands.Purchases.CreatePurchaseHandler.Handle(CreatePurchaseCommand request, CancellationToken cancellationToken) in D:\Projects\ERP\NewShop\src\Billing.Application\Handlers\Purchases\PurchaseHandlers.cs:line 165
   at Billing.Application.Commands.Purchases.CreatePurchaseHandler.Handle(CreatePurchaseCommand request, CancellationToken cancellationToken) in D:\Projects\ERP\NewShop\src\Billing.Application\Handlers\Purchases\PurchaseHandlers.cs:line 187
   at Billing.Application.Behaviors.LoggingBehavior`2.Handle(TRequest request, RequestHandlerDelegate`1 next, CancellationToken cancellationToken) in D:\Projects\ERP\NewShop\src\Billing.Application\Behaviors\PipelineBehaviors.cs:line 53
   at Billing.Application.Behaviors.ValidationBehavior`2.Handle(TRequest request, RequestHandlerDelegate`1 next, CancellationToken cancellationToken) in D:\Projects\ERP\NewShop\src\Billing.Application\Behaviors\PipelineBehaviors.cs:line 20
   at Billing.API.Controllers.PurchasesController.CreatePurchase(CreatePurchaseRequest request, CancellationToken cancellationToken) in D:\Projects\ERP\NewShop\src\Billing.API\Controllers\SuppliersController.cs:line 93
   at Microsoft.AspNetCore.Mvc.Infrastructure.ActionMethodExecutor.TaskOfIActionResultExecutor.Execute(ActionContext actionContext, IActionResultTypeMapper mapper, ObjectMethodExecutor executor, Object controller, Object[] arguments)
   at Microsoft.AspNetCore.Mvc.Infrastructure.ControllerActionInvoker.<InvokeActionMethodAsync>g__Awaited|12_0(ControllerActionInvoker invoker, ValueTask`1 actionResultValueTask)
   at Microsoft.AspNetCore.Mvc.Infrastructure.ControllerActionInvoker.<InvokeNextActionFilterAsync>g__Awaited|10_0(ControllerActionInvoker invoker, Task lastTask, State next, Scope scope, Object state, Boolean isCompleted)
   at Microsoft.AspNetCore.Mvc.Infrastructure.ControllerActionInvoker.Rethrow(ActionExecutedContextSealed context)
   at Microsoft.AspNetCore.Mvc.Infrastructure.ControllerActionInvoker.Next(State& next, Scope& scope, Object& state, Boolean& isCompleted)
   at Microsoft.AspNetCore.Mvc.Infrastructure.ControllerActionInvoker.<InvokeInnerFilterAsync>g__Awaited|13_0(ControllerActionInvoker invoker, Task lastTask, State next, Scope scope, Object state, Boolean isCompleted)
   at Microsoft.AspNetCore.Mvc.Infrastructure.ResourceInvoker.<InvokeFilterPipelineAsync>g__Awaited|20_0(ResourceInvoker invoker, Task lastTask, State next, Scope scope, Object state, Boolean isCompleted)
   at Microsoft.AspNetCore.Mvc.Infrastructure.ResourceInvoker.<InvokeAsync>g__Logged|17_1(ResourceInvoker invoker)
   at Microsoft.AspNetCore.Mvc.Infrastructure.ResourceInvoker.<InvokeAsync>g__Logged|17_1(ResourceInvoker invoker)
   at Microsoft.AspNetCore.Routing.EndpointMiddleware.<Invoke>g__AwaitRequestTask|7_0(Endpoint endpoint, Task requestTask, ILogger logger)
   at Microsoft.AspNetCore.Authorization.AuthorizationMiddleware.Invoke(HttpContext context)
   at Billing.Infrastructure.Middleware.TenantContextMiddleware.InvokeAsync(HttpContext context, ITenantContext tenantContext) in D:\Projects\ERP\NewShop\src\Billing.Infrastructure\Middleware\TenantContextMiddleware.cs:line 49
   at Microsoft.AspNetCore.Authentication.AuthenticationMiddleware.Invoke(HttpContext context)
   at Billing.Infrastructure.Middleware.GlobalExceptionMiddleware.InvokeAsync(HttpContext context) in D:\Projects\ERP\NewShop\src\Billing.Infrastructure\Middleware\GlobalExceptionMiddleware.cs:line 31
ClientConnectionId:c01509ef-6db6-40fc-ad94-d4f87223b6b3
Error Number:547,State:0,Class:16
2026-08-08 20:54:38.242 +05:30 [INF] Executed action Billing.API.Controllers.PurchasesController.CreatePurchase (Billing.API) in 326.9766ms
2026-08-08 20:54:38.243 +05:30 [INF] Executed endpoint 'Billing.API.Controllers.PurchasesController.CreatePurchase (Billing.API)'
2026-08-08 20:54:38.249 +05:30 [ERR] Unhandled exception. Path: /api/purchases. Message: The INSERT statement conflicted with the FOREIGN KEY constraint "FK_Purchases_Shops". The conflict occurred in database "BillingSystem", table "dbo.Shops", column 'Id'.
The statement has been terminated.
Microsoft.Data.SqlClient.SqlException (0x80131904): The INSERT statement conflicted with the FOREIGN KEY constraint "FK_Purchases_Shops". The conflict occurred in database "BillingSystem", table "dbo.Shops", column 'Id'.
The statement has been terminated.
   at Microsoft.Data.SqlClient.SqlConnection.OnError(SqlException exception, Boolean breakConnection, Action`1 wrapCloseInAction)
   at Microsoft.Data.SqlClient.SqlInternalConnection.OnError(SqlException exception, Boolean breakConnection, Action`1 wrapCloseInAction)
   at Microsoft.Data.SqlClient.TdsParser.ThrowExceptionAndWarning(TdsParserStateObject stateObj, SqlCommand command, Boolean callerHasConnectionLock, Boolean asyncClose)
   at Microsoft.Data.SqlClient.TdsParser.TryRun(RunBehavior runBehavior, SqlCommand cmdHandler, SqlDataReader dataStream, BulkCopySimpleResultSet bulkCopyHandler, TdsParserStateObject stateObj, Boolean& dataReady)
   at Microsoft.Data.SqlClient.SqlCommand.FinishExecuteReader(SqlDataReader ds, RunBehavior runBehavior, String resetOptionsString, Boolean isInternal, Boolean forDescribeParameterEncryption, Boolean shouldCacheForAlwaysEncrypted)
   at Microsoft.Data.SqlClient.SqlCommand.CompleteAsyncExecuteReader(Boolean isInternal, Boolean forDescribeParameterEncryption)
   at Microsoft.Data.SqlClient.SqlCommand.InternalEndExecuteNonQuery(IAsyncResult asyncResult, Boolean isInternal, String endMethod)
   at Microsoft.Data.SqlClient.SqlCommand.EndExecuteNonQueryInternal(IAsyncResult asyncResult)
   at Microsoft.Data.SqlClient.SqlCommand.EndExecuteNonQueryAsync(IAsyncResult asyncResult)
   at Microsoft.Data.SqlClient.SqlCommand.<>c.<InternalExecuteNonQueryAsync>b__193_1(IAsyncResult asyncResult)
   at System.Threading.Tasks.TaskFactory`1.FromAsyncCoreLogic(IAsyncResult iar, Func`2 endFunction, Action`1 endAction, Task`1 promise, Boolean requiresSynchronization)
--- End of stack trace from previous location ---
   at Dapper.SqlMapper.ExecuteImplAsync(IDbConnection cnn, CommandDefinition command, Object param) in /_/Dapper/SqlMapper.Async.cs:line 662
   at Billing.Persistence.Repositories.PurchaseRepository.CreatePurchaseAsync(Purchase purchase, IDbTransaction transaction, CancellationToken cancellationToken) in D:\Projects\ERP\NewShop\src\Billing.Persistence\Repositories\PurchaseRepository.cs:line 72
   at Billing.Application.Commands.Purchases.CreatePurchaseHandler.Handle(CreatePurchaseCommand request, CancellationToken cancellationToken) in D:\Projects\ERP\NewShop\src\Billing.Application\Handlers\Purchases\PurchaseHandlers.cs:line 165
   at Billing.Application.Commands.Purchases.CreatePurchaseHandler.Handle(CreatePurchaseCommand request, CancellationToken cancellationToken) in D:\Projects\ERP\NewShop\src\Billing.Application\Handlers\Purchases\PurchaseHandlers.cs:line 187
   at Billing.Application.Behaviors.LoggingBehavior`2.Handle(TRequest request, RequestHandlerDelegate`1 next, CancellationToken cancellationToken) in D:\Projects\ERP\NewShop\src\Billing.Application\Behaviors\PipelineBehaviors.cs:line 53
   at Billing.Application.Behaviors.ValidationBehavior`2.Handle(TRequest request, RequestHandlerDelegate`1 next, CancellationToken cancellationToken) in D:\Projects\ERP\NewShop\src\Billing.Application\Behaviors\PipelineBehaviors.cs:line 20
   at Billing.API.Controllers.PurchasesController.CreatePurchase(CreatePurchaseRequest request, CancellationToken cancellationToken) in D:\Projects\ERP\NewShop\src\Billing.API\Controllers\SuppliersController.cs:line 93
   at Microsoft.AspNetCore.Mvc.Infrastructure.ActionMethodExecutor.TaskOfIActionResultExecutor.Execute(ActionContext actionContext, IActionResultTypeMapper mapper, ObjectMethodExecutor executor, Object controller, Object[] arguments)
   at Microsoft.AspNetCore.Mvc.Infrastructure.ControllerActionInvoker.<InvokeActionMethodAsync>g__Awaited|12_0(ControllerActionInvoker invoker, ValueTask`1 actionResultValueTask)
   at Microsoft.AspNetCore.Mvc.Infrastructure.ControllerActionInvoker.<InvokeNextActionFilterAsync>g__Awaited|10_0(ControllerActionInvoker invoker, Task lastTask, State next, Scope scope, Object state, Boolean isCompleted)
   at Microsoft.AspNetCore.Mvc.Infrastructure.ControllerActionInvoker.Rethrow(ActionExecutedContextSealed context)
   at Microsoft.AspNetCore.Mvc.Infrastructure.ControllerActionInvoker.Next(State& next, Scope& scope, Object& state, Boolean& isCompleted)
   at Microsoft.AspNetCore.Mvc.Infrastructure.ControllerActionInvoker.<InvokeInnerFilterAsync>g__Awaited|13_0(ControllerActionInvoker invoker, Task lastTask, State next, Scope scope, Object state, Boolean isCompleted)
   at Microsoft.AspNetCore.Mvc.Infrastructure.ResourceInvoker.<InvokeFilterPipelineAsync>g__Awaited|20_0(ResourceInvoker invoker, Task lastTask, State next, Scope scope, Object state, Boolean isCompleted)
   at Microsoft.AspNetCore.Mvc.Infrastructure.ResourceInvoker.<InvokeAsync>g__Logged|17_1(ResourceInvoker invoker)
   at Microsoft.AspNetCore.Mvc.Infrastructure.ResourceInvoker.<InvokeAsync>g__Logged|17_1(ResourceInvoker invoker)
   at Microsoft.AspNetCore.Routing.EndpointMiddleware.<Invoke>g__AwaitRequestTask|7_0(Endpoint endpoint, Task requestTask, ILogger logger)
   at Microsoft.AspNetCore.Authorization.AuthorizationMiddleware.Invoke(HttpContext context)
   at Billing.Infrastructure.Middleware.TenantContextMiddleware.InvokeAsync(HttpContext context, ITenantContext tenantContext) in D:\Projects\ERP\NewShop\src\Billing.Infrastructure\Middleware\TenantContextMiddleware.cs:line 49
   at Microsoft.AspNetCore.Authentication.AuthenticationMiddleware.Invoke(HttpContext context)
   at Billing.Infrastructure.Middleware.GlobalExceptionMiddleware.InvokeAsync(HttpContext context) in D:\Projects\ERP\NewShop\src\Billing.Infrastructure\Middleware\GlobalExceptionMiddleware.cs:line 31
ClientConnectionId:c01509ef-6db6-40fc-ad94-d4f87223b6b3
Error Number:547,State:0,Class:16
2026-08-08 20:54:38.417 +05:30 [ERR] HTTP POST /api/purchases responded 500 in 507.5609 ms
2026-08-08 20:54:38.417 +05:30 [INF] Request finished HTTP/1.1 POST http://localhost:5000/api/purchases - 500 null application/json 508.4258ms
2026-08-08 20:59:38.024 +05:30 [INF] Request starting HTTP/1.1 GET http://localhost:5000/api/customers?page=1&pageSize=50 - null null
2026-08-08 20:59:38.030 +05:30 [INF] Failed to validate the token.
Microsoft.IdentityModel.Tokens.SecurityTokenExpiredException: IDX10223: Lifetime validation failed. The token is expired. ValidTo (UTC): '8/8/2026 3:27:40 PM', Current time (UTC): '8/8/2026 3:29:38 PM'.
   at Microsoft.IdentityModel.Tokens.ValidatorUtilities.ValidateLifetime(Nullable`1 notBefore, Nullable`1 expires, SecurityToken securityToken, TokenValidationParameters validationParameters)
   at Microsoft.IdentityModel.JsonWebTokens.JsonWebTokenHandler.ValidateTokenPayloadAsync(JsonWebToken jsonWebToken, TokenValidationParameters validationParameters, BaseConfiguration configuration)
   at Microsoft.IdentityModel.JsonWebTokens.JsonWebTokenHandler.ValidateJWSAsync(JsonWebToken jsonWebToken, TokenValidationParameters validationParameters, BaseConfiguration configuration)
2026-08-08 20:59:38.030 +05:30 [INF] Bearer was not authenticated. Failure message: IDX10223: Lifetime validation failed. The token is expired. ValidTo (UTC): '8/8/2026 3:27:40 PM', Current time (UTC): '8/8/2026 3:29:38 PM'.
2026-08-08 20:59:38.036 +05:30 [INF] Authorization failed. These requirements were not met:
DenyAnonymousAuthorizationRequirement: Requires an authenticated user.
Billing.Identity.Authorization.PermissionRequirement
2026-08-08 20:59:38.039 +05:30 [INF] AuthenticationScheme: Bearer was challenged.
2026-08-08 20:59:38.039 +05:30 [INF] HTTP GET /api/customers responded 401 in 14.5054 ms
2026-08-08 20:59:38.039 +05:30 [INF] Request finished HTTP/1.1 GET http://localhost:5000/api/customers?page=1&pageSize=50 - 401 0 null 14.7001ms
2026-08-08 20:59:38.051 +05:30 [INF] Request starting HTTP/1.1 POST http://localhost:5000/api/auth/refresh - application/json 1131
2026-08-08 20:59:38.055 +05:30 [INF] CORS policy execution successful.
2026-08-08 20:59:38.056 +05:30 [INF] Failed to validate the token.
Microsoft.IdentityModel.Tokens.SecurityTokenExpiredException: IDX10223: Lifetime validation failed. The token is expired. ValidTo (UTC): '8/8/2026 3:27:40 PM', Current time (UTC): '8/8/2026 3:29:38 PM'.
   at Microsoft.IdentityModel.Tokens.ValidatorUtilities.ValidateLifetime(Nullable`1 notBefore, Nullable`1 expires, SecurityToken securityToken, TokenValidationParameters validationParameters)
   at Microsoft.IdentityModel.JsonWebTokens.JsonWebTokenHandler.ValidateTokenPayloadAsync(JsonWebToken jsonWebToken, TokenValidationParameters validationParameters, BaseConfiguration configuration)
   at Microsoft.IdentityModel.JsonWebTokens.JsonWebTokenHandler.ValidateJWSAsync(JsonWebToken jsonWebToken, TokenValidationParameters validationParameters, BaseConfiguration configuration)
2026-08-08 20:59:38.056 +05:30 [INF] Bearer was not authenticated. Failure message: IDX10223: Lifetime validation failed. The token is expired. ValidTo (UTC): '8/8/2026 3:27:40 PM', Current time (UTC): '8/8/2026 3:29:38 PM'.
2026-08-08 20:59:38.056 +05:30 [INF] Executing endpoint 'Billing.API.Controllers.AuthController.Refresh (Billing.API)'
2026-08-08 20:59:38.056 +05:30 [INF] Route matched with {action = "Refresh", controller = "Auth"}. Executing controller action with signature System.Threading.Tasks.Task`1[Microsoft.AspNetCore.Mvc.IActionResult] Refresh(Billing.Application.DTOs.Auth.RefreshRequest, System.Threading.CancellationToken) on controller Billing.API.Controllers.AuthController (Billing.API).
2026-08-08 20:59:38.292 +05:30 [INF] Executing OkObjectResult, writing value of type 'Billing.Shared.Results.Result`1[[Billing.Application.DTOs.Auth.RefreshResponse, Billing.Application, Version=1.0.0.0, Culture=neutral, PublicKeyToken=null]]'.
2026-08-08 20:59:38.293 +05:30 [INF] Executed action Billing.API.Controllers.AuthController.Refresh (Billing.API) in 236.7769ms
2026-08-08 20:59:38.293 +05:30 [INF] Executed endpoint 'Billing.API.Controllers.AuthController.Refresh (Billing.API)'
2026-08-08 20:59:38.293 +05:30 [INF] HTTP POST /api/auth/refresh responded 200 in 238.3975 ms
2026-08-08 20:59:38.293 +05:30 [INF] Request finished HTTP/1.1 POST http://localhost:5000/api/auth/refresh - 200 null application/json; charset=utf-8 242.6885ms
2026-08-08 20:59:38.306 +05:30 [INF] Request starting HTTP/1.1 GET http://localhost:5000/api/customers?page=1&pageSize=50 - null null
2026-08-08 20:59:38.307 +05:30 [INF] Executing endpoint 'Billing.API.Controllers.CustomersController.GetCustomers (Billing.API)'
2026-08-08 20:59:38.307 +05:30 [INF] Route matched with {action = "GetCustomers", controller = "Customers"}. Executing controller action with signature System.Threading.Tasks.Task`1[Microsoft.AspNetCore.Mvc.IActionResult] GetCustomers(Int32, Int32, System.String, System.Threading.CancellationToken) on controller Billing.API.Controllers.CustomersController (Billing.API).
2026-08-08 20:59:38.307 +05:30 [INF] Handling GetCustomersQuery
2026-08-08 20:59:38.325 +05:30 [INF] Handled GetCustomersQuery in 18ms
2026-08-08 20:59:38.325 +05:30 [INF] Executing OkObjectResult, writing value of type 'Billing.Shared.Results.Result`1[[Billing.Application.Common.PagedResult`1[[Billing.Application.DTOs.CustomerDto, Billing.Application, Version=1.0.0.0, Culture=neutral, PublicKeyToken=null]], Billing.Application, Version=1.0.0.0, Culture=neutral, PublicKeyToken=null]]'.
2026-08-08 20:59:38.326 +05:30 [INF] Executed action Billing.API.Controllers.CustomersController.GetCustomers (Billing.API) in 19.3018ms
2026-08-08 20:59:38.326 +05:30 [INF] Executed endpoint 'Billing.API.Controllers.CustomersController.GetCustomers (Billing.API)'
2026-08-08 20:59:38.327 +05:30 [INF] HTTP GET /api/customers responded 200 in 20.5319 ms
2026-08-08 20:59:38.327 +05:30 [INF] Request finished HTTP/1.1 GET http://localhost:5000/api/customers?page=1&pageSize=50 - 200 null application/json; charset=utf-8 20.8489ms
2026-08-08 20:59:40.152 +05:30 [INF] Request starting HTTP/1.1 GET http://localhost:5000/api/sales?page=1&pageSize=10 - null null
2026-08-08 20:59:40.152 +05:30 [INF] Executing endpoint 'Billing.API.Controllers.SalesController.GetSales (Billing.API)'
2026-08-08 20:59:40.152 +05:30 [INF] Route matched with {action = "GetSales", controller = "Sales"}. Executing controller action with signature System.Threading.Tasks.Task`1[Microsoft.AspNetCore.Mvc.IActionResult] GetSales(System.Nullable`1[System.DateTime], System.Nullable`1[System.DateTime], Int32, Int32, System.Threading.CancellationToken) on controller Billing.API.Controllers.SalesController (Billing.API).
2026-08-08 20:59:40.160 +05:30 [INF] Handling GetSalesQuery
2026-08-08 20:59:40.244 +05:30 [INF] Handled GetSalesQuery in 83ms
2026-08-08 20:59:40.244 +05:30 [INF] Executing OkObjectResult, writing value of type 'Billing.Shared.Results.Result`1[[Billing.Application.Common.PagedResult`1[[Billing.Application.DTOs.Sales.SaleDto, Billing.Application, Version=1.0.0.0, Culture=neutral, PublicKeyToken=null]], Billing.Application, Version=1.0.0.0, Culture=neutral, PublicKeyToken=null]]'.
2026-08-08 20:59:40.245 +05:30 [INF] Executed action Billing.API.Controllers.SalesController.GetSales (Billing.API) in 92.3176ms
2026-08-08 20:59:40.245 +05:30 [INF] Executed endpoint 'Billing.API.Controllers.SalesController.GetSales (Billing.API)'
2026-08-08 20:59:40.245 +05:30 [INF] HTTP GET /api/sales responded 200 in 92.8611 ms
2026-08-08 20:59:40.245 +05:30 [INF] Request finished HTTP/1.1 GET http://localhost:5000/api/sales?page=1&pageSize=10 - 200 null application/json; charset=utf-8 93.0399ms
2026-08-08 20:59:43.525 +05:30 [INF] Request starting HTTP/1.1 GET http://localhost:5000/api/products?page=1&pageSize=10 - null null
2026-08-08 20:59:43.526 +05:30 [INF] Executing endpoint 'Billing.API.Controllers.ProductsController.GetProducts (Billing.API)'
2026-08-08 20:59:43.527 +05:30 [INF] Route matched with {action = "GetProducts", controller = "Products"}. Executing controller action with signature System.Threading.Tasks.Task`1[Microsoft.AspNetCore.Mvc.IActionResult] GetProducts(Int32, Int32, System.String, System.String, Boolean, System.Threading.CancellationToken) on controller Billing.API.Controllers.ProductsController (Billing.API).
2026-08-08 20:59:43.527 +05:30 [INF] Handling GetProductsQuery
2026-08-08 20:59:43.553 +05:30 [INF] Handled GetProductsQuery in 26ms
2026-08-08 20:59:43.553 +05:30 [INF] Executing OkObjectResult, writing value of type 'Billing.Shared.Results.Result`1[[Billing.Application.Common.PagedResult`1[[Billing.Application.DTOs.Products.ProductDto, Billing.Application, Version=1.0.0.0, Culture=neutral, PublicKeyToken=null]], Billing.Application, Version=1.0.0.0, Culture=neutral, PublicKeyToken=null]]'.
2026-08-08 20:59:43.554 +05:30 [INF] Executed action Billing.API.Controllers.ProductsController.GetProducts (Billing.API) in 27.1772ms
2026-08-08 20:59:43.554 +05:30 [INF] Executed endpoint 'Billing.API.Controllers.ProductsController.GetProducts (Billing.API)'
2026-08-08 20:59:43.554 +05:30 [INF] HTTP GET /api/products responded 200 in 27.9449 ms
2026-08-08 20:59:43.554 +05:30 [INF] Request finished HTTP/1.1 GET http://localhost:5000/api/products?page=1&pageSize=10 - 200 null application/json; charset=utf-8 28.7417ms
2026-08-08 20:59:44.766 +05:30 [INF] Request starting HTTP/1.1 GET http://localhost:5000/api/customers?page=1&pageSize=10 - null null
2026-08-08 20:59:44.766 +05:30 [INF] Executing endpoint 'Billing.API.Controllers.CustomersController.GetCustomers (Billing.API)'
2026-08-08 20:59:44.766 +05:30 [INF] Route matched with {action = "GetCustomers", controller = "Customers"}. Executing controller action with signature System.Threading.Tasks.Task`1[Microsoft.AspNetCore.Mvc.IActionResult] GetCustomers(Int32, Int32, System.String, System.Threading.CancellationToken) on controller Billing.API.Controllers.CustomersController (Billing.API).
2026-08-08 20:59:44.766 +05:30 [INF] Handling GetCustomersQuery
2026-08-08 20:59:44.784 +05:30 [INF] Handled GetCustomersQuery in 17ms
2026-08-08 20:59:44.784 +05:30 [INF] Executing OkObjectResult, writing value of type 'Billing.Shared.Results.Result`1[[Billing.Application.Common.PagedResult`1[[Billing.Application.DTOs.CustomerDto, Billing.Application, Version=1.0.0.0, Culture=neutral, PublicKeyToken=null]], Billing.Application, Version=1.0.0.0, Culture=neutral, PublicKeyToken=null]]'.
2026-08-08 20:59:44.785 +05:30 [INF] Executed action Billing.API.Controllers.CustomersController.GetCustomers (Billing.API) in 18.3442ms
2026-08-08 20:59:44.785 +05:30 [INF] Executed endpoint 'Billing.API.Controllers.CustomersController.GetCustomers (Billing.API)'
2026-08-08 20:59:44.785 +05:30 [INF] HTTP GET /api/customers responded 200 in 18.9824 ms
2026-08-08 20:59:44.785 +05:30 [INF] Request finished HTTP/1.1 GET http://localhost:5000/api/customers?page=1&pageSize=10 - 200 null application/json; charset=utf-8 19.0936ms
2026-08-08 20:59:47.030 +05:30 [INF] Request starting HTTP/1.1 GET http://localhost:5000/api/suppliers?page=1&pageSize=10 - null null
2026-08-08 20:59:47.030 +05:30 [INF] Executing endpoint 'Billing.API.Controllers.SuppliersController.GetSuppliers (Billing.API)'
2026-08-08 20:59:47.030 +05:30 [INF] Route matched with {action = "GetSuppliers", controller = "Suppliers"}. Executing controller action with signature System.Threading.Tasks.Task`1[Microsoft.AspNetCore.Mvc.IActionResult] GetSuppliers(Int32, Int32, System.String, System.Threading.CancellationToken) on controller Billing.API.Controllers.SuppliersController (Billing.API).
2026-08-08 20:59:47.031 +05:30 [INF] Handling GetSuppliersQuery
2026-08-08 20:59:47.045 +05:30 [INF] Handled GetSuppliersQuery in 14ms
2026-08-08 20:59:47.045 +05:30 [INF] Executing OkObjectResult, writing value of type 'Billing.Shared.Results.Result`1[[Billing.Application.Common.PagedResult`1[[Billing.Application.DTOs.SupplierDto, Billing.Application, Version=1.0.0.0, Culture=neutral, PublicKeyToken=null]], Billing.Application, Version=1.0.0.0, Culture=neutral, PublicKeyToken=null]]'.
2026-08-08 20:59:47.046 +05:30 [INF] Executed action Billing.API.Controllers.SuppliersController.GetSuppliers (Billing.API) in 15.0185ms
2026-08-08 20:59:47.046 +05:30 [INF] Executed endpoint 'Billing.API.Controllers.SuppliersController.GetSuppliers (Billing.API)'
2026-08-08 20:59:47.046 +05:30 [INF] HTTP GET /api/suppliers responded 200 in 15.6201 ms
2026-08-08 20:59:47.046 +05:30 [INF] Request finished HTTP/1.1 GET http://localhost:5000/api/suppliers?page=1&pageSize=10 - 200 null application/json; charset=utf-8 15.7471ms
2026-08-08 20:59:49.232 +05:30 [INF] Request starting HTTP/1.1 GET http://localhost:5000/api/purchases?page=1&pageSize=10 - null null
2026-08-08 20:59:49.234 +05:30 [INF] Executing endpoint 'Billing.API.Controllers.PurchasesController.GetPurchases (Billing.API)'
2026-08-08 20:59:49.236 +05:30 [INF] Route matched with {action = "GetPurchases", controller = "Purchases"}. Executing controller action with signature System.Threading.Tasks.Task`1[Microsoft.AspNetCore.Mvc.IActionResult] GetPurchases(Int32, Int32, System.Threading.CancellationToken) on controller Billing.API.Controllers.PurchasesController (Billing.API).
2026-08-08 20:59:49.237 +05:30 [INF] Handling GetPurchasesQuery
2026-08-08 20:59:49.239 +05:30 [INF] Request starting HTTP/1.1 GET http://localhost:5000/api/suppliers?page=1&pageSize=1000 - null null
2026-08-08 20:59:49.239 +05:30 [INF] Executing endpoint 'Billing.API.Controllers.SuppliersController.GetSuppliers (Billing.API)'
2026-08-08 20:59:49.239 +05:30 [INF] Route matched with {action = "GetSuppliers", controller = "Suppliers"}. Executing controller action with signature System.Threading.Tasks.Task`1[Microsoft.AspNetCore.Mvc.IActionResult] GetSuppliers(Int32, Int32, System.String, System.Threading.CancellationToken) on controller Billing.API.Controllers.SuppliersController (Billing.API).
2026-08-08 20:59:49.239 +05:30 [INF] Handling GetSuppliersQuery
2026-08-08 20:59:49.250 +05:30 [INF] Handled GetSuppliersQuery in 10ms
2026-08-08 20:59:49.250 +05:30 [INF] Executing OkObjectResult, writing value of type 'Billing.Shared.Results.Result`1[[Billing.Application.Common.PagedResult`1[[Billing.Application.DTOs.SupplierDto, Billing.Application, Version=1.0.0.0, Culture=neutral, PublicKeyToken=null]], Billing.Application, Version=1.0.0.0, Culture=neutral, PublicKeyToken=null]]'.
2026-08-08 20:59:49.251 +05:30 [INF] Executed action Billing.API.Controllers.SuppliersController.GetSuppliers (Billing.API) in 11.8043ms
2026-08-08 20:59:49.251 +05:30 [INF] Executed endpoint 'Billing.API.Controllers.SuppliersController.GetSuppliers (Billing.API)'
2026-08-08 20:59:49.251 +05:30 [INF] HTTP GET /api/suppliers responded 200 in 12.1653 ms
2026-08-08 20:59:49.251 +05:30 [INF] Request finished HTTP/1.1 GET http://localhost:5000/api/suppliers?page=1&pageSize=1000 - 200 null application/json; charset=utf-8 12.2458ms
2026-08-08 20:59:49.256 +05:30 [INF] Handled GetPurchasesQuery in 19ms
2026-08-08 20:59:49.256 +05:30 [INF] Executing OkObjectResult, writing value of type 'Billing.Shared.Results.Result`1[[Billing.Application.Common.PagedResult`1[[Billing.Application.DTOs.PurchaseDto, Billing.Application, Version=1.0.0.0, Culture=neutral, PublicKeyToken=null]], Billing.Application, Version=1.0.0.0, Culture=neutral, PublicKeyToken=null]]'.
2026-08-08 20:59:49.257 +05:30 [INF] Executed action Billing.API.Controllers.PurchasesController.GetPurchases (Billing.API) in 20.317ms
2026-08-08 20:59:49.257 +05:30 [INF] Executed endpoint 'Billing.API.Controllers.PurchasesController.GetPurchases (Billing.API)'
2026-08-08 20:59:49.257 +05:30 [INF] HTTP GET /api/purchases responded 200 in 24.4727 ms
2026-08-08 20:59:49.257 +05:30 [INF] Request finished HTTP/1.1 GET http://localhost:5000/api/purchases?page=1&pageSize=10 - 200 null application/json; charset=utf-8 24.6176ms
2026-08-08 21:00:05.057 +05:30 [INF] Request starting HTTP/1.1 GET http://localhost:5000/api/products/search?term=kd&limit=20 - null null
2026-08-08 21:00:05.057 +05:30 [INF] Executing endpoint 'Billing.API.Controllers.ProductsController.Search (Billing.API)'
2026-08-08 21:00:05.057 +05:30 [INF] Route matched with {action = "Search", controller = "Products"}. Executing controller action with signature System.Threading.Tasks.Task`1[Microsoft.AspNetCore.Mvc.IActionResult] Search(System.String, Int32, System.Threading.CancellationToken) on controller Billing.API.Controllers.ProductsController (Billing.API).
2026-08-08 21:00:05.057 +05:30 [INF] Handling SearchProductsQuery
2026-08-08 21:00:05.472 +05:30 [INF] Handled SearchProductsQuery in 414ms
2026-08-08 21:00:05.472 +05:30 [INF] Executing OkObjectResult, writing value of type 'Billing.Shared.Results.Result`1[[System.Collections.Generic.IReadOnlyList`1[[Billing.Application.DTOs.Products.ProductDto, Billing.Application, Version=1.0.0.0, Culture=neutral, PublicKeyToken=null]], System.Private.CoreLib, Version=9.0.0.0, Culture=neutral, PublicKeyToken=7cec85d7bea7798e]]'.
2026-08-08 21:00:05.473 +05:30 [INF] Executed action Billing.API.Controllers.ProductsController.Search (Billing.API) in 415.305ms
2026-08-08 21:00:05.473 +05:30 [INF] Executed endpoint 'Billing.API.Controllers.ProductsController.Search (Billing.API)'
2026-08-08 21:00:05.473 +05:30 [INF] HTTP GET /api/products/search responded 200 in 415.7132 ms
2026-08-08 21:00:05.473 +05:30 [INF] Request finished HTTP/1.1 GET http://localhost:5000/api/products/search?term=kd&limit=20 - 200 null application/json; charset=utf-8 415.8124ms
2026-08-08 21:00:05.656 +05:30 [INF] Request starting HTTP/1.1 GET http://localhost:5000/api/products/search?term=kdm&limit=20 - null null
2026-08-08 21:00:05.656 +05:30 [INF] Executing endpoint 'Billing.API.Controllers.ProductsController.Search (Billing.API)'
2026-08-08 21:00:05.656 +05:30 [INF] Route matched with {action = "Search", controller = "Products"}. Executing controller action with signature System.Threading.Tasks.Task`1[Microsoft.AspNetCore.Mvc.IActionResult] Search(System.String, Int32, System.Threading.CancellationToken) on controller Billing.API.Controllers.ProductsController (Billing.API).
2026-08-08 21:00:05.656 +05:30 [INF] Handling SearchProductsQuery
2026-08-08 21:00:05.676 +05:30 [INF] Handled SearchProductsQuery in 19ms
2026-08-08 21:00:05.676 +05:30 [INF] Executing OkObjectResult, writing value of type 'Billing.Shared.Results.Result`1[[System.Collections.Generic.IReadOnlyList`1[[Billing.Application.DTOs.Products.ProductDto, Billing.Application, Version=1.0.0.0, Culture=neutral, PublicKeyToken=null]], System.Private.CoreLib, Version=9.0.0.0, Culture=neutral, PublicKeyToken=7cec85d7bea7798e]]'.
2026-08-08 21:00:05.676 +05:30 [INF] Executed action Billing.API.Controllers.ProductsController.Search (Billing.API) in 19.8191ms
2026-08-08 21:00:05.676 +05:30 [INF] Executed endpoint 'Billing.API.Controllers.ProductsController.Search (Billing.API)'
2026-08-08 21:00:05.676 +05:30 [INF] HTTP GET /api/products/search responded 200 in 20.0909 ms
2026-08-08 21:00:05.676 +05:30 [INF] Request finished HTTP/1.1 GET http://localhost:5000/api/products/search?term=kdm&limit=20 - 200 null application/json; charset=utf-8 20.1702ms
2026-08-08 21:00:06.838 +05:30 [INF] Request starting HTTP/1.1 GET http://localhost:5000/api/products/search?term=C+TYPE+USB(KDM)&limit=20 - null null
2026-08-08 21:00:06.838 +05:30 [INF] Executing endpoint 'Billing.API.Controllers.ProductsController.Search (Billing.API)'
2026-08-08 21:00:06.838 +05:30 [INF] Route matched with {action = "Search", controller = "Products"}. Executing controller action with signature System.Threading.Tasks.Task`1[Microsoft.AspNetCore.Mvc.IActionResult] Search(System.String, Int32, System.Threading.CancellationToken) on controller Billing.API.Controllers.ProductsController (Billing.API).
2026-08-08 21:00:06.838 +05:30 [INF] Handling SearchProductsQuery
2026-08-08 21:00:06.852 +05:30 [INF] Handled SearchProductsQuery in 13ms
2026-08-08 21:00:06.852 +05:30 [INF] Executing OkObjectResult, writing value of type 'Billing.Shared.Results.Result`1[[System.Collections.Generic.IReadOnlyList`1[[Billing.Application.DTOs.Products.ProductDto, Billing.Application, Version=1.0.0.0, Culture=neutral, PublicKeyToken=null]], System.Private.CoreLib, Version=9.0.0.0, Culture=neutral, PublicKeyToken=7cec85d7bea7798e]]'.
2026-08-08 21:00:06.852 +05:30 [INF] Executed action Billing.API.Controllers.ProductsController.Search (Billing.API) in 13.8807ms
2026-08-08 21:00:06.852 +05:30 [INF] Executed endpoint 'Billing.API.Controllers.ProductsController.Search (Billing.API)'
2026-08-08 21:00:06.852 +05:30 [INF] HTTP GET /api/products/search responded 200 in 14.2524 ms
2026-08-08 21:00:06.852 +05:30 [INF] Request finished HTTP/1.1 GET http://localhost:5000/api/products/search?term=C+TYPE+USB(KDM)&limit=20 - 200 null application/json; charset=utf-8 14.3273ms
2026-08-08 21:00:20.573 +05:30 [INF] Request starting HTTP/1.1 POST http://localhost:5000/api/purchases - application/json 205
2026-08-08 21:00:20.574 +05:30 [INF] CORS policy execution successful.
2026-08-08 21:00:20.574 +05:30 [INF] Executing endpoint 'Billing.API.Controllers.PurchasesController.CreatePurchase (Billing.API)'
2026-08-08 21:00:20.574 +05:30 [INF] Route matched with {action = "CreatePurchase", controller = "Purchases"}. Executing controller action with signature System.Threading.Tasks.Task`1[Microsoft.AspNetCore.Mvc.IActionResult] CreatePurchase(Billing.Application.DTOs.CreatePurchaseRequest, System.Threading.CancellationToken) on controller Billing.API.Controllers.PurchasesController (Billing.API).
2026-08-08 21:00:20.575 +05:30 [INF] Handling CreatePurchaseCommand
2026-08-08 21:00:20.898 +05:30 [ERR] Failed handling CreatePurchaseCommand after 322ms
Microsoft.Data.SqlClient.SqlException (0x80131904): The INSERT statement conflicted with the FOREIGN KEY constraint "FK_Purchases_Shops". The conflict occurred in database "BillingSystem", table "dbo.Shops", column 'Id'.
The statement has been terminated.
   at Microsoft.Data.SqlClient.SqlConnection.OnError(SqlException exception, Boolean breakConnection, Action`1 wrapCloseInAction)
   at Microsoft.Data.SqlClient.SqlInternalConnection.OnError(SqlException exception, Boolean breakConnection, Action`1 wrapCloseInAction)
   at Microsoft.Data.SqlClient.TdsParser.ThrowExceptionAndWarning(TdsParserStateObject stateObj, SqlCommand command, Boolean callerHasConnectionLock, Boolean asyncClose)
   at Microsoft.Data.SqlClient.TdsParser.TryRun(RunBehavior runBehavior, SqlCommand cmdHandler, SqlDataReader dataStream, BulkCopySimpleResultSet bulkCopyHandler, TdsParserStateObject stateObj, Boolean& dataReady)
   at Microsoft.Data.SqlClient.SqlCommand.FinishExecuteReader(SqlDataReader ds, RunBehavior runBehavior, String resetOptionsString, Boolean isInternal, Boolean forDescribeParameterEncryption, Boolean shouldCacheForAlwaysEncrypted)
   at Microsoft.Data.SqlClient.SqlCommand.CompleteAsyncExecuteReader(Boolean isInternal, Boolean forDescribeParameterEncryption)
   at Microsoft.Data.SqlClient.SqlCommand.InternalEndExecuteNonQuery(IAsyncResult asyncResult, Boolean isInternal, String endMethod)
   at Microsoft.Data.SqlClient.SqlCommand.EndExecuteNonQueryInternal(IAsyncResult asyncResult)
   at Microsoft.Data.SqlClient.SqlCommand.EndExecuteNonQueryAsync(IAsyncResult asyncResult)
   at Microsoft.Data.SqlClient.SqlCommand.<>c.<InternalExecuteNonQueryAsync>b__193_1(IAsyncResult asyncResult)
   at System.Threading.Tasks.TaskFactory`1.FromAsyncCoreLogic(IAsyncResult iar, Func`2 endFunction, Action`1 endAction, Task`1 promise, Boolean requiresSynchronization)
--- End of stack trace from previous location ---
   at Dapper.SqlMapper.ExecuteImplAsync(IDbConnection cnn, CommandDefinition command, Object param) in /_/Dapper/SqlMapper.Async.cs:line 662
   at Billing.Persistence.Repositories.PurchaseRepository.CreatePurchaseAsync(Purchase purchase, IDbTransaction transaction, CancellationToken cancellationToken) in D:\Projects\ERP\NewShop\src\Billing.Persistence\Repositories\PurchaseRepository.cs:line 72
   at Billing.Application.Commands.Purchases.CreatePurchaseHandler.Handle(CreatePurchaseCommand request, CancellationToken cancellationToken) in D:\Projects\ERP\NewShop\src\Billing.Application\Handlers\Purchases\PurchaseHandlers.cs:line 165
   at Billing.Application.Commands.Purchases.CreatePurchaseHandler.Handle(CreatePurchaseCommand request, CancellationToken cancellationToken) in D:\Projects\ERP\NewShop\src\Billing.Application\Handlers\Purchases\PurchaseHandlers.cs:line 187
   at Billing.Application.Behaviors.LoggingBehavior`2.Handle(TRequest request, RequestHandlerDelegate`1 next, CancellationToken cancellationToken) in D:\Projects\ERP\NewShop\src\Billing.Application\Behaviors\PipelineBehaviors.cs:line 53
   at Billing.Application.Behaviors.ValidationBehavior`2.Handle(TRequest request, RequestHandlerDelegate`1 next, CancellationToken cancellationToken) in D:\Projects\ERP\NewShop\src\Billing.Application\Behaviors\PipelineBehaviors.cs:line 20
   at Billing.API.Controllers.PurchasesController.CreatePurchase(CreatePurchaseRequest request, CancellationToken cancellationToken) in D:\Projects\ERP\NewShop\src\Billing.API\Controllers\SuppliersController.cs:line 93
   at Microsoft.AspNetCore.Mvc.Infrastructure.ActionMethodExecutor.TaskOfIActionResultExecutor.Execute(ActionContext actionContext, IActionResultTypeMapper mapper, ObjectMethodExecutor executor, Object controller, Object[] arguments)
   at Microsoft.AspNetCore.Mvc.Infrastructure.ControllerActionInvoker.<InvokeActionMethodAsync>g__Awaited|12_0(ControllerActionInvoker invoker, ValueTask`1 actionResultValueTask)
   at Microsoft.AspNetCore.Mvc.Infrastructure.ControllerActionInvoker.<InvokeNextActionFilterAsync>g__Awaited|10_0(ControllerActionInvoker invoker, Task lastTask, State next, Scope scope, Object state, Boolean isCompleted)
   at Microsoft.AspNetCore.Mvc.Infrastructure.ControllerActionInvoker.Rethrow(ActionExecutedContextSealed context)
   at Microsoft.AspNetCore.Mvc.Infrastructure.ControllerActionInvoker.Next(State& next, Scope& scope, Object& state, Boolean& isCompleted)
   at Microsoft.AspNetCore.Mvc.Infrastructure.ControllerActionInvoker.<InvokeInnerFilterAsync>g__Awaited|13_0(ControllerActionInvoker invoker, Task lastTask, State next, Scope scope, Object state, Boolean isCompleted)
   at Microsoft.AspNetCore.Mvc.Infrastructure.ResourceInvoker.<InvokeFilterPipelineAsync>g__Awaited|20_0(ResourceInvoker invoker, Task lastTask, State next, Scope scope, Object state, Boolean isCompleted)
   at Microsoft.AspNetCore.Mvc.Infrastructure.ResourceInvoker.<InvokeAsync>g__Logged|17_1(ResourceInvoker invoker)
   at Microsoft.AspNetCore.Mvc.Infrastructure.ResourceInvoker.<InvokeAsync>g__Logged|17_1(ResourceInvoker invoker)
   at Microsoft.AspNetCore.Routing.EndpointMiddleware.<Invoke>g__AwaitRequestTask|7_0(Endpoint endpoint, Task requestTask, ILogger logger)
   at Microsoft.AspNetCore.Authorization.AuthorizationMiddleware.Invoke(HttpContext context)
   at Billing.Infrastructure.Middleware.TenantContextMiddleware.InvokeAsync(HttpContext context, ITenantContext tenantContext) in D:\Projects\ERP\NewShop\src\Billing.Infrastructure\Middleware\TenantContextMiddleware.cs:line 49
   at Microsoft.AspNetCore.Authentication.AuthenticationMiddleware.Invoke(HttpContext context)
   at Billing.Infrastructure.Middleware.GlobalExceptionMiddleware.InvokeAsync(HttpContext context) in D:\Projects\ERP\NewShop\src\Billing.Infrastructure\Middleware\GlobalExceptionMiddleware.cs:line 31
ClientConnectionId:c02bc078-7504-4d19-98d4-c22a4f9a435b
Error Number:547,State:0,Class:16
2026-08-08 21:00:20.898 +05:30 [INF] Executed action Billing.API.Controllers.PurchasesController.CreatePurchase (Billing.API) in 324.4394ms
2026-08-08 21:00:20.898 +05:30 [INF] Executed endpoint 'Billing.API.Controllers.PurchasesController.CreatePurchase (Billing.API)'
2026-08-08 21:00:20.899 +05:30 [ERR] Unhandled exception. Path: /api/purchases. Message: The INSERT statement conflicted with the FOREIGN KEY constraint "FK_Purchases_Shops". The conflict occurred in database "BillingSystem", table "dbo.Shops", column 'Id'.
The statement has been terminated.
Microsoft.Data.SqlClient.SqlException (0x80131904): The INSERT statement conflicted with the FOREIGN KEY constraint "FK_Purchases_Shops". The conflict occurred in database "BillingSystem", table "dbo.Shops", column 'Id'.
The statement has been terminated.
   at Microsoft.Data.SqlClient.SqlConnection.OnError(SqlException exception, Boolean breakConnection, Action`1 wrapCloseInAction)
   at Microsoft.Data.SqlClient.SqlInternalConnection.OnError(SqlException exception, Boolean breakConnection, Action`1 wrapCloseInAction)
   at Microsoft.Data.SqlClient.TdsParser.ThrowExceptionAndWarning(TdsParserStateObject stateObj, SqlCommand command, Boolean callerHasConnectionLock, Boolean asyncClose)
   at Microsoft.Data.SqlClient.TdsParser.TryRun(RunBehavior runBehavior, SqlCommand cmdHandler, SqlDataReader dataStream, BulkCopySimpleResultSet bulkCopyHandler, TdsParserStateObject stateObj, Boolean& dataReady)
   at Microsoft.Data.SqlClient.SqlCommand.FinishExecuteReader(SqlDataReader ds, RunBehavior runBehavior, String resetOptionsString, Boolean isInternal, Boolean forDescribeParameterEncryption, Boolean shouldCacheForAlwaysEncrypted)
   at Microsoft.Data.SqlClient.SqlCommand.CompleteAsyncExecuteReader(Boolean isInternal, Boolean forDescribeParameterEncryption)
   at Microsoft.Data.SqlClient.SqlCommand.InternalEndExecuteNonQuery(IAsyncResult asyncResult, Boolean isInternal, String endMethod)
   at Microsoft.Data.SqlClient.SqlCommand.EndExecuteNonQueryInternal(IAsyncResult asyncResult)
   at Microsoft.Data.SqlClient.SqlCommand.EndExecuteNonQueryAsync(IAsyncResult asyncResult)
   at Microsoft.Data.SqlClient.SqlCommand.<>c.<InternalExecuteNonQueryAsync>b__193_1(IAsyncResult asyncResult)
   at System.Threading.Tasks.TaskFactory`1.FromAsyncCoreLogic(IAsyncResult iar, Func`2 endFunction, Action`1 endAction, Task`1 promise, Boolean requiresSynchronization)
--- End of stack trace from previous location ---
   at Dapper.SqlMapper.ExecuteImplAsync(IDbConnection cnn, CommandDefinition command, Object param) in /_/Dapper/SqlMapper.Async.cs:line 662
   at Billing.Persistence.Repositories.PurchaseRepository.CreatePurchaseAsync(Purchase purchase, IDbTransaction transaction, CancellationToken cancellationToken) in D:\Projects\ERP\NewShop\src\Billing.Persistence\Repositories\PurchaseRepository.cs:line 72
   at Billing.Application.Commands.Purchases.CreatePurchaseHandler.Handle(CreatePurchaseCommand request, CancellationToken cancellationToken) in D:\Projects\ERP\NewShop\src\Billing.Application\Handlers\Purchases\PurchaseHandlers.cs:line 165
   at Billing.Application.Commands.Purchases.CreatePurchaseHandler.Handle(CreatePurchaseCommand request, CancellationToken cancellationToken) in D:\Projects\ERP\NewShop\src\Billing.Application\Handlers\Purchases\PurchaseHandlers.cs:line 187
   at Billing.Application.Behaviors.LoggingBehavior`2.Handle(TRequest request, RequestHandlerDelegate`1 next, CancellationToken cancellationToken) in D:\Projects\ERP\NewShop\src\Billing.Application\Behaviors\PipelineBehaviors.cs:line 53
   at Billing.Application.Behaviors.ValidationBehavior`2.Handle(TRequest request, RequestHandlerDelegate`1 next, CancellationToken cancellationToken) in D:\Projects\ERP\NewShop\src\Billing.Application\Behaviors\PipelineBehaviors.cs:line 20
   at Billing.API.Controllers.PurchasesController.CreatePurchase(CreatePurchaseRequest request, CancellationToken cancellationToken) in D:\Projects\ERP\NewShop\src\Billing.API\Controllers\SuppliersController.cs:line 93
   at Microsoft.AspNetCore.Mvc.Infrastructure.ActionMethodExecutor.TaskOfIActionResultExecutor.Execute(ActionContext actionContext, IActionResultTypeMapper mapper, ObjectMethodExecutor executor, Object controller, Object[] arguments)
   at Microsoft.AspNetCore.Mvc.Infrastructure.ControllerActionInvoker.<InvokeActionMethodAsync>g__Awaited|12_0(ControllerActionInvoker invoker, ValueTask`1 actionResultValueTask)
   at Microsoft.AspNetCore.Mvc.Infrastructure.ControllerActionInvoker.<InvokeNextActionFilterAsync>g__Awaited|10_0(ControllerActionInvoker invoker, Task lastTask, State next, Scope scope, Object state, Boolean isCompleted)
   at Microsoft.AspNetCore.Mvc.Infrastructure.ControllerActionInvoker.Rethrow(ActionExecutedContextSealed context)
   at Microsoft.AspNetCore.Mvc.Infrastructure.ControllerActionInvoker.Next(State& next, Scope& scope, Object& state, Boolean& isCompleted)
   at Microsoft.AspNetCore.Mvc.Infrastructure.ControllerActionInvoker.<InvokeInnerFilterAsync>g__Awaited|13_0(ControllerActionInvoker invoker, Task lastTask, State next, Scope scope, Object state, Boolean isCompleted)
   at Microsoft.AspNetCore.Mvc.Infrastructure.ResourceInvoker.<InvokeFilterPipelineAsync>g__Awaited|20_0(ResourceInvoker invoker, Task lastTask, State next, Scope scope, Object state, Boolean isCompleted)
   at Microsoft.AspNetCore.Mvc.Infrastructure.ResourceInvoker.<InvokeAsync>g__Logged|17_1(ResourceInvoker invoker)
   at Microsoft.AspNetCore.Mvc.Infrastructure.ResourceInvoker.<InvokeAsync>g__Logged|17_1(ResourceInvoker invoker)
   at Microsoft.AspNetCore.Routing.EndpointMiddleware.<Invoke>g__AwaitRequestTask|7_0(Endpoint endpoint, Task requestTask, ILogger logger)
   at Microsoft.AspNetCore.Authorization.AuthorizationMiddleware.Invoke(HttpContext context)
   at Billing.Infrastructure.Middleware.TenantContextMiddleware.InvokeAsync(HttpContext context, ITenantContext tenantContext) in D:\Projects\ERP\NewShop\src\Billing.Infrastructure\Middleware\TenantContextMiddleware.cs:line 49
   at Microsoft.AspNetCore.Authentication.AuthenticationMiddleware.Invoke(HttpContext context)
   at Billing.Infrastructure.Middleware.GlobalExceptionMiddleware.InvokeAsync(HttpContext context) in D:\Projects\ERP\NewShop\src\Billing.Infrastructure\Middleware\GlobalExceptionMiddleware.cs:line 31
ClientConnectionId:c02bc078-7504-4d19-98d4-c22a4f9a435b
Error Number:547,State:0,Class:16
2026-08-08 21:00:20.909 +05:30 [ERR] HTTP POST /api/purchases responded 500 in 335.3367 ms
2026-08-08 21:00:20.909 +05:30 [INF] Request finished HTTP/1.1 POST http://localhost:5000/api/purchases - 500 null application/json 335.4824ms
2026-08-08 21:00:23.430 +05:30 [INF] Request starting HTTP/1.1 POST http://localhost:5000/api/purchases - application/json 205
2026-08-08 21:00:23.430 +05:30 [INF] CORS policy execution successful.
2026-08-08 21:00:23.430 +05:30 [INF] Executing endpoint 'Billing.API.Controllers.PurchasesController.CreatePurchase (Billing.API)'
2026-08-08 21:00:23.430 +05:30 [INF] Route matched with {action = "CreatePurchase", controller = "Purchases"}. Executing controller action with signature System.Threading.Tasks.Task`1[Microsoft.AspNetCore.Mvc.IActionResult] CreatePurchase(Billing.Application.DTOs.CreatePurchaseRequest, System.Threading.CancellationToken) on controller Billing.API.Controllers.PurchasesController (Billing.API).
2026-08-08 21:00:23.435 +05:30 [INF] Handling CreatePurchaseCommand
2026-08-08 21:00:23.788 +05:30 [ERR] Failed handling CreatePurchaseCommand after 353ms
Microsoft.Data.SqlClient.SqlException (0x80131904): The INSERT statement conflicted with the FOREIGN KEY constraint "FK_Purchases_Shops". The conflict occurred in database "BillingSystem", table "dbo.Shops", column 'Id'.
The statement has been terminated.
   at Microsoft.Data.SqlClient.SqlConnection.OnError(SqlException exception, Boolean breakConnection, Action`1 wrapCloseInAction)
   at Microsoft.Data.SqlClient.SqlInternalConnection.OnError(SqlException exception, Boolean breakConnection, Action`1 wrapCloseInAction)
   at Microsoft.Data.SqlClient.TdsParser.ThrowExceptionAndWarning(TdsParserStateObject stateObj, SqlCommand command, Boolean callerHasConnectionLock, Boolean asyncClose)
   at Microsoft.Data.SqlClient.TdsParser.TryRun(RunBehavior runBehavior, SqlCommand cmdHandler, SqlDataReader dataStream, BulkCopySimpleResultSet bulkCopyHandler, TdsParserStateObject stateObj, Boolean& dataReady)
   at Microsoft.Data.SqlClient.SqlCommand.FinishExecuteReader(SqlDataReader ds, RunBehavior runBehavior, String resetOptionsString, Boolean isInternal, Boolean forDescribeParameterEncryption, Boolean shouldCacheForAlwaysEncrypted)
   at Microsoft.Data.SqlClient.SqlCommand.CompleteAsyncExecuteReader(Boolean isInternal, Boolean forDescribeParameterEncryption)
   at Microsoft.Data.SqlClient.SqlCommand.InternalEndExecuteNonQuery(IAsyncResult asyncResult, Boolean isInternal, String endMethod)
   at Microsoft.Data.SqlClient.SqlCommand.EndExecuteNonQueryInternal(IAsyncResult asyncResult)
   at Microsoft.Data.SqlClient.SqlCommand.EndExecuteNonQueryAsync(IAsyncResult asyncResult)
   at Microsoft.Data.SqlClient.SqlCommand.<>c.<InternalExecuteNonQueryAsync>b__193_1(IAsyncResult asyncResult)
   at System.Threading.Tasks.TaskFactory`1.FromAsyncCoreLogic(IAsyncResult iar, Func`2 endFunction, Action`1 endAction, Task`1 promise, Boolean requiresSynchronization)
--- End of stack trace from previous location ---
   at Dapper.SqlMapper.ExecuteImplAsync(IDbConnection cnn, CommandDefinition command, Object param) in /_/Dapper/SqlMapper.Async.cs:line 662
   at Billing.Persistence.Repositories.PurchaseRepository.CreatePurchaseAsync(Purchase purchase, IDbTransaction transaction, CancellationToken cancellationToken) in D:\Projects\ERP\NewShop\src\Billing.Persistence\Repositories\PurchaseRepository.cs:line 72
   at Billing.Application.Commands.Purchases.CreatePurchaseHandler.Handle(CreatePurchaseCommand request, CancellationToken cancellationToken) in D:\Projects\ERP\NewShop\src\Billing.Application\Handlers\Purchases\PurchaseHandlers.cs:line 165
   at Billing.Application.Commands.Purchases.CreatePurchaseHandler.Handle(CreatePurchaseCommand request, CancellationToken cancellationToken) in D:\Projects\ERP\NewShop\src\Billing.Application\Handlers\Purchases\PurchaseHandlers.cs:line 187
   at Billing.Application.Behaviors.LoggingBehavior`2.Handle(TRequest request, RequestHandlerDelegate`1 next, CancellationToken cancellationToken) in D:\Projects\ERP\NewShop\src\Billing.Application\Behaviors\PipelineBehaviors.cs:line 53
   at Billing.Application.Behaviors.ValidationBehavior`2.Handle(TRequest request, RequestHandlerDelegate`1 next, CancellationToken cancellationToken) in D:\Projects\ERP\NewShop\src\Billing.Application\Behaviors\PipelineBehaviors.cs:line 20
   at Billing.API.Controllers.PurchasesController.CreatePurchase(CreatePurchaseRequest request, CancellationToken cancellationToken) in D:\Projects\ERP\NewShop\src\Billing.API\Controllers\SuppliersController.cs:line 93
   at Microsoft.AspNetCore.Mvc.Infrastructure.ActionMethodExecutor.TaskOfIActionResultExecutor.Execute(ActionContext actionContext, IActionResultTypeMapper mapper, ObjectMethodExecutor executor, Object controller, Object[] arguments)
   at Microsoft.AspNetCore.Mvc.Infrastructure.ControllerActionInvoker.<InvokeActionMethodAsync>g__Awaited|12_0(ControllerActionInvoker invoker, ValueTask`1 actionResultValueTask)
   at Microsoft.AspNetCore.Mvc.Infrastructure.ControllerActionInvoker.<InvokeNextActionFilterAsync>g__Awaited|10_0(ControllerActionInvoker invoker, Task lastTask, State next, Scope scope, Object state, Boolean isCompleted)
   at Microsoft.AspNetCore.Mvc.Infrastructure.ControllerActionInvoker.Rethrow(ActionExecutedContextSealed context)
   at Microsoft.AspNetCore.Mvc.Infrastructure.ControllerActionInvoker.Next(State& next, Scope& scope, Object& state, Boolean& isCompleted)
   at Microsoft.AspNetCore.Mvc.Infrastructure.ControllerActionInvoker.<InvokeInnerFilterAsync>g__Awaited|13_0(ControllerActionInvoker invoker, Task lastTask, State next, Scope scope, Object state, Boolean isCompleted)
   at Microsoft.AspNetCore.Mvc.Infrastructure.ResourceInvoker.<InvokeFilterPipelineAsync>g__Awaited|20_0(ResourceInvoker invoker, Task lastTask, State next, Scope scope, Object state, Boolean isCompleted)
   at Microsoft.AspNetCore.Mvc.Infrastructure.ResourceInvoker.<InvokeAsync>g__Logged|17_1(ResourceInvoker invoker)
   at Microsoft.AspNetCore.Mvc.Infrastructure.ResourceInvoker.<InvokeAsync>g__Logged|17_1(ResourceInvoker invoker)
   at Microsoft.AspNetCore.Routing.EndpointMiddleware.<Invoke>g__AwaitRequestTask|7_0(Endpoint endpoint, Task requestTask, ILogger logger)
   at Microsoft.AspNetCore.Authorization.AuthorizationMiddleware.Invoke(HttpContext context)
   at Billing.Infrastructure.Middleware.TenantContextMiddleware.InvokeAsync(HttpContext context, ITenantContext tenantContext) in D:\Projects\ERP\NewShop\src\Billing.Infrastructure\Middleware\TenantContextMiddleware.cs:line 49
   at Microsoft.AspNetCore.Authentication.AuthenticationMiddleware.Invoke(HttpContext context)
   at Billing.Infrastructure.Middleware.GlobalExceptionMiddleware.InvokeAsync(HttpContext context) in D:\Projects\ERP\NewShop\src\Billing.Infrastructure\Middleware\GlobalExceptionMiddleware.cs:line 31
ClientConnectionId:c02bc078-7504-4d19-98d4-c22a4f9a435b
Error Number:547,State:0,Class:16
2026-08-08 21:00:23.789 +05:30 [INF] Executed action Billing.API.Controllers.PurchasesController.CreatePurchase (Billing.API) in 358.5371ms
2026-08-08 21:00:23.789 +05:30 [INF] Executed endpoint 'Billing.API.Controllers.PurchasesController.CreatePurchase (Billing.API)'
2026-08-08 21:00:23.789 +05:30 [ERR] Unhandled exception. Path: /api/purchases. Message: The INSERT statement conflicted with the FOREIGN KEY constraint "FK_Purchases_Shops". The conflict occurred in database "BillingSystem", table "dbo.Shops", column 'Id'.
The statement has been terminated.
Microsoft.Data.SqlClient.SqlException (0x80131904): The INSERT statement conflicted with the FOREIGN KEY constraint "FK_Purchases_Shops". The conflict occurred in database "BillingSystem", table "dbo.Shops", column 'Id'.
The statement has been terminated.
   at Microsoft.Data.SqlClient.SqlConnection.OnError(SqlException exception, Boolean breakConnection, Action`1 wrapCloseInAction)
   at Microsoft.Data.SqlClient.SqlInternalConnection.OnError(SqlException exception, Boolean breakConnection, Action`1 wrapCloseInAction)
   at Microsoft.Data.SqlClient.TdsParser.ThrowExceptionAndWarning(TdsParserStateObject stateObj, SqlCommand command, Boolean callerHasConnectionLock, Boolean asyncClose)
   at Microsoft.Data.SqlClient.TdsParser.TryRun(RunBehavior runBehavior, SqlCommand cmdHandler, SqlDataReader dataStream, BulkCopySimpleResultSet bulkCopyHandler, TdsParserStateObject stateObj, Boolean& dataReady)
   at Microsoft.Data.SqlClient.SqlCommand.FinishExecuteReader(SqlDataReader ds, RunBehavior runBehavior, String resetOptionsString, Boolean isInternal, Boolean forDescribeParameterEncryption, Boolean shouldCacheForAlwaysEncrypted)
   at Microsoft.Data.SqlClient.SqlCommand.CompleteAsyncExecuteReader(Boolean isInternal, Boolean forDescribeParameterEncryption)
   at Microsoft.Data.SqlClient.SqlCommand.InternalEndExecuteNonQuery(IAsyncResult asyncResult, Boolean isInternal, String endMethod)
   at Microsoft.Data.SqlClient.SqlCommand.EndExecuteNonQueryInternal(IAsyncResult asyncResult)
   at Microsoft.Data.SqlClient.SqlCommand.EndExecuteNonQueryAsync(IAsyncResult asyncResult)
   at Microsoft.Data.SqlClient.SqlCommand.<>c.<InternalExecuteNonQueryAsync>b__193_1(IAsyncResult asyncResult)
   at System.Threading.Tasks.TaskFactory`1.FromAsyncCoreLogic(IAsyncResult iar, Func`2 endFunction, Action`1 endAction, Task`1 promise, Boolean requiresSynchronization)
--- End of stack trace from previous location ---
   at Dapper.SqlMapper.ExecuteImplAsync(IDbConnection cnn, CommandDefinition command, Object param) in /_/Dapper/SqlMapper.Async.cs:line 662
   at Billing.Persistence.Repositories.PurchaseRepository.CreatePurchaseAsync(Purchase purchase, IDbTransaction transaction, CancellationToken cancellationToken) in D:\Projects\ERP\NewShop\src\Billing.Persistence\Repositories\PurchaseRepository.cs:line 72
   at Billing.Application.Commands.Purchases.CreatePurchaseHandler.Handle(CreatePurchaseCommand request, CancellationToken cancellationToken) in D:\Projects\ERP\NewShop\src\Billing.Application\Handlers\Purchases\PurchaseHandlers.cs:line 165
   at Billing.Application.Commands.Purchases.CreatePurchaseHandler.Handle(CreatePurchaseCommand request, CancellationToken cancellationToken) in D:\Projects\ERP\NewShop\src\Billing.Application\Handlers\Purchases\PurchaseHandlers.cs:line 187
   at Billing.Application.Behaviors.LoggingBehavior`2.Handle(TRequest request, RequestHandlerDelegate`1 next, CancellationToken cancellationToken) in D:\Projects\ERP\NewShop\src\Billing.Application\Behaviors\PipelineBehaviors.cs:line 53
   at Billing.Application.Behaviors.ValidationBehavior`2.Handle(TRequest request, RequestHandlerDelegate`1 next, CancellationToken cancellationToken) in D:\Projects\ERP\NewShop\src\Billing.Application\Behaviors\PipelineBehaviors.cs:line 20
   at Billing.API.Controllers.PurchasesController.CreatePurchase(CreatePurchaseRequest request, CancellationToken cancellationToken) in D:\Projects\ERP\NewShop\src\Billing.API\Controllers\SuppliersController.cs:line 93
   at Microsoft.AspNetCore.Mvc.Infrastructure.ActionMethodExecutor.TaskOfIActionResultExecutor.Execute(ActionContext actionContext, IActionResultTypeMapper mapper, ObjectMethodExecutor executor, Object controller, Object[] arguments)
   at Microsoft.AspNetCore.Mvc.Infrastructure.ControllerActionInvoker.<InvokeActionMethodAsync>g__Awaited|12_0(ControllerActionInvoker invoker, ValueTask`1 actionResultValueTask)
   at Microsoft.AspNetCore.Mvc.Infrastructure.ControllerActionInvoker.<InvokeNextActionFilterAsync>g__Awaited|10_0(ControllerActionInvoker invoker, Task lastTask, State next, Scope scope, Object state, Boolean isCompleted)
   at Microsoft.AspNetCore.Mvc.Infrastructure.ControllerActionInvoker.Rethrow(ActionExecutedContextSealed context)
   at Microsoft.AspNetCore.Mvc.Infrastructure.ControllerActionInvoker.Next(State& next, Scope& scope, Object& state, Boolean& isCompleted)
   at Microsoft.AspNetCore.Mvc.Infrastructure.ControllerActionInvoker.<InvokeInnerFilterAsync>g__Awaited|13_0(ControllerActionInvoker invoker, Task lastTask, State next, Scope scope, Object state, Boolean isCompleted)
   at Microsoft.AspNetCore.Mvc.Infrastructure.ResourceInvoker.<InvokeFilterPipelineAsync>g__Awaited|20_0(ResourceInvoker invoker, Task lastTask, State next, Scope scope, Object state, Boolean isCompleted)
   at Microsoft.AspNetCore.Mvc.Infrastructure.ResourceInvoker.<InvokeAsync>g__Logged|17_1(ResourceInvoker invoker)
   at Microsoft.AspNetCore.Mvc.Infrastructure.ResourceInvoker.<InvokeAsync>g__Logged|17_1(ResourceInvoker invoker)
   at Microsoft.AspNetCore.Routing.EndpointMiddleware.<Invoke>g__AwaitRequestTask|7_0(Endpoint endpoint, Task requestTask, ILogger logger)
   at Microsoft.AspNetCore.Authorization.AuthorizationMiddleware.Invoke(HttpContext context)
   at Billing.Infrastructure.Middleware.TenantContextMiddleware.InvokeAsync(HttpContext context, ITenantContext tenantContext) in D:\Projects\ERP\NewShop\src\Billing.Infrastructure\Middleware\TenantContextMiddleware.cs:line 49
   at Microsoft.AspNetCore.Authentication.AuthenticationMiddleware.Invoke(HttpContext context)
   at Billing.Infrastructure.Middleware.GlobalExceptionMiddleware.InvokeAsync(HttpContext context) in D:\Projects\ERP\NewShop\src\Billing.Infrastructure\Middleware\GlobalExceptionMiddleware.cs:line 31
ClientConnectionId:c02bc078-7504-4d19-98d4-c22a4f9a435b
Error Number:547,State:0,Class:16
2026-08-08 21:00:23.811 +05:30 [ERR] HTTP POST /api/purchases responded 500 in 381.6697 ms
2026-08-08 21:00:23.812 +05:30 [INF] Request finished HTTP/1.1 POST http://localhost:5000/api/purchases - 500 null application/json 381.9481ms
2026-08-08 21:00:45.240 +05:30 [INF] Request starting HTTP/1.1 GET http://localhost:5000/api/dashboard?from=2026-07-09&to=2026-08-08 - null null
2026-08-08 21:00:45.240 +05:30 [INF] Executing endpoint 'Billing.API.Controllers.DashboardController.GetDashboard (Billing.API)'
2026-08-08 21:00:45.240 +05:30 [INF] Route matched with {action = "GetDashboard", controller = "Dashboard"}. Executing controller action with signature System.Threading.Tasks.Task`1[Microsoft.AspNetCore.Mvc.IActionResult] GetDashboard(System.Nullable`1[System.DateTime], System.Nullable`1[System.DateTime], System.Threading.CancellationToken) on controller Billing.API.Controllers.DashboardController (Billing.API).
2026-08-08 21:00:45.240 +05:30 [INF] Handling GetDashboardQuery
2026-08-08 21:00:45.241 +05:30 [INF] Request starting HTTP/1.1 GET http://localhost:5000/api/dashboard?from=2026-06-09&to=2026-07-09 - null null
2026-08-08 21:00:45.241 +05:30 [INF] Executing endpoint 'Billing.API.Controllers.DashboardController.GetDashboard (Billing.API)'
2026-08-08 21:00:45.241 +05:30 [INF] Route matched with {action = "GetDashboard", controller = "Dashboard"}. Executing controller action with signature System.Threading.Tasks.Task`1[Microsoft.AspNetCore.Mvc.IActionResult] GetDashboard(System.Nullable`1[System.DateTime], System.Nullable`1[System.DateTime], System.Threading.CancellationToken) on controller Billing.API.Controllers.DashboardController (Billing.API).
2026-08-08 21:00:45.242 +05:30 [INF] Handling GetDashboardQuery
2026-08-08 21:00:45.502 +05:30 [INF] Handled GetDashboardQuery in 260ms
2026-08-08 21:00:45.502 +05:30 [INF] Executing OkObjectResult, writing value of type 'Billing.Shared.Results.Result`1[[Billing.Application.DTOs.DashboardDto, Billing.Application, Version=1.0.0.0, Culture=neutral, PublicKeyToken=null]]'.
2026-08-08 21:00:45.502 +05:30 [INF] Executed action Billing.API.Controllers.DashboardController.GetDashboard (Billing.API) in 260.5086ms
2026-08-08 21:00:45.502 +05:30 [INF] Executed endpoint 'Billing.API.Controllers.DashboardController.GetDashboard (Billing.API)'
2026-08-08 21:00:45.502 +05:30 [INF] HTTP GET /api/dashboard responded 200 in 261.0265 ms
2026-08-08 21:00:45.502 +05:30 [INF] Request finished HTTP/1.1 GET http://localhost:5000/api/dashboard?from=2026-06-09&to=2026-07-09 - 200 null application/json; charset=utf-8 261.1482ms
2026-08-08 21:00:45.621 +05:30 [INF] Handled GetDashboardQuery in 380ms
2026-08-08 21:00:45.621 +05:30 [INF] Executing OkObjectResult, writing value of type 'Billing.Shared.Results.Result`1[[Billing.Application.DTOs.DashboardDto, Billing.Application, Version=1.0.0.0, Culture=neutral, PublicKeyToken=null]]'.
2026-08-08 21:00:45.621 +05:30 [INF] Executed action Billing.API.Controllers.DashboardController.GetDashboard (Billing.API) in 380.8995ms
2026-08-08 21:00:45.621 +05:30 [INF] Executed endpoint 'Billing.API.Controllers.DashboardController.GetDashboard (Billing.API)'
2026-08-08 21:00:45.621 +05:30 [INF] HTTP GET /api/dashboard responded 200 in 381.2308 ms
2026-08-08 21:00:45.621 +05:30 [INF] Request finished HTTP/1.1 GET http://localhost:5000/api/dashboard?from=2026-07-09&to=2026-08-08 - 200 null application/json; charset=utf-8 381.4051ms
2026-08-08 21:01:07.762 +05:30 [INF] Request starting HTTP/1.1 GET http://localhost:5000/api/users - null null
2026-08-08 21:01:07.763 +05:30 [INF] Executing endpoint 'Billing.API.Controllers.UsersController.GetUsers (Billing.API)'
2026-08-08 21:01:07.763 +05:30 [INF] Route matched with {action = "GetUsers", controller = "Users"}. Executing controller action with signature System.Threading.Tasks.Task`1[Microsoft.AspNetCore.Mvc.IActionResult] GetUsers(System.Threading.CancellationToken) on controller Billing.API.Controllers.UsersController (Billing.API).
2026-08-08 21:01:07.763 +05:30 [INF] Handling GetUsersQuery
2026-08-08 21:01:07.841 +05:30 [INF] Handled GetUsersQuery in 78ms
2026-08-08 21:01:07.842 +05:30 [INF] Executing OkObjectResult, writing value of type 'Billing.Shared.Results.Result`1[[System.Collections.Generic.IReadOnlyList`1[[Billing.Application.DTOs.Users.UserDto, Billing.Application, Version=1.0.0.0, Culture=neutral, PublicKeyToken=null]], System.Private.CoreLib, Version=9.0.0.0, Culture=neutral, PublicKeyToken=7cec85d7bea7798e]]'.
2026-08-08 21:01:07.842 +05:30 [INF] Executed action Billing.API.Controllers.UsersController.GetUsers (Billing.API) in 79.1887ms
2026-08-08 21:01:07.842 +05:30 [INF] Executed endpoint 'Billing.API.Controllers.UsersController.GetUsers (Billing.API)'
2026-08-08 21:01:07.842 +05:30 [INF] HTTP GET /api/users responded 200 in 79.9852 ms
2026-08-08 21:01:07.843 +05:30 [INF] Request finished HTTP/1.1 GET http://localhost:5000/api/users - 200 null application/json; charset=utf-8 80.8998ms
2026-08-08 21:01:10.593 +05:30 [INF] Request starting HTTP/1.1 GET http://localhost:5000/api/reports/profit-loss?from=2026-07-09&to=2026-08-08 - null null
2026-08-08 21:01:10.593 +05:30 [INF] Executing endpoint 'Billing.API.Controllers.ReportsController.GetProfitLoss (Billing.API)'
2026-08-08 21:01:10.593 +05:30 [INF] Route matched with {action = "GetProfitLoss", controller = "Reports"}. Executing controller action with signature System.Threading.Tasks.Task`1[Microsoft.AspNetCore.Mvc.IActionResult] GetProfitLoss(System.Nullable`1[System.DateTime], System.Nullable`1[System.DateTime], System.Threading.CancellationToken) on controller Billing.API.Controllers.ReportsController (Billing.API).
2026-08-08 21:01:10.594 +05:30 [INF] Handling GetProfitLossReportQuery
2026-08-08 21:01:10.644 +05:30 [INF] Handled GetProfitLossReportQuery in 49ms
2026-08-08 21:01:10.644 +05:30 [INF] Executing OkObjectResult, writing value of type 'Billing.Shared.Results.Result`1[[Billing.Application.DTOs.ProfitLossDto, Billing.Application, Version=1.0.0.0, Culture=neutral, PublicKeyToken=null]]'.
2026-08-08 21:01:10.644 +05:30 [INF] Executed action Billing.API.Controllers.ReportsController.GetProfitLoss (Billing.API) in 51.1367ms
2026-08-08 21:01:10.644 +05:30 [INF] Executed endpoint 'Billing.API.Controllers.ReportsController.GetProfitLoss (Billing.API)'
2026-08-08 21:01:10.644 +05:30 [INF] HTTP GET /api/reports/profit-loss responded 200 in 51.6080 ms
2026-08-08 21:01:10.644 +05:30 [INF] Request finished HTTP/1.1 GET http://localhost:5000/api/reports/profit-loss?from=2026-07-09&to=2026-08-08 - 200 null application/json; charset=utf-8 51.7706ms
2026-08-08 21:42:19.605 +05:30 [INF] Request starting HTTP/1.1 GET http://localhost:5000/api/reports/profit-loss?from=2026-07-09&to=2026-08-08 - null null
2026-08-08 21:42:19.607 +05:30 [INF] Failed to validate the token.
Microsoft.IdentityModel.Tokens.SecurityTokenExpiredException: IDX10223: Lifetime validation failed. The token is expired. ValidTo (UTC): '8/8/2026 3:44:38 PM', Current time (UTC): '8/8/2026 4:12:19 PM'.
   at Microsoft.IdentityModel.Tokens.ValidatorUtilities.ValidateLifetime(Nullable`1 notBefore, Nullable`1 expires, SecurityToken securityToken, TokenValidationParameters validationParameters)
   at Microsoft.IdentityModel.JsonWebTokens.JsonWebTokenHandler.ValidateTokenPayloadAsync(JsonWebToken jsonWebToken, TokenValidationParameters validationParameters, BaseConfiguration configuration)
   at Microsoft.IdentityModel.JsonWebTokens.JsonWebTokenHandler.ValidateJWSAsync(JsonWebToken jsonWebToken, TokenValidationParameters validationParameters, BaseConfiguration configuration)
2026-08-08 21:42:19.607 +05:30 [INF] Bearer was not authenticated. Failure message: IDX10223: Lifetime validation failed. The token is expired. ValidTo (UTC): '8/8/2026 3:44:38 PM', Current time (UTC): '8/8/2026 4:12:19 PM'.
2026-08-08 21:42:19.607 +05:30 [INF] Authorization failed. These requirements were not met:
DenyAnonymousAuthorizationRequirement: Requires an authenticated user.
Billing.Identity.Authorization.PermissionRequirement
2026-08-08 21:42:19.608 +05:30 [INF] AuthenticationScheme: Bearer was challenged.
2026-08-08 21:42:19.608 +05:30 [INF] HTTP GET /api/reports/profit-loss responded 401 in 2.8298 ms
2026-08-08 21:42:19.608 +05:30 [INF] Request finished HTTP/1.1 GET http://localhost:5000/api/reports/profit-loss?from=2026-07-09&to=2026-08-08 - 401 0 null 3.0397ms
2026-08-08 21:42:19.627 +05:30 [INF] Request starting HTTP/1.1 POST http://localhost:5000/api/auth/refresh - application/json 1131
2026-08-08 21:42:19.627 +05:30 [INF] CORS policy execution successful.
2026-08-08 21:42:19.628 +05:30 [INF] Failed to validate the token.
Microsoft.IdentityModel.Tokens.SecurityTokenExpiredException: IDX10223: Lifetime validation failed. The token is expired. ValidTo (UTC): '8/8/2026 3:44:38 PM', Current time (UTC): '8/8/2026 4:12:19 PM'.
   at Microsoft.IdentityModel.Tokens.ValidatorUtilities.ValidateLifetime(Nullable`1 notBefore, Nullable`1 expires, SecurityToken securityToken, TokenValidationParameters validationParameters)
   at Microsoft.IdentityModel.JsonWebTokens.JsonWebTokenHandler.ValidateTokenPayloadAsync(JsonWebToken jsonWebToken, TokenValidationParameters validationParameters, BaseConfiguration configuration)
   at Microsoft.IdentityModel.JsonWebTokens.JsonWebTokenHandler.ValidateJWSAsync(JsonWebToken jsonWebToken, TokenValidationParameters validationParameters, BaseConfiguration configuration)
2026-08-08 21:42:19.628 +05:30 [INF] Bearer was not authenticated. Failure message: IDX10223: Lifetime validation failed. The token is expired. ValidTo (UTC): '8/8/2026 3:44:38 PM', Current time (UTC): '8/8/2026 4:12:19 PM'.
2026-08-08 21:42:19.628 +05:30 [INF] Executing endpoint 'Billing.API.Controllers.AuthController.Refresh (Billing.API)'
2026-08-08 21:42:19.628 +05:30 [INF] Route matched with {action = "Refresh", controller = "Auth"}. Executing controller action with signature System.Threading.Tasks.Task`1[Microsoft.AspNetCore.Mvc.IActionResult] Refresh(Billing.Application.DTOs.Auth.RefreshRequest, System.Threading.CancellationToken) on controller Billing.API.Controllers.AuthController (Billing.API).
2026-08-08 21:42:19.851 +05:30 [INF] Executing OkObjectResult, writing value of type 'Billing.Shared.Results.Result`1[[Billing.Application.DTOs.Auth.RefreshResponse, Billing.Application, Version=1.0.0.0, Culture=neutral, PublicKeyToken=null]]'.
2026-08-08 21:42:19.852 +05:30 [INF] Executed action Billing.API.Controllers.AuthController.Refresh (Billing.API) in 224.0548ms
2026-08-08 21:42:19.852 +05:30 [INF] Executed endpoint 'Billing.API.Controllers.AuthController.Refresh (Billing.API)'
2026-08-08 21:42:19.852 +05:30 [INF] HTTP POST /api/auth/refresh responded 200 in 225.3505 ms
2026-08-08 21:42:19.853 +05:30 [INF] Request finished HTTP/1.1 POST http://localhost:5000/api/auth/refresh - 200 null application/json; charset=utf-8 225.5753ms
2026-08-08 21:42:19.874 +05:30 [INF] Request starting HTTP/1.1 GET http://localhost:5000/api/reports/profit-loss?from=2026-07-09&to=2026-08-08 - null null
2026-08-08 21:42:19.875 +05:30 [INF] Executing endpoint 'Billing.API.Controllers.ReportsController.GetProfitLoss (Billing.API)'
2026-08-08 21:42:19.875 +05:30 [INF] Route matched with {action = "GetProfitLoss", controller = "Reports"}. Executing controller action with signature System.Threading.Tasks.Task`1[Microsoft.AspNetCore.Mvc.IActionResult] GetProfitLoss(System.Nullable`1[System.DateTime], System.Nullable`1[System.DateTime], System.Threading.CancellationToken) on controller Billing.API.Controllers.ReportsController (Billing.API).
2026-08-08 21:42:19.882 +05:30 [INF] Handling GetProfitLossReportQuery
2026-08-08 21:42:19.949 +05:30 [INF] Handled GetProfitLossReportQuery in 67ms
2026-08-08 21:42:19.950 +05:30 [INF] Executing OkObjectResult, writing value of type 'Billing.Shared.Results.Result`1[[Billing.Application.DTOs.ProfitLossDto, Billing.Application, Version=1.0.0.0, Culture=neutral, PublicKeyToken=null]]'.
2026-08-08 21:42:19.950 +05:30 [INF] Executed action Billing.API.Controllers.ReportsController.GetProfitLoss (Billing.API) in 75.7279ms
2026-08-08 21:42:19.950 +05:30 [INF] Executed endpoint 'Billing.API.Controllers.ReportsController.GetProfitLoss (Billing.API)'
2026-08-08 21:42:19.951 +05:30 [INF] HTTP GET /api/reports/profit-loss responded 200 in 76.6980 ms
2026-08-08 21:42:19.951 +05:30 [INF] Request finished HTTP/1.1 GET http://localhost:5000/api/reports/profit-loss?from=2026-07-09&to=2026-08-08 - 200 null application/json; charset=utf-8 76.9534ms
2026-08-08 21:42:31.012 +05:30 [INF] Request starting HTTP/1.1 GET http://localhost:5000/api/users - null null
2026-08-08 21:42:31.013 +05:30 [INF] Executing endpoint 'Billing.API.Controllers.UsersController.GetUsers (Billing.API)'
2026-08-08 21:42:31.013 +05:30 [INF] Route matched with {action = "GetUsers", controller = "Users"}. Executing controller action with signature System.Threading.Tasks.Task`1[Microsoft.AspNetCore.Mvc.IActionResult] GetUsers(System.Threading.CancellationToken) on controller Billing.API.Controllers.UsersController (Billing.API).
2026-08-08 21:42:31.013 +05:30 [INF] Handling GetUsersQuery
2026-08-08 21:42:31.071 +05:30 [INF] Handled GetUsersQuery in 57ms
2026-08-08 21:42:31.071 +05:30 [INF] Executing OkObjectResult, writing value of type 'Billing.Shared.Results.Result`1[[System.Collections.Generic.IReadOnlyList`1[[Billing.Application.DTOs.Users.UserDto, Billing.Application, Version=1.0.0.0, Culture=neutral, PublicKeyToken=null]], System.Private.CoreLib, Version=9.0.0.0, Culture=neutral, PublicKeyToken=7cec85d7bea7798e]]'.
2026-08-08 21:42:31.071 +05:30 [INF] Executed action Billing.API.Controllers.UsersController.GetUsers (Billing.API) in 58.2348ms
2026-08-08 21:42:31.071 +05:30 [INF] Executed endpoint 'Billing.API.Controllers.UsersController.GetUsers (Billing.API)'
2026-08-08 21:42:31.071 +05:30 [INF] HTTP GET /api/users responded 200 in 59.0344 ms
2026-08-08 21:42:31.071 +05:30 [INF] Request finished HTTP/1.1 GET http://localhost:5000/api/users - 200 null application/json; charset=utf-8 59.1143ms
2026-08-08 21:42:32.191 +05:30 [INF] Request starting HTTP/1.1 GET http://localhost:5000/api/suppliers?page=1&pageSize=10 - null null
2026-08-08 21:42:32.192 +05:30 [INF] Executing endpoint 'Billing.API.Controllers.SuppliersController.GetSuppliers (Billing.API)'
2026-08-08 21:42:32.192 +05:30 [INF] Route matched with {action = "GetSuppliers", controller = "Suppliers"}. Executing controller action with signature System.Threading.Tasks.Task`1[Microsoft.AspNetCore.Mvc.IActionResult] GetSuppliers(Int32, Int32, System.String, System.Threading.CancellationToken) on controller Billing.API.Controllers.SuppliersController (Billing.API).
2026-08-08 21:42:32.193 +05:30 [INF] Handling GetSuppliersQuery
2026-08-08 21:42:32.252 +05:30 [INF] Handled GetSuppliersQuery in 59ms
2026-08-08 21:42:32.252 +05:30 [INF] Executing OkObjectResult, writing value of type 'Billing.Shared.Results.Result`1[[Billing.Application.Common.PagedResult`1[[Billing.Application.DTOs.SupplierDto, Billing.Application, Version=1.0.0.0, Culture=neutral, PublicKeyToken=null]], Billing.Application, Version=1.0.0.0, Culture=neutral, PublicKeyToken=null]]'.
2026-08-08 21:42:32.252 +05:30 [INF] Executed action Billing.API.Controllers.SuppliersController.GetSuppliers (Billing.API) in 60.3353ms
2026-08-08 21:42:32.252 +05:30 [INF] Executed endpoint 'Billing.API.Controllers.SuppliersController.GetSuppliers (Billing.API)'
2026-08-08 21:42:32.252 +05:30 [INF] HTTP GET /api/suppliers responded 200 in 61.1054 ms
2026-08-08 21:42:32.253 +05:30 [INF] Request finished HTTP/1.1 GET http://localhost:5000/api/suppliers?page=1&pageSize=10 - 200 null application/json; charset=utf-8 61.3379ms
