2026-07-24 10:19:24.297 +05:30 [INF] Now listening on: http://localhost:5000
2026-07-24 10:19:24.301 +05:30 [INF] Application started. Press Ctrl+C to shut down.
2026-07-24 10:19:24.301 +05:30 [INF] Hosting environment: Production
2026-07-24 10:19:24.301 +05:30 [INF] Content root path: d:\Projects\ERP\NewShop\src\Billing.API
2026-07-24 10:19:42.012 +05:30 [INF] HTTP GET / responded 404 in 2785.0788 ms
2026-07-24 10:19:44.817 +05:30 [INF] HTTP GET / responded 404 in 10.3353 ms
2026-07-24 10:20:06.132 +05:30 [INF] HTTP GET / responded 404 in 10.5621 ms
2026-07-24 10:20:13.982 +05:30 [INF] HTTP GET /health responded 200 in 22.4651 ms
2026-07-24 10:20:23.484 +05:30 [INF] HTTP GET /health responded 200 in 3.5332 ms
2026-07-24 10:20:23.717 +05:30 [INF] HTTP GET /swagger/index.html responded 404 in 0.2261 ms
2026-07-24 10:20:25.844 +05:30 [ERR] Unhandled exception. Path: /api/auth/login. Message: Cannot open database "BillingSystem" requested by the login. The login failed.
Login failed for user 'SUSHANT\susha'.
Microsoft.Data.SqlClient.SqlException (0x80131904): Cannot open database "BillingSystem" requested by the login. The login failed.
Login failed for user 'SUSHANT\susha'.
   at Microsoft.Data.SqlClient.SqlInternalConnection.OnError(SqlException exception, Boolean breakConnection, Action`1 wrapCloseInAction)
   at Microsoft.Data.SqlClient.TdsParser.ThrowExceptionAndWarning(TdsParserStateObject stateObj, SqlCommand command, Boolean callerHasConnectionLock, Boolean asyncClose)
   at Microsoft.Data.SqlClient.TdsParser.TryRun(RunBehavior runBehavior, SqlCommand cmdHandler, SqlDataReader dataStream, BulkCopySimpleResultSet bulkCopyHandler, TdsParserStateObject stateObj, Boolean& dataReady)
   at Microsoft.Data.SqlClient.TdsParser.Run(RunBehavior runBehavior, SqlCommand cmdHandler, SqlDataReader dataStream, BulkCopySimpleResultSet bulkCopyHandler, TdsParserStateObject stateObj)
   at Microsoft.Data.SqlClient.SqlInternalConnectionTds.CompleteLogin(Boolean enlistOK)
   at Microsoft.Data.SqlClient.SqlInternalConnectionTds.AttemptOneLogin(ServerInfo serverInfo, String newPassword, SecureString newSecurePassword, TimeoutTimer timeout, Boolean withFailover)
   at Microsoft.Data.SqlClient.SqlInternalConnectionTds.LoginNoFailover(ServerInfo serverInfo, String newPassword, SecureString newSecurePassword, Boolean redirectedUserInstance, SqlConnectionString connectionOptions, SqlCredential credential, TimeoutTimer timeout)
   at Microsoft.Data.SqlClient.SqlInternalConnectionTds.OpenLoginEnlist(TimeoutTimer timeout, SqlConnectionString connectionOptions, SqlCredential credential, String newPassword, SecureString newSecurePassword, Boolean redirectedUserInstance)
   at Microsoft.Data.SqlClient.SqlInternalConnectionTds..ctor(DbConnectionPoolIdentity identity, SqlConnectionString connectionOptions, SqlCredential credential, Object providerInfo, String newPassword, SecureString newSecurePassword, Boolean redirectedUserInstance, SqlConnectionString userConnectionOptions, SessionData reconnectSessionData, Boolean applyTransientFaultHandling, String accessToken, DbConnectionPool pool, Func`3 accessTokenCallback)
   at Microsoft.Data.SqlClient.SqlConnectionFactory.CreateConnection(DbConnectionOptions options, DbConnectionPoolKey poolKey, Object poolGroupProviderInfo, DbConnectionPool pool, DbConnection owningConnection, DbConnectionOptions userOptions)
   at Microsoft.Data.ProviderBase.DbConnectionFactory.CreatePooledConnection(DbConnectionPool pool, DbConnection owningObject, DbConnectionOptions options, DbConnectionPoolKey poolKey, DbConnectionOptions userOptions)
   at Microsoft.Data.ProviderBase.DbConnectionPool.CreateObject(DbConnection owningObject, DbConnectionOptions userOptions, DbConnectionInternal oldConnection)
   at Microsoft.Data.ProviderBase.DbConnectionPool.UserCreateRequest(DbConnection owningObject, DbConnectionOptions userOptions, DbConnectionInternal oldConnection)
   at Microsoft.Data.ProviderBase.DbConnectionPool.TryGetConnection(DbConnection owningObject, UInt32 waitForMultipleObjectsTimeout, Boolean allowCreate, Boolean onlyOneCheckConnection, DbConnectionOptions userOptions, DbConnectionInternal& connection)
   at Microsoft.Data.ProviderBase.DbConnectionPool.WaitForPendingOpen()
--- End of stack trace from previous location ---
   at Billing.Persistence.Repositories.TenantRepository.GetActiveAsync(CancellationToken cancellationToken) in d:\Projects\ERP\NewShop\src\Billing.Persistence\Repositories\TenantRepository.cs:line 102
   at Billing.Identity.Services.AuthService.LoginAsync(LoginRequest request, String ipAddress, String deviceInfo, CancellationToken cancellationToken) in d:\Projects\ERP\NewShop\src\Billing.Identity\Services\AuthService.cs:line 71
   at Billing.API.Controllers.AuthController.Login(LoginRequest request, CancellationToken cancellationToken) in d:\Projects\ERP\NewShop\src\Billing.API\Controllers\AuthController.cs:line 30
   at Microsoft.AspNetCore.Mvc.Infrastructure.ActionMethodExecutor.TaskOfIActionResultExecutor.Execute(ActionContext actionContext, IActionResultTypeMapper mapper, ObjectMethodExecutor executor, Object controller, Object[] arguments)
   at Microsoft.AspNetCore.Mvc.Infrastructure.ControllerActionInvoker.<InvokeActionMethodAsync>g__Awaited|12_0(ControllerActionInvoker invoker, ValueTask`1 actionResultValueTask)
   at Microsoft.AspNetCore.Mvc.Infrastructure.ControllerActionInvoker.<InvokeNextActionFilterAsync>g__Awaited|10_0(ControllerActionInvoker invoker, Task lastTask, State next, Scope scope, Object state, Boolean isCompleted)
   at Microsoft.AspNetCore.Mvc.Infrastructure.ControllerActionInvoker.Rethrow(ActionExecutedContextSealed context)
   at Microsoft.AspNetCore.Mvc.Infrastructure.ControllerActionInvoker.Next(State& next, Scope& scope, Object& state, Boolean& isCompleted)
   at Microsoft.AspNetCore.Mvc.Infrastructure.ControllerActionInvoker.<InvokeInnerFilterAsync>g__Awaited|13_0(ControllerActionInvoker invoker, Task lastTask, State next, Scope scope, Object state, Boolean isCompleted)
   at Microsoft.AspNetCore.Mvc.Infrastructure.ResourceInvoker.<InvokeFilterPipelineAsync>g__Awaited|20_0(ResourceInvoker invoker, Task lastTask, State next, Scope scope, Object state, Boolean isCompleted)
   at Microsoft.AspNetCore.Mvc.Infrastructure.ResourceInvoker.<InvokeAsync>g__Awaited|17_0(ResourceInvoker invoker, Task task, IDisposable scope)
   at Microsoft.AspNetCore.Mvc.Infrastructure.ResourceInvoker.<InvokeAsync>g__Awaited|17_0(ResourceInvoker invoker, Task task, IDisposable scope)
   at Microsoft.AspNetCore.Authorization.AuthorizationMiddleware.Invoke(HttpContext context)
   at Microsoft.AspNetCore.Authentication.AuthenticationMiddleware.Invoke(HttpContext context)
   at Billing.Infrastructure.Middleware.TenantContextMiddleware.InvokeAsync(HttpContext context, ITenantContext tenantContext) in d:\Projects\ERP\NewShop\src\Billing.Infrastructure\Middleware\TenantContextMiddleware.cs:line 57
   at Billing.Infrastructure.Middleware.GlobalExceptionMiddleware.InvokeAsync(HttpContext context) in d:\Projects\ERP\NewShop\src\Billing.Infrastructure\Middleware\GlobalExceptionMiddleware.cs:line 31
ClientConnectionId:7440e628-cc21-4737-a765-cb5c50b7df4f
Error Number:4060,State:1,Class:11
2026-07-24 10:20:25.852 +05:30 [ERR] HTTP POST /api/auth/login responded 500 in 2067.4650 ms
2026-07-24 10:21:02.386 +05:30 [INF] HTTP GET / responded 404 in 0.2973 ms
2026-07-24 10:23:01.550 +05:30 [INF] HTTP GET /api/health responded 404 in 0.1865 ms
2026-07-24 10:24:06.567 +05:30 [ERR] Unhandled exception. Path: /api/auth/login. Message: Cannot open database "BillingSystem" requested by the login. The login failed.
Login failed for user 'SUSHANT\susha'.
Microsoft.Data.SqlClient.SqlException (0x80131904): Cannot open database "BillingSystem" requested by the login. The login failed.
Login failed for user 'SUSHANT\susha'.
   at Microsoft.Data.SqlClient.SqlInternalConnection.OnError(SqlException exception, Boolean breakConnection, Action`1 wrapCloseInAction)
   at Microsoft.Data.SqlClient.TdsParser.ThrowExceptionAndWarning(TdsParserStateObject stateObj, SqlCommand command, Boolean callerHasConnectionLock, Boolean asyncClose)
   at Microsoft.Data.SqlClient.TdsParser.TryRun(RunBehavior runBehavior, SqlCommand cmdHandler, SqlDataReader dataStream, BulkCopySimpleResultSet bulkCopyHandler, TdsParserStateObject stateObj, Boolean& dataReady)
   at Microsoft.Data.SqlClient.TdsParser.Run(RunBehavior runBehavior, SqlCommand cmdHandler, SqlDataReader dataStream, BulkCopySimpleResultSet bulkCopyHandler, TdsParserStateObject stateObj)
   at Microsoft.Data.SqlClient.SqlInternalConnectionTds.CompleteLogin(Boolean enlistOK)
   at Microsoft.Data.SqlClient.SqlInternalConnectionTds.AttemptOneLogin(ServerInfo serverInfo, String newPassword, SecureString newSecurePassword, TimeoutTimer timeout, Boolean withFailover)
   at Microsoft.Data.SqlClient.SqlInternalConnectionTds.LoginNoFailover(ServerInfo serverInfo, String newPassword, SecureString newSecurePassword, Boolean redirectedUserInstance, SqlConnectionString connectionOptions, SqlCredential credential, TimeoutTimer timeout)
   at Microsoft.Data.SqlClient.SqlInternalConnectionTds.OpenLoginEnlist(TimeoutTimer timeout, SqlConnectionString connectionOptions, SqlCredential credential, String newPassword, SecureString newSecurePassword, Boolean redirectedUserInstance)
   at Microsoft.Data.SqlClient.SqlInternalConnectionTds..ctor(DbConnectionPoolIdentity identity, SqlConnectionString connectionOptions, SqlCredential credential, Object providerInfo, String newPassword, SecureString newSecurePassword, Boolean redirectedUserInstance, SqlConnectionString userConnectionOptions, SessionData reconnectSessionData, Boolean applyTransientFaultHandling, String accessToken, DbConnectionPool pool, Func`3 accessTokenCallback)
   at Microsoft.Data.SqlClient.SqlConnectionFactory.CreateConnection(DbConnectionOptions options, DbConnectionPoolKey poolKey, Object poolGroupProviderInfo, DbConnectionPool pool, DbConnection owningConnection, DbConnectionOptions userOptions)
   at Microsoft.Data.ProviderBase.DbConnectionFactory.CreatePooledConnection(DbConnectionPool pool, DbConnection owningObject, DbConnectionOptions options, DbConnectionPoolKey poolKey, DbConnectionOptions userOptions)
   at Microsoft.Data.ProviderBase.DbConnectionPool.CreateObject(DbConnection owningObject, DbConnectionOptions userOptions, DbConnectionInternal oldConnection)
   at Microsoft.Data.ProviderBase.DbConnectionPool.UserCreateRequest(DbConnection owningObject, DbConnectionOptions userOptions, DbConnectionInternal oldConnection)
   at Microsoft.Data.ProviderBase.DbConnectionPool.TryGetConnection(DbConnection owningObject, UInt32 waitForMultipleObjectsTimeout, Boolean allowCreate, Boolean onlyOneCheckConnection, DbConnectionOptions userOptions, DbConnectionInternal& connection)
   at Microsoft.Data.ProviderBase.DbConnectionPool.WaitForPendingOpen()
--- End of stack trace from previous location ---
   at Billing.Persistence.Repositories.TenantRepository.GetActiveAsync(CancellationToken cancellationToken) in d:\Projects\ERP\NewShop\src\Billing.Persistence\Repositories\TenantRepository.cs:line 102
   at Billing.Identity.Services.AuthService.LoginAsync(LoginRequest request, String ipAddress, String deviceInfo, CancellationToken cancellationToken) in d:\Projects\ERP\NewShop\src\Billing.Identity\Services\AuthService.cs:line 71
   at Billing.API.Controllers.AuthController.Login(LoginRequest request, CancellationToken cancellationToken) in d:\Projects\ERP\NewShop\src\Billing.API\Controllers\AuthController.cs:line 30
   at Microsoft.AspNetCore.Mvc.Infrastructure.ActionMethodExecutor.TaskOfIActionResultExecutor.Execute(ActionContext actionContext, IActionResultTypeMapper mapper, ObjectMethodExecutor executor, Object controller, Object[] arguments)
   at Microsoft.AspNetCore.Mvc.Infrastructure.ControllerActionInvoker.<InvokeActionMethodAsync>g__Awaited|12_0(ControllerActionInvoker invoker, ValueTask`1 actionResultValueTask)
   at Microsoft.AspNetCore.Mvc.Infrastructure.ControllerActionInvoker.<InvokeNextActionFilterAsync>g__Awaited|10_0(ControllerActionInvoker invoker, Task lastTask, State next, Scope scope, Object state, Boolean isCompleted)
   at Microsoft.AspNetCore.Mvc.Infrastructure.ControllerActionInvoker.Rethrow(ActionExecutedContextSealed context)
   at Microsoft.AspNetCore.Mvc.Infrastructure.ControllerActionInvoker.Next(State& next, Scope& scope, Object& state, Boolean& isCompleted)
   at Microsoft.AspNetCore.Mvc.Infrastructure.ControllerActionInvoker.<InvokeInnerFilterAsync>g__Awaited|13_0(ControllerActionInvoker invoker, Task lastTask, State next, Scope scope, Object state, Boolean isCompleted)
   at Microsoft.AspNetCore.Mvc.Infrastructure.ResourceInvoker.<InvokeFilterPipelineAsync>g__Awaited|20_0(ResourceInvoker invoker, Task lastTask, State next, Scope scope, Object state, Boolean isCompleted)
   at Microsoft.AspNetCore.Mvc.Infrastructure.ResourceInvoker.<InvokeAsync>g__Awaited|17_0(ResourceInvoker invoker, Task task, IDisposable scope)
   at Microsoft.AspNetCore.Mvc.Infrastructure.ResourceInvoker.<InvokeAsync>g__Awaited|17_0(ResourceInvoker invoker, Task task, IDisposable scope)
   at Microsoft.AspNetCore.Authorization.AuthorizationMiddleware.Invoke(HttpContext context)
   at Microsoft.AspNetCore.Authentication.AuthenticationMiddleware.Invoke(HttpContext context)
   at Billing.Infrastructure.Middleware.TenantContextMiddleware.InvokeAsync(HttpContext context, ITenantContext tenantContext) in d:\Projects\ERP\NewShop\src\Billing.Infrastructure\Middleware\TenantContextMiddleware.cs:line 57
   at Billing.Infrastructure.Middleware.GlobalExceptionMiddleware.InvokeAsync(HttpContext context) in d:\Projects\ERP\NewShop\src\Billing.Infrastructure\Middleware\GlobalExceptionMiddleware.cs:line 31
ClientConnectionId:6372f428-58f2-4f4b-a297-b7523a68e490
Error Number:4060,State:1,Class:11
2026-07-24 10:24:06.604 +05:30 [ERR] HTTP POST /api/auth/login responded 500 in 66.6641 ms
2026-07-24 10:24:14.583 +05:30 [ERR] Unhandled exception. Path: /api/auth/login. Message: Cannot open database "BillingSystem" requested by the login. The login failed.
Login failed for user 'SUSHANT\susha'.
Microsoft.Data.SqlClient.SqlException (0x80131904): Cannot open database "BillingSystem" requested by the login. The login failed.
Login failed for user 'SUSHANT\susha'.
   at Microsoft.Data.ProviderBase.DbConnectionPool.TryGetConnection(DbConnection owningObject, UInt32 waitForMultipleObjectsTimeout, Boolean allowCreate, Boolean onlyOneCheckConnection, DbConnectionOptions userOptions, DbConnectionInternal& connection)
   at Microsoft.Data.ProviderBase.DbConnectionPool.TryGetConnection(DbConnection owningObject, TaskCompletionSource`1 retry, DbConnectionOptions userOptions, DbConnectionInternal& connection)
   at Microsoft.Data.ProviderBase.DbConnectionFactory.TryGetConnection(DbConnection owningConnection, TaskCompletionSource`1 retry, DbConnectionOptions userOptions, DbConnectionInternal oldConnection, DbConnectionInternal& connection)
   at Microsoft.Data.ProviderBase.DbConnectionInternal.TryOpenConnectionInternal(DbConnection outerConnection, DbConnectionFactory connectionFactory, TaskCompletionSource`1 retry, DbConnectionOptions userOptions)
   at Microsoft.Data.ProviderBase.DbConnectionClosed.TryOpenConnection(DbConnection outerConnection, DbConnectionFactory connectionFactory, TaskCompletionSource`1 retry, DbConnectionOptions userOptions)
   at Microsoft.Data.SqlClient.SqlConnection.TryOpen(TaskCompletionSource`1 retry, SqlConnectionOverrides overrides)
   at Microsoft.Data.SqlClient.SqlConnection.InternalOpenAsync(CancellationToken cancellationToken)
--- End of stack trace from previous location ---
   at Billing.Persistence.Repositories.TenantRepository.GetActiveAsync(CancellationToken cancellationToken) in d:\Projects\ERP\NewShop\src\Billing.Persistence\Repositories\TenantRepository.cs:line 102
   at Billing.Identity.Services.AuthService.LoginAsync(LoginRequest request, String ipAddress, String deviceInfo, CancellationToken cancellationToken) in d:\Projects\ERP\NewShop\src\Billing.Identity\Services\AuthService.cs:line 71
   at Billing.API.Controllers.AuthController.Login(LoginRequest request, CancellationToken cancellationToken) in d:\Projects\ERP\NewShop\src\Billing.API\Controllers\AuthController.cs:line 30
   at Microsoft.AspNetCore.Mvc.Infrastructure.ActionMethodExecutor.TaskOfIActionResultExecutor.Execute(ActionContext actionContext, IActionResultTypeMapper mapper, ObjectMethodExecutor executor, Object controller, Object[] arguments)
   at Microsoft.AspNetCore.Mvc.Infrastructure.ControllerActionInvoker.<InvokeActionMethodAsync>g__Awaited|12_0(ControllerActionInvoker invoker, ValueTask`1 actionResultValueTask)
   at Microsoft.AspNetCore.Mvc.Infrastructure.ControllerActionInvoker.<InvokeNextActionFilterAsync>g__Awaited|10_0(ControllerActionInvoker invoker, Task lastTask, State next, Scope scope, Object state, Boolean isCompleted)
   at Microsoft.AspNetCore.Mvc.Infrastructure.ControllerActionInvoker.Rethrow(ActionExecutedContextSealed context)
   at Microsoft.AspNetCore.Mvc.Infrastructure.ControllerActionInvoker.Next(State& next, Scope& scope, Object& state, Boolean& isCompleted)
   at Microsoft.AspNetCore.Mvc.Infrastructure.ControllerActionInvoker.InvokeInnerFilterAsync()
--- End of stack trace from previous location ---
   at Microsoft.AspNetCore.Mvc.Infrastructure.ResourceInvoker.<InvokeFilterPipelineAsync>g__Awaited|20_0(ResourceInvoker invoker, Task lastTask, State next, Scope scope, Object state, Boolean isCompleted)
   at Microsoft.AspNetCore.Mvc.Infrastructure.ResourceInvoker.<InvokeAsync>g__Awaited|17_0(ResourceInvoker invoker, Task task, IDisposable scope)
   at Microsoft.AspNetCore.Mvc.Infrastructure.ResourceInvoker.<InvokeAsync>g__Awaited|17_0(ResourceInvoker invoker, Task task, IDisposable scope)
   at Microsoft.AspNetCore.Authorization.AuthorizationMiddleware.Invoke(HttpContext context)
   at Microsoft.AspNetCore.Authentication.AuthenticationMiddleware.Invoke(HttpContext context)
   at Billing.Infrastructure.Middleware.TenantContextMiddleware.InvokeAsync(HttpContext context, ITenantContext tenantContext) in d:\Projects\ERP\NewShop\src\Billing.Infrastructure\Middleware\TenantContextMiddleware.cs:line 57
   at Billing.Infrastructure.Middleware.GlobalExceptionMiddleware.InvokeAsync(HttpContext context) in d:\Projects\ERP\NewShop\src\Billing.Infrastructure\Middleware\GlobalExceptionMiddleware.cs:line 31
ClientConnectionId:6372f428-58f2-4f4b-a297-b7523a68e490
Error Number:4060,State:1,Class:11
2026-07-24 10:24:14.590 +05:30 [ERR] HTTP POST /api/auth/login responded 500 in 21.3580 ms
2026-07-24 10:24:15.511 +05:30 [ERR] Unhandled exception. Path: /api/auth/login. Message: Cannot open database "BillingSystem" requested by the login. The login failed.
Login failed for user 'SUSHANT\susha'.
Microsoft.Data.SqlClient.SqlException (0x80131904): Cannot open database "BillingSystem" requested by the login. The login failed.
Login failed for user 'SUSHANT\susha'.
   at Microsoft.Data.ProviderBase.DbConnectionPool.TryGetConnection(DbConnection owningObject, UInt32 waitForMultipleObjectsTimeout, Boolean allowCreate, Boolean onlyOneCheckConnection, DbConnectionOptions userOptions, DbConnectionInternal& connection)
   at Microsoft.Data.ProviderBase.DbConnectionPool.TryGetConnection(DbConnection owningObject, TaskCompletionSource`1 retry, DbConnectionOptions userOptions, DbConnectionInternal& connection)
   at Microsoft.Data.ProviderBase.DbConnectionFactory.TryGetConnection(DbConnection owningConnection, TaskCompletionSource`1 retry, DbConnectionOptions userOptions, DbConnectionInternal oldConnection, DbConnectionInternal& connection)
   at Microsoft.Data.ProviderBase.DbConnectionInternal.TryOpenConnectionInternal(DbConnection outerConnection, DbConnectionFactory connectionFactory, TaskCompletionSource`1 retry, DbConnectionOptions userOptions)
   at Microsoft.Data.ProviderBase.DbConnectionClosed.TryOpenConnection(DbConnection outerConnection, DbConnectionFactory connectionFactory, TaskCompletionSource`1 retry, DbConnectionOptions userOptions)
   at Microsoft.Data.SqlClient.SqlConnection.TryOpen(TaskCompletionSource`1 retry, SqlConnectionOverrides overrides)
   at Microsoft.Data.SqlClient.SqlConnection.InternalOpenAsync(CancellationToken cancellationToken)
--- End of stack trace from previous location ---
   at Billing.Persistence.Repositories.TenantRepository.GetActiveAsync(CancellationToken cancellationToken) in d:\Projects\ERP\NewShop\src\Billing.Persistence\Repositories\TenantRepository.cs:line 102
   at Billing.Identity.Services.AuthService.LoginAsync(LoginRequest request, String ipAddress, String deviceInfo, CancellationToken cancellationToken) in d:\Projects\ERP\NewShop\src\Billing.Identity\Services\AuthService.cs:line 71
   at Billing.API.Controllers.AuthController.Login(LoginRequest request, CancellationToken cancellationToken) in d:\Projects\ERP\NewShop\src\Billing.API\Controllers\AuthController.cs:line 30
   at Microsoft.AspNetCore.Mvc.Infrastructure.ActionMethodExecutor.TaskOfIActionResultExecutor.Execute(ActionContext actionContext, IActionResultTypeMapper mapper, ObjectMethodExecutor executor, Object controller, Object[] arguments)
   at Microsoft.AspNetCore.Mvc.Infrastructure.ControllerActionInvoker.<InvokeActionMethodAsync>g__Awaited|12_0(ControllerActionInvoker invoker, ValueTask`1 actionResultValueTask)
   at Microsoft.AspNetCore.Mvc.Infrastructure.ControllerActionInvoker.<InvokeNextActionFilterAsync>g__Awaited|10_0(ControllerActionInvoker invoker, Task lastTask, State next, Scope scope, Object state, Boolean isCompleted)
   at Microsoft.AspNetCore.Mvc.Infrastructure.ControllerActionInvoker.Rethrow(ActionExecutedContextSealed context)
   at Microsoft.AspNetCore.Mvc.Infrastructure.ControllerActionInvoker.Next(State& next, Scope& scope, Object& state, Boolean& isCompleted)
   at Microsoft.AspNetCore.Mvc.Infrastructure.ControllerActionInvoker.InvokeInnerFilterAsync()
--- End of stack trace from previous location ---
   at Microsoft.AspNetCore.Mvc.Infrastructure.ResourceInvoker.<InvokeFilterPipelineAsync>g__Awaited|20_0(ResourceInvoker invoker, Task lastTask, State next, Scope scope, Object state, Boolean isCompleted)
   at Microsoft.AspNetCore.Mvc.Infrastructure.ResourceInvoker.<InvokeAsync>g__Awaited|17_0(ResourceInvoker invoker, Task task, IDisposable scope)
   at Microsoft.AspNetCore.Mvc.Infrastructure.ResourceInvoker.<InvokeAsync>g__Awaited|17_0(ResourceInvoker invoker, Task task, IDisposable scope)
   at Microsoft.AspNetCore.Authorization.AuthorizationMiddleware.Invoke(HttpContext context)
   at Microsoft.AspNetCore.Authentication.AuthenticationMiddleware.Invoke(HttpContext context)
   at Billing.Infrastructure.Middleware.TenantContextMiddleware.InvokeAsync(HttpContext context, ITenantContext tenantContext) in d:\Projects\ERP\NewShop\src\Billing.Infrastructure\Middleware\TenantContextMiddleware.cs:line 57
   at Billing.Infrastructure.Middleware.GlobalExceptionMiddleware.InvokeAsync(HttpContext context) in d:\Projects\ERP\NewShop\src\Billing.Infrastructure\Middleware\GlobalExceptionMiddleware.cs:line 31
ClientConnectionId:6372f428-58f2-4f4b-a297-b7523a68e490
Error Number:4060,State:1,Class:11
2026-07-24 10:24:15.512 +05:30 [ERR] HTTP POST /api/auth/login responded 500 in 2.2507 ms
2026-07-24 10:24:15.657 +05:30 [ERR] Unhandled exception. Path: /api/auth/login. Message: Cannot open database "BillingSystem" requested by the login. The login failed.
Login failed for user 'SUSHANT\susha'.
Microsoft.Data.SqlClient.SqlException (0x80131904): Cannot open database "BillingSystem" requested by the login. The login failed.
Login failed for user 'SUSHANT\susha'.
   at Microsoft.Data.ProviderBase.DbConnectionPool.TryGetConnection(DbConnection owningObject, UInt32 waitForMultipleObjectsTimeout, Boolean allowCreate, Boolean onlyOneCheckConnection, DbConnectionOptions userOptions, DbConnectionInternal& connection)
   at Microsoft.Data.ProviderBase.DbConnectionPool.TryGetConnection(DbConnection owningObject, TaskCompletionSource`1 retry, DbConnectionOptions userOptions, DbConnectionInternal& connection)
   at Microsoft.Data.ProviderBase.DbConnectionFactory.TryGetConnection(DbConnection owningConnection, TaskCompletionSource`1 retry, DbConnectionOptions userOptions, DbConnectionInternal oldConnection, DbConnectionInternal& connection)
   at Microsoft.Data.ProviderBase.DbConnectionInternal.TryOpenConnectionInternal(DbConnection outerConnection, DbConnectionFactory connectionFactory, TaskCompletionSource`1 retry, DbConnectionOptions userOptions)
   at Microsoft.Data.ProviderBase.DbConnectionClosed.TryOpenConnection(DbConnection outerConnection, DbConnectionFactory connectionFactory, TaskCompletionSource`1 retry, DbConnectionOptions userOptions)
   at Microsoft.Data.SqlClient.SqlConnection.TryOpen(TaskCompletionSource`1 retry, SqlConnectionOverrides overrides)
   at Microsoft.Data.SqlClient.SqlConnection.InternalOpenAsync(CancellationToken cancellationToken)
--- End of stack trace from previous location ---
   at Billing.Persistence.Repositories.TenantRepository.GetActiveAsync(CancellationToken cancellationToken) in d:\Projects\ERP\NewShop\src\Billing.Persistence\Repositories\TenantRepository.cs:line 102
   at Billing.Identity.Services.AuthService.LoginAsync(LoginRequest request, String ipAddress, String deviceInfo, CancellationToken cancellationToken) in d:\Projects\ERP\NewShop\src\Billing.Identity\Services\AuthService.cs:line 71
   at Billing.API.Controllers.AuthController.Login(LoginRequest request, CancellationToken cancellationToken) in d:\Projects\ERP\NewShop\src\Billing.API\Controllers\AuthController.cs:line 30
   at Microsoft.AspNetCore.Mvc.Infrastructure.ActionMethodExecutor.TaskOfIActionResultExecutor.Execute(ActionContext actionContext, IActionResultTypeMapper mapper, ObjectMethodExecutor executor, Object controller, Object[] arguments)
   at Microsoft.AspNetCore.Mvc.Infrastructure.ControllerActionInvoker.<InvokeActionMethodAsync>g__Awaited|12_0(ControllerActionInvoker invoker, ValueTask`1 actionResultValueTask)
   at Microsoft.AspNetCore.Mvc.Infrastructure.ControllerActionInvoker.<InvokeNextActionFilterAsync>g__Awaited|10_0(ControllerActionInvoker invoker, Task lastTask, State next, Scope scope, Object state, Boolean isCompleted)
   at Microsoft.AspNetCore.Mvc.Infrastructure.ControllerActionInvoker.Rethrow(ActionExecutedContextSealed context)
   at Microsoft.AspNetCore.Mvc.Infrastructure.ControllerActionInvoker.Next(State& next, Scope& scope, Object& state, Boolean& isCompleted)
   at Microsoft.AspNetCore.Mvc.Infrastructure.ControllerActionInvoker.InvokeInnerFilterAsync()
--- End of stack trace from previous location ---
   at Microsoft.AspNetCore.Mvc.Infrastructure.ResourceInvoker.<InvokeFilterPipelineAsync>g__Awaited|20_0(ResourceInvoker invoker, Task lastTask, State next, Scope scope, Object state, Boolean isCompleted)
   at Microsoft.AspNetCore.Mvc.Infrastructure.ResourceInvoker.<InvokeAsync>g__Awaited|17_0(ResourceInvoker invoker, Task task, IDisposable scope)
   at Microsoft.AspNetCore.Mvc.Infrastructure.ResourceInvoker.<InvokeAsync>g__Awaited|17_0(ResourceInvoker invoker, Task task, IDisposable scope)
   at Microsoft.AspNetCore.Authorization.AuthorizationMiddleware.Invoke(HttpContext context)
   at Microsoft.AspNetCore.Authentication.AuthenticationMiddleware.Invoke(HttpContext context)
   at Billing.Infrastructure.Middleware.TenantContextMiddleware.InvokeAsync(HttpContext context, ITenantContext tenantContext) in d:\Projects\ERP\NewShop\src\Billing.Infrastructure\Middleware\TenantContextMiddleware.cs:line 57
   at Billing.Infrastructure.Middleware.GlobalExceptionMiddleware.InvokeAsync(HttpContext context) in d:\Projects\ERP\NewShop\src\Billing.Infrastructure\Middleware\GlobalExceptionMiddleware.cs:line 31
ClientConnectionId:6372f428-58f2-4f4b-a297-b7523a68e490
Error Number:4060,State:1,Class:11
2026-07-24 10:24:15.658 +05:30 [ERR] HTTP POST /api/auth/login responded 500 in 2.2581 ms
2026-07-24 10:24:15.831 +05:30 [ERR] Unhandled exception. Path: /api/auth/login. Message: Cannot open database "BillingSystem" requested by the login. The login failed.
Login failed for user 'SUSHANT\susha'.
Microsoft.Data.SqlClient.SqlException (0x80131904): Cannot open database "BillingSystem" requested by the login. The login failed.
Login failed for user 'SUSHANT\susha'.
   at Microsoft.Data.ProviderBase.DbConnectionPool.TryGetConnection(DbConnection owningObject, UInt32 waitForMultipleObjectsTimeout, Boolean allowCreate, Boolean onlyOneCheckConnection, DbConnectionOptions userOptions, DbConnectionInternal& connection)
   at Microsoft.Data.ProviderBase.DbConnectionPool.TryGetConnection(DbConnection owningObject, TaskCompletionSource`1 retry, DbConnectionOptions userOptions, DbConnectionInternal& connection)
   at Microsoft.Data.ProviderBase.DbConnectionFactory.TryGetConnection(DbConnection owningConnection, TaskCompletionSource`1 retry, DbConnectionOptions userOptions, DbConnectionInternal oldConnection, DbConnectionInternal& connection)
   at Microsoft.Data.ProviderBase.DbConnectionInternal.TryOpenConnectionInternal(DbConnection outerConnection, DbConnectionFactory connectionFactory, TaskCompletionSource`1 retry, DbConnectionOptions userOptions)
   at Microsoft.Data.ProviderBase.DbConnectionClosed.TryOpenConnection(DbConnection outerConnection, DbConnectionFactory connectionFactory, TaskCompletionSource`1 retry, DbConnectionOptions userOptions)
   at Microsoft.Data.SqlClient.SqlConnection.TryOpen(TaskCompletionSource`1 retry, SqlConnectionOverrides overrides)
   at Microsoft.Data.SqlClient.SqlConnection.InternalOpenAsync(CancellationToken cancellationToken)
--- End of stack trace from previous location ---
   at Billing.Persistence.Repositories.TenantRepository.GetActiveAsync(CancellationToken cancellationToken) in d:\Projects\ERP\NewShop\src\Billing.Persistence\Repositories\TenantRepository.cs:line 102
   at Billing.Identity.Services.AuthService.LoginAsync(LoginRequest request, String ipAddress, String deviceInfo, CancellationToken cancellationToken) in d:\Projects\ERP\NewShop\src\Billing.Identity\Services\AuthService.cs:line 71
   at Billing.API.Controllers.AuthController.Login(LoginRequest request, CancellationToken cancellationToken) in d:\Projects\ERP\NewShop\src\Billing.API\Controllers\AuthController.cs:line 30
   at Microsoft.AspNetCore.Mvc.Infrastructure.ActionMethodExecutor.TaskOfIActionResultExecutor.Execute(ActionContext actionContext, IActionResultTypeMapper mapper, ObjectMethodExecutor executor, Object controller, Object[] arguments)
   at Microsoft.AspNetCore.Mvc.Infrastructure.ControllerActionInvoker.<InvokeActionMethodAsync>g__Awaited|12_0(ControllerActionInvoker invoker, ValueTask`1 actionResultValueTask)
   at Microsoft.AspNetCore.Mvc.Infrastructure.ControllerActionInvoker.<InvokeNextActionFilterAsync>g__Awaited|10_0(ControllerActionInvoker invoker, Task lastTask, State next, Scope scope, Object state, Boolean isCompleted)
   at Microsoft.AspNetCore.Mvc.Infrastructure.ControllerActionInvoker.Rethrow(ActionExecutedContextSealed context)
   at Microsoft.AspNetCore.Mvc.Infrastructure.ControllerActionInvoker.Next(State& next, Scope& scope, Object& state, Boolean& isCompleted)
   at Microsoft.AspNetCore.Mvc.Infrastructure.ControllerActionInvoker.InvokeInnerFilterAsync()
--- End of stack trace from previous location ---
   at Microsoft.AspNetCore.Mvc.Infrastructure.ResourceInvoker.<InvokeFilterPipelineAsync>g__Awaited|20_0(ResourceInvoker invoker, Task lastTask, State next, Scope scope, Object state, Boolean isCompleted)
   at Microsoft.AspNetCore.Mvc.Infrastructure.ResourceInvoker.<InvokeAsync>g__Awaited|17_0(ResourceInvoker invoker, Task task, IDisposable scope)
   at Microsoft.AspNetCore.Mvc.Infrastructure.ResourceInvoker.<InvokeAsync>g__Awaited|17_0(ResourceInvoker invoker, Task task, IDisposable scope)
   at Microsoft.AspNetCore.Authorization.AuthorizationMiddleware.Invoke(HttpContext context)
   at Microsoft.AspNetCore.Authentication.AuthenticationMiddleware.Invoke(HttpContext context)
   at Billing.Infrastructure.Middleware.TenantContextMiddleware.InvokeAsync(HttpContext context, ITenantContext tenantContext) in d:\Projects\ERP\NewShop\src\Billing.Infrastructure\Middleware\TenantContextMiddleware.cs:line 57
   at Billing.Infrastructure.Middleware.GlobalExceptionMiddleware.InvokeAsync(HttpContext context) in d:\Projects\ERP\NewShop\src\Billing.Infrastructure\Middleware\GlobalExceptionMiddleware.cs:line 31
ClientConnectionId:6372f428-58f2-4f4b-a297-b7523a68e490
Error Number:4060,State:1,Class:11
2026-07-24 10:24:15.832 +05:30 [ERR] HTTP POST /api/auth/login responded 500 in 2.1802 ms
2026-07-24 10:24:15.956 +05:30 [ERR] Unhandled exception. Path: /api/auth/login. Message: Cannot open database "BillingSystem" requested by the login. The login failed.
Login failed for user 'SUSHANT\susha'.
Microsoft.Data.SqlClient.SqlException (0x80131904): Cannot open database "BillingSystem" requested by the login. The login failed.
Login failed for user 'SUSHANT\susha'.
   at Microsoft.Data.ProviderBase.DbConnectionPool.TryGetConnection(DbConnection owningObject, UInt32 waitForMultipleObjectsTimeout, Boolean allowCreate, Boolean onlyOneCheckConnection, DbConnectionOptions userOptions, DbConnectionInternal& connection)
   at Microsoft.Data.ProviderBase.DbConnectionPool.TryGetConnection(DbConnection owningObject, TaskCompletionSource`1 retry, DbConnectionOptions userOptions, DbConnectionInternal& connection)
   at Microsoft.Data.ProviderBase.DbConnectionFactory.TryGetConnection(DbConnection owningConnection, TaskCompletionSource`1 retry, DbConnectionOptions userOptions, DbConnectionInternal oldConnection, DbConnectionInternal& connection)
   at Microsoft.Data.ProviderBase.DbConnectionInternal.TryOpenConnectionInternal(DbConnection outerConnection, DbConnectionFactory connectionFactory, TaskCompletionSource`1 retry, DbConnectionOptions userOptions)
   at Microsoft.Data.ProviderBase.DbConnectionClosed.TryOpenConnection(DbConnection outerConnection, DbConnectionFactory connectionFactory, TaskCompletionSource`1 retry, DbConnectionOptions userOptions)
   at Microsoft.Data.SqlClient.SqlConnection.TryOpen(TaskCompletionSource`1 retry, SqlConnectionOverrides overrides)
   at Microsoft.Data.SqlClient.SqlConnection.InternalOpenAsync(CancellationToken cancellationToken)
--- End of stack trace from previous location ---
   at Billing.Persistence.Repositories.TenantRepository.GetActiveAsync(CancellationToken cancellationToken) in d:\Projects\ERP\NewShop\src\Billing.Persistence\Repositories\TenantRepository.cs:line 102
   at Billing.Identity.Services.AuthService.LoginAsync(LoginRequest request, String ipAddress, String deviceInfo, CancellationToken cancellationToken) in d:\Projects\ERP\NewShop\src\Billing.Identity\Services\AuthService.cs:line 71
   at Billing.API.Controllers.AuthController.Login(LoginRequest request, CancellationToken cancellationToken) in d:\Projects\ERP\NewShop\src\Billing.API\Controllers\AuthController.cs:line 30
   at Microsoft.AspNetCore.Mvc.Infrastructure.ActionMethodExecutor.TaskOfIActionResultExecutor.Execute(ActionContext actionContext, IActionResultTypeMapper mapper, ObjectMethodExecutor executor, Object controller, Object[] arguments)
   at Microsoft.AspNetCore.Mvc.Infrastructure.ControllerActionInvoker.<InvokeActionMethodAsync>g__Awaited|12_0(ControllerActionInvoker invoker, ValueTask`1 actionResultValueTask)
   at Microsoft.AspNetCore.Mvc.Infrastructure.ControllerActionInvoker.<InvokeNextActionFilterAsync>g__Awaited|10_0(ControllerActionInvoker invoker, Task lastTask, State next, Scope scope, Object state, Boolean isCompleted)
   at Microsoft.AspNetCore.Mvc.Infrastructure.ControllerActionInvoker.Rethrow(ActionExecutedContextSealed context)
   at Microsoft.AspNetCore.Mvc.Infrastructure.ControllerActionInvoker.Next(State& next, Scope& scope, Object& state, Boolean& isCompleted)
   at Microsoft.AspNetCore.Mvc.Infrastructure.ControllerActionInvoker.InvokeInnerFilterAsync()
--- End of stack trace from previous location ---
   at Microsoft.AspNetCore.Mvc.Infrastructure.ResourceInvoker.<InvokeFilterPipelineAsync>g__Awaited|20_0(ResourceInvoker invoker, Task lastTask, State next, Scope scope, Object state, Boolean isCompleted)
   at Microsoft.AspNetCore.Mvc.Infrastructure.ResourceInvoker.<InvokeAsync>g__Awaited|17_0(ResourceInvoker invoker, Task task, IDisposable scope)
   at Microsoft.AspNetCore.Mvc.Infrastructure.ResourceInvoker.<InvokeAsync>g__Awaited|17_0(ResourceInvoker invoker, Task task, IDisposable scope)
   at Microsoft.AspNetCore.Authorization.AuthorizationMiddleware.Invoke(HttpContext context)
   at Microsoft.AspNetCore.Authentication.AuthenticationMiddleware.Invoke(HttpContext context)
   at Billing.Infrastructure.Middleware.TenantContextMiddleware.InvokeAsync(HttpContext context, ITenantContext tenantContext) in d:\Projects\ERP\NewShop\src\Billing.Infrastructure\Middleware\TenantContextMiddleware.cs:line 57
   at Billing.Infrastructure.Middleware.GlobalExceptionMiddleware.InvokeAsync(HttpContext context) in d:\Projects\ERP\NewShop\src\Billing.Infrastructure\Middleware\GlobalExceptionMiddleware.cs:line 31
ClientConnectionId:6372f428-58f2-4f4b-a297-b7523a68e490
Error Number:4060,State:1,Class:11
2026-07-24 10:24:15.963 +05:30 [ERR] HTTP POST /api/auth/login responded 500 in 8.2204 ms
2026-07-24 10:24:16.094 +05:30 [ERR] Unhandled exception. Path: /api/auth/login. Message: Cannot open database "BillingSystem" requested by the login. The login failed.
Login failed for user 'SUSHANT\susha'.
Microsoft.Data.SqlClient.SqlException (0x80131904): Cannot open database "BillingSystem" requested by the login. The login failed.
Login failed for user 'SUSHANT\susha'.
   at Microsoft.Data.ProviderBase.DbConnectionPool.TryGetConnection(DbConnection owningObject, UInt32 waitForMultipleObjectsTimeout, Boolean allowCreate, Boolean onlyOneCheckConnection, DbConnectionOptions userOptions, DbConnectionInternal& connection)
   at Microsoft.Data.ProviderBase.DbConnectionPool.TryGetConnection(DbConnection owningObject, TaskCompletionSource`1 retry, DbConnectionOptions userOptions, DbConnectionInternal& connection)
   at Microsoft.Data.ProviderBase.DbConnectionFactory.TryGetConnection(DbConnection owningConnection, TaskCompletionSource`1 retry, DbConnectionOptions userOptions, DbConnectionInternal oldConnection, DbConnectionInternal& connection)
   at Microsoft.Data.ProviderBase.DbConnectionInternal.TryOpenConnectionInternal(DbConnection outerConnection, DbConnectionFactory connectionFactory, TaskCompletionSource`1 retry, DbConnectionOptions userOptions)
   at Microsoft.Data.ProviderBase.DbConnectionClosed.TryOpenConnection(DbConnection outerConnection, DbConnectionFactory connectionFactory, TaskCompletionSource`1 retry, DbConnectionOptions userOptions)
   at Microsoft.Data.SqlClient.SqlConnection.TryOpen(TaskCompletionSource`1 retry, SqlConnectionOverrides overrides)
   at Microsoft.Data.SqlClient.SqlConnection.InternalOpenAsync(CancellationToken cancellationToken)
--- End of stack trace from previous location ---
   at Billing.Persistence.Repositories.TenantRepository.GetActiveAsync(CancellationToken cancellationToken) in d:\Projects\ERP\NewShop\src\Billing.Persistence\Repositories\TenantRepository.cs:line 102
   at Billing.Identity.Services.AuthService.LoginAsync(LoginRequest request, String ipAddress, String deviceInfo, CancellationToken cancellationToken) in d:\Projects\ERP\NewShop\src\Billing.Identity\Services\AuthService.cs:line 71
   at Billing.API.Controllers.AuthController.Login(LoginRequest request, CancellationToken cancellationToken) in d:\Projects\ERP\NewShop\src\Billing.API\Controllers\AuthController.cs:line 30
   at Microsoft.AspNetCore.Mvc.Infrastructure.ActionMethodExecutor.TaskOfIActionResultExecutor.Execute(ActionContext actionContext, IActionResultTypeMapper mapper, ObjectMethodExecutor executor, Object controller, Object[] arguments)
   at Microsoft.AspNetCore.Mvc.Infrastructure.ControllerActionInvoker.<InvokeActionMethodAsync>g__Awaited|12_0(ControllerActionInvoker invoker, ValueTask`1 actionResultValueTask)
   at Microsoft.AspNetCore.Mvc.Infrastructure.ControllerActionInvoker.<InvokeNextActionFilterAsync>g__Awaited|10_0(ControllerActionInvoker invoker, Task lastTask, State next, Scope scope, Object state, Boolean isCompleted)
   at Microsoft.AspNetCore.Mvc.Infrastructure.ControllerActionInvoker.Rethrow(ActionExecutedContextSealed context)
   at Microsoft.AspNetCore.Mvc.Infrastructure.ControllerActionInvoker.Next(State& next, Scope& scope, Object& state, Boolean& isCompleted)
   at Microsoft.AspNetCore.Mvc.Infrastructure.ControllerActionInvoker.InvokeInnerFilterAsync()
--- End of stack trace from previous location ---
   at Microsoft.AspNetCore.Mvc.Infrastructure.ResourceInvoker.<InvokeFilterPipelineAsync>g__Awaited|20_0(ResourceInvoker invoker, Task lastTask, State next, Scope scope, Object state, Boolean isCompleted)
   at Microsoft.AspNetCore.Mvc.Infrastructure.ResourceInvoker.<InvokeAsync>g__Awaited|17_0(ResourceInvoker invoker, Task task, IDisposable scope)
   at Microsoft.AspNetCore.Mvc.Infrastructure.ResourceInvoker.<InvokeAsync>g__Awaited|17_0(ResourceInvoker invoker, Task task, IDisposable scope)
   at Microsoft.AspNetCore.Authorization.AuthorizationMiddleware.Invoke(HttpContext context)
   at Microsoft.AspNetCore.Authentication.AuthenticationMiddleware.Invoke(HttpContext context)
   at Billing.Infrastructure.Middleware.TenantContextMiddleware.InvokeAsync(HttpContext context, ITenantContext tenantContext) in d:\Projects\ERP\NewShop\src\Billing.Infrastructure\Middleware\TenantContextMiddleware.cs:line 57
   at Billing.Infrastructure.Middleware.GlobalExceptionMiddleware.InvokeAsync(HttpContext context) in d:\Projects\ERP\NewShop\src\Billing.Infrastructure\Middleware\GlobalExceptionMiddleware.cs:line 31
ClientConnectionId:6372f428-58f2-4f4b-a297-b7523a68e490
Error Number:4060,State:1,Class:11
2026-07-24 10:24:16.095 +05:30 [ERR] HTTP POST /api/auth/login responded 500 in 2.0293 ms
2026-07-24 10:24:16.220 +05:30 [ERR] Unhandled exception. Path: /api/auth/login. Message: Cannot open database "BillingSystem" requested by the login. The login failed.
Login failed for user 'SUSHANT\susha'.
Microsoft.Data.SqlClient.SqlException (0x80131904): Cannot open database "BillingSystem" requested by the login. The login failed.
Login failed for user 'SUSHANT\susha'.
   at Microsoft.Data.ProviderBase.DbConnectionPool.TryGetConnection(DbConnection owningObject, UInt32 waitForMultipleObjectsTimeout, Boolean allowCreate, Boolean onlyOneCheckConnection, DbConnectionOptions userOptions, DbConnectionInternal& connection)
   at Microsoft.Data.ProviderBase.DbConnectionPool.TryGetConnection(DbConnection owningObject, TaskCompletionSource`1 retry, DbConnectionOptions userOptions, DbConnectionInternal& connection)
   at Microsoft.Data.ProviderBase.DbConnectionFactory.TryGetConnection(DbConnection owningConnection, TaskCompletionSource`1 retry, DbConnectionOptions userOptions, DbConnectionInternal oldConnection, DbConnectionInternal& connection)
   at Microsoft.Data.ProviderBase.DbConnectionInternal.TryOpenConnectionInternal(DbConnection outerConnection, DbConnectionFactory connectionFactory, TaskCompletionSource`1 retry, DbConnectionOptions userOptions)
   at Microsoft.Data.ProviderBase.DbConnectionClosed.TryOpenConnection(DbConnection outerConnection, DbConnectionFactory connectionFactory, TaskCompletionSource`1 retry, DbConnectionOptions userOptions)
   at Microsoft.Data.SqlClient.SqlConnection.TryOpen(TaskCompletionSource`1 retry, SqlConnectionOverrides overrides)
   at Microsoft.Data.SqlClient.SqlConnection.InternalOpenAsync(CancellationToken cancellationToken)
--- End of stack trace from previous location ---
   at Billing.Persistence.Repositories.TenantRepository.GetActiveAsync(CancellationToken cancellationToken) in d:\Projects\ERP\NewShop\src\Billing.Persistence\Repositories\TenantRepository.cs:line 102
   at Billing.Identity.Services.AuthService.LoginAsync(LoginRequest request, String ipAddress, String deviceInfo, CancellationToken cancellationToken) in d:\Projects\ERP\NewShop\src\Billing.Identity\Services\AuthService.cs:line 71
   at Billing.API.Controllers.AuthController.Login(LoginRequest request, CancellationToken cancellationToken) in d:\Projects\ERP\NewShop\src\Billing.API\Controllers\AuthController.cs:line 30
   at Microsoft.AspNetCore.Mvc.Infrastructure.ActionMethodExecutor.TaskOfIActionResultExecutor.Execute(ActionContext actionContext, IActionResultTypeMapper mapper, ObjectMethodExecutor executor, Object controller, Object[] arguments)
   at Microsoft.AspNetCore.Mvc.Infrastructure.ControllerActionInvoker.<InvokeActionMethodAsync>g__Awaited|12_0(ControllerActionInvoker invoker, ValueTask`1 actionResultValueTask)
   at Microsoft.AspNetCore.Mvc.Infrastructure.ControllerActionInvoker.<InvokeNextActionFilterAsync>g__Awaited|10_0(ControllerActionInvoker invoker, Task lastTask, State next, Scope scope, Object state, Boolean isCompleted)
   at Microsoft.AspNetCore.Mvc.Infrastructure.ControllerActionInvoker.Rethrow(ActionExecutedContextSealed context)
   at Microsoft.AspNetCore.Mvc.Infrastructure.ControllerActionInvoker.Next(State& next, Scope& scope, Object& state, Boolean& isCompleted)
   at Microsoft.AspNetCore.Mvc.Infrastructure.ControllerActionInvoker.InvokeInnerFilterAsync()
--- End of stack trace from previous location ---
   at Microsoft.AspNetCore.Mvc.Infrastructure.ResourceInvoker.<InvokeFilterPipelineAsync>g__Awaited|20_0(ResourceInvoker invoker, Task lastTask, State next, Scope scope, Object state, Boolean isCompleted)
   at Microsoft.AspNetCore.Mvc.Infrastructure.ResourceInvoker.<InvokeAsync>g__Awaited|17_0(ResourceInvoker invoker, Task task, IDisposable scope)
   at Microsoft.AspNetCore.Mvc.Infrastructure.ResourceInvoker.<InvokeAsync>g__Awaited|17_0(ResourceInvoker invoker, Task task, IDisposable scope)
   at Microsoft.AspNetCore.Authorization.AuthorizationMiddleware.Invoke(HttpContext context)
   at Microsoft.AspNetCore.Authentication.AuthenticationMiddleware.Invoke(HttpContext context)
   at Billing.Infrastructure.Middleware.TenantContextMiddleware.InvokeAsync(HttpContext context, ITenantContext tenantContext) in d:\Projects\ERP\NewShop\src\Billing.Infrastructure\Middleware\TenantContextMiddleware.cs:line 57
   at Billing.Infrastructure.Middleware.GlobalExceptionMiddleware.InvokeAsync(HttpContext context) in d:\Projects\ERP\NewShop\src\Billing.Infrastructure\Middleware\GlobalExceptionMiddleware.cs:line 31
ClientConnectionId:6372f428-58f2-4f4b-a297-b7523a68e490
Error Number:4060,State:1,Class:11
2026-07-24 10:24:16.220 +05:30 [ERR] HTTP POST /api/auth/login responded 500 in 1.7434 ms
2026-07-24 10:24:16.372 +05:30 [ERR] Unhandled exception. Path: /api/auth/login. Message: Cannot open database "BillingSystem" requested by the login. The login failed.
Login failed for user 'SUSHANT\susha'.
Microsoft.Data.SqlClient.SqlException (0x80131904): Cannot open database "BillingSystem" requested by the login. The login failed.
Login failed for user 'SUSHANT\susha'.
   at Microsoft.Data.ProviderBase.DbConnectionPool.TryGetConnection(DbConnection owningObject, UInt32 waitForMultipleObjectsTimeout, Boolean allowCreate, Boolean onlyOneCheckConnection, DbConnectionOptions userOptions, DbConnectionInternal& connection)
   at Microsoft.Data.ProviderBase.DbConnectionPool.TryGetConnection(DbConnection owningObject, TaskCompletionSource`1 retry, DbConnectionOptions userOptions, DbConnectionInternal& connection)
   at Microsoft.Data.ProviderBase.DbConnectionFactory.TryGetConnection(DbConnection owningConnection, TaskCompletionSource`1 retry, DbConnectionOptions userOptions, DbConnectionInternal oldConnection, DbConnectionInternal& connection)
   at Microsoft.Data.ProviderBase.DbConnectionInternal.TryOpenConnectionInternal(DbConnection outerConnection, DbConnectionFactory connectionFactory, TaskCompletionSource`1 retry, DbConnectionOptions userOptions)
   at Microsoft.Data.ProviderBase.DbConnectionClosed.TryOpenConnection(DbConnection outerConnection, DbConnectionFactory connectionFactory, TaskCompletionSource`1 retry, DbConnectionOptions userOptions)
   at Microsoft.Data.SqlClient.SqlConnection.TryOpen(TaskCompletionSource`1 retry, SqlConnectionOverrides overrides)
   at Microsoft.Data.SqlClient.SqlConnection.InternalOpenAsync(CancellationToken cancellationToken)
--- End of stack trace from previous location ---
   at Billing.Persistence.Repositories.TenantRepository.GetActiveAsync(CancellationToken cancellationToken) in d:\Projects\ERP\NewShop\src\Billing.Persistence\Repositories\TenantRepository.cs:line 102
   at Billing.Identity.Services.AuthService.LoginAsync(LoginRequest request, String ipAddress, String deviceInfo, CancellationToken cancellationToken) in d:\Projects\ERP\NewShop\src\Billing.Identity\Services\AuthService.cs:line 71
   at Billing.API.Controllers.AuthController.Login(LoginRequest request, CancellationToken cancellationToken) in d:\Projects\ERP\NewShop\src\Billing.API\Controllers\AuthController.cs:line 30
   at Microsoft.AspNetCore.Mvc.Infrastructure.ActionMethodExecutor.TaskOfIActionResultExecutor.Execute(ActionContext actionContext, IActionResultTypeMapper mapper, ObjectMethodExecutor executor, Object controller, Object[] arguments)
   at Microsoft.AspNetCore.Mvc.Infrastructure.ControllerActionInvoker.<InvokeActionMethodAsync>g__Awaited|12_0(ControllerActionInvoker invoker, ValueTask`1 actionResultValueTask)
   at Microsoft.AspNetCore.Mvc.Infrastructure.ControllerActionInvoker.<InvokeNextActionFilterAsync>g__Awaited|10_0(ControllerActionInvoker invoker, Task lastTask, State next, Scope scope, Object state, Boolean isCompleted)
   at Microsoft.AspNetCore.Mvc.Infrastructure.ControllerActionInvoker.Rethrow(ActionExecutedContextSealed context)
   at Microsoft.AspNetCore.Mvc.Infrastructure.ControllerActionInvoker.Next(State& next, Scope& scope, Object& state, Boolean& isCompleted)
   at Microsoft.AspNetCore.Mvc.Infrastructure.ControllerActionInvoker.InvokeInnerFilterAsync()
--- End of stack trace from previous location ---
   at Microsoft.AspNetCore.Mvc.Infrastructure.ResourceInvoker.<InvokeFilterPipelineAsync>g__Awaited|20_0(ResourceInvoker invoker, Task lastTask, State next, Scope scope, Object state, Boolean isCompleted)
   at Microsoft.AspNetCore.Mvc.Infrastructure.ResourceInvoker.<InvokeAsync>g__Awaited|17_0(ResourceInvoker invoker, Task task, IDisposable scope)
   at Microsoft.AspNetCore.Mvc.Infrastructure.ResourceInvoker.<InvokeAsync>g__Awaited|17_0(ResourceInvoker invoker, Task task, IDisposable scope)
   at Microsoft.AspNetCore.Authorization.AuthorizationMiddleware.Invoke(HttpContext context)
   at Microsoft.AspNetCore.Authentication.AuthenticationMiddleware.Invoke(HttpContext context)
   at Billing.Infrastructure.Middleware.TenantContextMiddleware.InvokeAsync(HttpContext context, ITenantContext tenantContext) in d:\Projects\ERP\NewShop\src\Billing.Infrastructure\Middleware\TenantContextMiddleware.cs:line 57
   at Billing.Infrastructure.Middleware.GlobalExceptionMiddleware.InvokeAsync(HttpContext context) in d:\Projects\ERP\NewShop\src\Billing.Infrastructure\Middleware\GlobalExceptionMiddleware.cs:line 31
ClientConnectionId:6372f428-58f2-4f4b-a297-b7523a68e490
Error Number:4060,State:1,Class:11
2026-07-24 10:24:16.373 +05:30 [ERR] HTTP POST /api/auth/login responded 500 in 2.1096 ms
2026-07-24 10:24:16.662 +05:30 [ERR] Unhandled exception. Path: /api/auth/login. Message: Cannot open database "BillingSystem" requested by the login. The login failed.
Login failed for user 'SUSHANT\susha'.
Microsoft.Data.SqlClient.SqlException (0x80131904): Cannot open database "BillingSystem" requested by the login. The login failed.
Login failed for user 'SUSHANT\susha'.
   at Microsoft.Data.SqlClient.SqlInternalConnection.OnError(SqlException exception, Boolean breakConnection, Action`1 wrapCloseInAction)
   at Microsoft.Data.SqlClient.TdsParser.ThrowExceptionAndWarning(TdsParserStateObject stateObj, SqlCommand command, Boolean callerHasConnectionLock, Boolean asyncClose)
   at Microsoft.Data.SqlClient.TdsParser.TryRun(RunBehavior runBehavior, SqlCommand cmdHandler, SqlDataReader dataStream, BulkCopySimpleResultSet bulkCopyHandler, TdsParserStateObject stateObj, Boolean& dataReady)
   at Microsoft.Data.SqlClient.TdsParser.Run(RunBehavior runBehavior, SqlCommand cmdHandler, SqlDataReader dataStream, BulkCopySimpleResultSet bulkCopyHandler, TdsParserStateObject stateObj)
   at Microsoft.Data.SqlClient.SqlInternalConnectionTds.CompleteLogin(Boolean enlistOK)
   at Microsoft.Data.SqlClient.SqlInternalConnectionTds.AttemptOneLogin(ServerInfo serverInfo, String newPassword, SecureString newSecurePassword, TimeoutTimer timeout, Boolean withFailover)
   at Microsoft.Data.SqlClient.SqlInternalConnectionTds.LoginNoFailover(ServerInfo serverInfo, String newPassword, SecureString newSecurePassword, Boolean redirectedUserInstance, SqlConnectionString connectionOptions, SqlCredential credential, TimeoutTimer timeout)
   at Microsoft.Data.SqlClient.SqlInternalConnectionTds.OpenLoginEnlist(TimeoutTimer timeout, SqlConnectionString connectionOptions, SqlCredential credential, String newPassword, SecureString newSecurePassword, Boolean redirectedUserInstance)
   at Microsoft.Data.SqlClient.SqlInternalConnectionTds..ctor(DbConnectionPoolIdentity identity, SqlConnectionString connectionOptions, SqlCredential credential, Object providerInfo, String newPassword, SecureString newSecurePassword, Boolean redirectedUserInstance, SqlConnectionString userConnectionOptions, SessionData reconnectSessionData, Boolean applyTransientFaultHandling, String accessToken, DbConnectionPool pool, Func`3 accessTokenCallback)
   at Microsoft.Data.SqlClient.SqlConnectionFactory.CreateConnection(DbConnectionOptions options, DbConnectionPoolKey poolKey, Object poolGroupProviderInfo, DbConnectionPool pool, DbConnection owningConnection, DbConnectionOptions userOptions)
   at Microsoft.Data.ProviderBase.DbConnectionFactory.CreatePooledConnection(DbConnectionPool pool, DbConnection owningObject, DbConnectionOptions options, DbConnectionPoolKey poolKey, DbConnectionOptions userOptions)
   at Microsoft.Data.ProviderBase.DbConnectionPool.CreateObject(DbConnection owningObject, DbConnectionOptions userOptions, DbConnectionInternal oldConnection)
   at Microsoft.Data.ProviderBase.DbConnectionPool.UserCreateRequest(DbConnection owningObject, DbConnectionOptions userOptions, DbConnectionInternal oldConnection)
   at Microsoft.Data.ProviderBase.DbConnectionPool.TryGetConnection(DbConnection owningObject, UInt32 waitForMultipleObjectsTimeout, Boolean allowCreate, Boolean onlyOneCheckConnection, DbConnectionOptions userOptions, DbConnectionInternal& connection)
   at Microsoft.Data.ProviderBase.DbConnectionPool.WaitForPendingOpen()
--- End of stack trace from previous location ---
   at Billing.Persistence.Repositories.TenantRepository.GetActiveAsync(CancellationToken cancellationToken) in d:\Projects\ERP\NewShop\src\Billing.Persistence\Repositories\TenantRepository.cs:line 102
   at Billing.Identity.Services.AuthService.LoginAsync(LoginRequest request, String ipAddress, String deviceInfo, CancellationToken cancellationToken) in d:\Projects\ERP\NewShop\src\Billing.Identity\Services\AuthService.cs:line 71
   at Billing.API.Controllers.AuthController.Login(LoginRequest request, CancellationToken cancellationToken) in d:\Projects\ERP\NewShop\src\Billing.API\Controllers\AuthController.cs:line 30
   at Microsoft.AspNetCore.Mvc.Infrastructure.ActionMethodExecutor.TaskOfIActionResultExecutor.Execute(ActionContext actionContext, IActionResultTypeMapper mapper, ObjectMethodExecutor executor, Object controller, Object[] arguments)
   at Microsoft.AspNetCore.Mvc.Infrastructure.ControllerActionInvoker.<InvokeActionMethodAsync>g__Awaited|12_0(ControllerActionInvoker invoker, ValueTask`1 actionResultValueTask)
   at Microsoft.AspNetCore.Mvc.Infrastructure.ControllerActionInvoker.<InvokeNextActionFilterAsync>g__Awaited|10_0(ControllerActionInvoker invoker, Task lastTask, State next, Scope scope, Object state, Boolean isCompleted)
   at Microsoft.AspNetCore.Mvc.Infrastructure.ControllerActionInvoker.Rethrow(ActionExecutedContextSealed context)
   at Microsoft.AspNetCore.Mvc.Infrastructure.ControllerActionInvoker.Next(State& next, Scope& scope, Object& state, Boolean& isCompleted)
   at Microsoft.AspNetCore.Mvc.Infrastructure.ControllerActionInvoker.<InvokeInnerFilterAsync>g__Awaited|13_0(ControllerActionInvoker invoker, Task lastTask, State next, Scope scope, Object state, Boolean isCompleted)
   at Microsoft.AspNetCore.Mvc.Infrastructure.ResourceInvoker.<InvokeFilterPipelineAsync>g__Awaited|20_0(ResourceInvoker invoker, Task lastTask, State next, Scope scope, Object state, Boolean isCompleted)
   at Microsoft.AspNetCore.Mvc.Infrastructure.ResourceInvoker.<InvokeAsync>g__Awaited|17_0(ResourceInvoker invoker, Task task, IDisposable scope)
   at Microsoft.AspNetCore.Mvc.Infrastructure.ResourceInvoker.<InvokeAsync>g__Awaited|17_0(ResourceInvoker invoker, Task task, IDisposable scope)
   at Microsoft.AspNetCore.Authorization.AuthorizationMiddleware.Invoke(HttpContext context)
   at Microsoft.AspNetCore.Authentication.AuthenticationMiddleware.Invoke(HttpContext context)
   at Billing.Infrastructure.Middleware.TenantContextMiddleware.InvokeAsync(HttpContext context, ITenantContext tenantContext) in d:\Projects\ERP\NewShop\src\Billing.Infrastructure\Middleware\TenantContextMiddleware.cs:line 57
   at Billing.Infrastructure.Middleware.GlobalExceptionMiddleware.InvokeAsync(HttpContext context) in d:\Projects\ERP\NewShop\src\Billing.Infrastructure\Middleware\GlobalExceptionMiddleware.cs:line 31
ClientConnectionId:3a5d1a46-3ac2-4247-bcf7-6a088150b3f1
Error Number:4060,State:1,Class:11
2026-07-24 10:24:16.662 +05:30 [ERR] HTTP POST /api/auth/login responded 500 in 22.8627 ms
2026-07-24 10:24:16.868 +05:30 [ERR] Unhandled exception. Path: /api/auth/login. Message: Cannot open database "BillingSystem" requested by the login. The login failed.
Login failed for user 'SUSHANT\susha'.
Microsoft.Data.SqlClient.SqlException (0x80131904): Cannot open database "BillingSystem" requested by the login. The login failed.
Login failed for user 'SUSHANT\susha'.
   at Microsoft.Data.ProviderBase.DbConnectionPool.TryGetConnection(DbConnection owningObject, UInt32 waitForMultipleObjectsTimeout, Boolean allowCreate, Boolean onlyOneCheckConnection, DbConnectionOptions userOptions, DbConnectionInternal& connection)
   at Microsoft.Data.ProviderBase.DbConnectionPool.TryGetConnection(DbConnection owningObject, TaskCompletionSource`1 retry, DbConnectionOptions userOptions, DbConnectionInternal& connection)
   at Microsoft.Data.ProviderBase.DbConnectionFactory.TryGetConnection(DbConnection owningConnection, TaskCompletionSource`1 retry, DbConnectionOptions userOptions, DbConnectionInternal oldConnection, DbConnectionInternal& connection)
   at Microsoft.Data.ProviderBase.DbConnectionInternal.TryOpenConnectionInternal(DbConnection outerConnection, DbConnectionFactory connectionFactory, TaskCompletionSource`1 retry, DbConnectionOptions userOptions)
   at Microsoft.Data.ProviderBase.DbConnectionClosed.TryOpenConnection(DbConnection outerConnection, DbConnectionFactory connectionFactory, TaskCompletionSource`1 retry, DbConnectionOptions userOptions)
   at Microsoft.Data.SqlClient.SqlConnection.TryOpen(TaskCompletionSource`1 retry, SqlConnectionOverrides overrides)
   at Microsoft.Data.SqlClient.SqlConnection.InternalOpenAsync(CancellationToken cancellationToken)
--- End of stack trace from previous location ---
   at Billing.Persistence.Repositories.TenantRepository.GetActiveAsync(CancellationToken cancellationToken) in d:\Projects\ERP\NewShop\src\Billing.Persistence\Repositories\TenantRepository.cs:line 102
   at Billing.Identity.Services.AuthService.LoginAsync(LoginRequest request, String ipAddress, String deviceInfo, CancellationToken cancellationToken) in d:\Projects\ERP\NewShop\src\Billing.Identity\Services\AuthService.cs:line 71
   at Billing.API.Controllers.AuthController.Login(LoginRequest request, CancellationToken cancellationToken) in d:\Projects\ERP\NewShop\src\Billing.API\Controllers\AuthController.cs:line 30
   at Microsoft.AspNetCore.Mvc.Infrastructure.ActionMethodExecutor.TaskOfIActionResultExecutor.Execute(ActionContext actionContext, IActionResultTypeMapper mapper, ObjectMethodExecutor executor, Object controller, Object[] arguments)
   at Microsoft.AspNetCore.Mvc.Infrastructure.ControllerActionInvoker.<InvokeActionMethodAsync>g__Awaited|12_0(ControllerActionInvoker invoker, ValueTask`1 actionResultValueTask)
   at Microsoft.AspNetCore.Mvc.Infrastructure.ControllerActionInvoker.<InvokeNextActionFilterAsync>g__Awaited|10_0(ControllerActionInvoker invoker, Task lastTask, State next, Scope scope, Object state, Boolean isCompleted)
   at Microsoft.AspNetCore.Mvc.Infrastructure.ControllerActionInvoker.Rethrow(ActionExecutedContextSealed context)
   at Microsoft.AspNetCore.Mvc.Infrastructure.ControllerActionInvoker.Next(State& next, Scope& scope, Object& state, Boolean& isCompleted)
   at Microsoft.AspNetCore.Mvc.Infrastructure.ControllerActionInvoker.InvokeInnerFilterAsync()
--- End of stack trace from previous location ---
   at Microsoft.AspNetCore.Mvc.Infrastructure.ResourceInvoker.<InvokeFilterPipelineAsync>g__Awaited|20_0(ResourceInvoker invoker, Task lastTask, State next, Scope scope, Object state, Boolean isCompleted)
   at Microsoft.AspNetCore.Mvc.Infrastructure.ResourceInvoker.<InvokeAsync>g__Awaited|17_0(ResourceInvoker invoker, Task task, IDisposable scope)
   at Microsoft.AspNetCore.Mvc.Infrastructure.ResourceInvoker.<InvokeAsync>g__Awaited|17_0(ResourceInvoker invoker, Task task, IDisposable scope)
   at Microsoft.AspNetCore.Authorization.AuthorizationMiddleware.Invoke(HttpContext context)
   at Microsoft.AspNetCore.Authentication.AuthenticationMiddleware.Invoke(HttpContext context)
   at Billing.Infrastructure.Middleware.TenantContextMiddleware.InvokeAsync(HttpContext context, ITenantContext tenantContext) in d:\Projects\ERP\NewShop\src\Billing.Infrastructure\Middleware\TenantContextMiddleware.cs:line 57
   at Billing.Infrastructure.Middleware.GlobalExceptionMiddleware.InvokeAsync(HttpContext context) in d:\Projects\ERP\NewShop\src\Billing.Infrastructure\Middleware\GlobalExceptionMiddleware.cs:line 31
ClientConnectionId:3a5d1a46-3ac2-4247-bcf7-6a088150b3f1
Error Number:4060,State:1,Class:11
2026-07-24 10:24:16.868 +05:30 [ERR] HTTP POST /api/auth/login responded 500 in 2.2714 ms
2026-07-24 10:24:19.607 +05:30 [ERR] Unhandled exception. Path: /api/auth/login. Message: Cannot open database "BillingSystem" requested by the login. The login failed.
Login failed for user 'SUSHANT\susha'.
Microsoft.Data.SqlClient.SqlException (0x80131904): Cannot open database "BillingSystem" requested by the login. The login failed.
Login failed for user 'SUSHANT\susha'.
   at Microsoft.Data.ProviderBase.DbConnectionPool.TryGetConnection(DbConnection owningObject, UInt32 waitForMultipleObjectsTimeout, Boolean allowCreate, Boolean onlyOneCheckConnection, DbConnectionOptions userOptions, DbConnectionInternal& connection)
   at Microsoft.Data.ProviderBase.DbConnectionPool.TryGetConnection(DbConnection owningObject, TaskCompletionSource`1 retry, DbConnectionOptions userOptions, DbConnectionInternal& connection)
   at Microsoft.Data.ProviderBase.DbConnectionFactory.TryGetConnection(DbConnection owningConnection, TaskCompletionSource`1 retry, DbConnectionOptions userOptions, DbConnectionInternal oldConnection, DbConnectionInternal& connection)
   at Microsoft.Data.ProviderBase.DbConnectionInternal.TryOpenConnectionInternal(DbConnection outerConnection, DbConnectionFactory connectionFactory, TaskCompletionSource`1 retry, DbConnectionOptions userOptions)
   at Microsoft.Data.ProviderBase.DbConnectionClosed.TryOpenConnection(DbConnection outerConnection, DbConnectionFactory connectionFactory, TaskCompletionSource`1 retry, DbConnectionOptions userOptions)
   at Microsoft.Data.SqlClient.SqlConnection.TryOpen(TaskCompletionSource`1 retry, SqlConnectionOverrides overrides)
   at Microsoft.Data.SqlClient.SqlConnection.InternalOpenAsync(CancellationToken cancellationToken)
--- End of stack trace from previous location ---
   at Billing.Persistence.Repositories.TenantRepository.GetBySlugAsync(String slug, CancellationToken cancellationToken) in d:\Projects\ERP\NewShop\src\Billing.Persistence\Repositories\TenantRepository.cs:line 91
   at Billing.Identity.Services.AuthService.LoginAsync(LoginRequest request, String ipAddress, String deviceInfo, CancellationToken cancellationToken) in d:\Projects\ERP\NewShop\src\Billing.Identity\Services\AuthService.cs:line 64
   at Billing.API.Controllers.AuthController.Login(LoginRequest request, CancellationToken cancellationToken) in d:\Projects\ERP\NewShop\src\Billing.API\Controllers\AuthController.cs:line 30
   at Microsoft.AspNetCore.Mvc.Infrastructure.ActionMethodExecutor.TaskOfIActionResultExecutor.Execute(ActionContext actionContext, IActionResultTypeMapper mapper, ObjectMethodExecutor executor, Object controller, Object[] arguments)
   at Microsoft.AspNetCore.Mvc.Infrastructure.ControllerActionInvoker.<InvokeActionMethodAsync>g__Awaited|12_0(ControllerActionInvoker invoker, ValueTask`1 actionResultValueTask)
   at Microsoft.AspNetCore.Mvc.Infrastructure.ControllerActionInvoker.<InvokeNextActionFilterAsync>g__Awaited|10_0(ControllerActionInvoker invoker, Task lastTask, State next, Scope scope, Object state, Boolean isCompleted)
   at Microsoft.AspNetCore.Mvc.Infrastructure.ControllerActionInvoker.Rethrow(ActionExecutedContextSealed context)
   at Microsoft.AspNetCore.Mvc.Infrastructure.ControllerActionInvoker.Next(State& next, Scope& scope, Object& state, Boolean& isCompleted)
   at Microsoft.AspNetCore.Mvc.Infrastructure.ControllerActionInvoker.InvokeInnerFilterAsync()
--- End of stack trace from previous location ---
   at Microsoft.AspNetCore.Mvc.Infrastructure.ResourceInvoker.<InvokeFilterPipelineAsync>g__Awaited|20_0(ResourceInvoker invoker, Task lastTask, State next, Scope scope, Object state, Boolean isCompleted)
   at Microsoft.AspNetCore.Mvc.Infrastructure.ResourceInvoker.<InvokeAsync>g__Awaited|17_0(ResourceInvoker invoker, Task task, IDisposable scope)
   at Microsoft.AspNetCore.Mvc.Infrastructure.ResourceInvoker.<InvokeAsync>g__Awaited|17_0(ResourceInvoker invoker, Task task, IDisposable scope)
   at Microsoft.AspNetCore.Authorization.AuthorizationMiddleware.Invoke(HttpContext context)
   at Microsoft.AspNetCore.Authentication.AuthenticationMiddleware.Invoke(HttpContext context)
   at Billing.Infrastructure.Middleware.TenantContextMiddleware.InvokeAsync(HttpContext context, ITenantContext tenantContext) in d:\Projects\ERP\NewShop\src\Billing.Infrastructure\Middleware\TenantContextMiddleware.cs:line 57
   at Billing.Infrastructure.Middleware.GlobalExceptionMiddleware.InvokeAsync(HttpContext context) in d:\Projects\ERP\NewShop\src\Billing.Infrastructure\Middleware\GlobalExceptionMiddleware.cs:line 31
ClientConnectionId:3a5d1a46-3ac2-4247-bcf7-6a088150b3f1
Error Number:4060,State:1,Class:11
2026-07-24 10:24:19.613 +05:30 [ERR] HTTP POST /api/auth/login responded 500 in 11.2851 ms
2026-07-24 10:25:39.269 +05:30 [ERR] Unhandled exception. Path: /api/auth/login. Message: Cannot open database "BillingSystem" requested by the login. The login failed.
Login failed for user 'SUSHANT\susha'.
Microsoft.Data.SqlClient.SqlException (0x80131904): Cannot open database "BillingSystem" requested by the login. The login failed.
Login failed for user 'SUSHANT\susha'.
   at Microsoft.Data.SqlClient.SqlInternalConnection.OnError(SqlException exception, Boolean breakConnection, Action`1 wrapCloseInAction)
   at Microsoft.Data.SqlClient.TdsParser.ThrowExceptionAndWarning(TdsParserStateObject stateObj, SqlCommand command, Boolean callerHasConnectionLock, Boolean asyncClose)
   at Microsoft.Data.SqlClient.TdsParser.TryRun(RunBehavior runBehavior, SqlCommand cmdHandler, SqlDataReader dataStream, BulkCopySimpleResultSet bulkCopyHandler, TdsParserStateObject stateObj, Boolean& dataReady)
   at Microsoft.Data.SqlClient.TdsParser.Run(RunBehavior runBehavior, SqlCommand cmdHandler, SqlDataReader dataStream, BulkCopySimpleResultSet bulkCopyHandler, TdsParserStateObject stateObj)
   at Microsoft.Data.SqlClient.SqlInternalConnectionTds.CompleteLogin(Boolean enlistOK)
   at Microsoft.Data.SqlClient.SqlInternalConnectionTds.AttemptOneLogin(ServerInfo serverInfo, String newPassword, SecureString newSecurePassword, TimeoutTimer timeout, Boolean withFailover)
   at Microsoft.Data.SqlClient.SqlInternalConnectionTds.LoginNoFailover(ServerInfo serverInfo, String newPassword, SecureString newSecurePassword, Boolean redirectedUserInstance, SqlConnectionString connectionOptions, SqlCredential credential, TimeoutTimer timeout)
   at Microsoft.Data.SqlClient.SqlInternalConnectionTds.OpenLoginEnlist(TimeoutTimer timeout, SqlConnectionString connectionOptions, SqlCredential credential, String newPassword, SecureString newSecurePassword, Boolean redirectedUserInstance)
   at Microsoft.Data.SqlClient.SqlInternalConnectionTds..ctor(DbConnectionPoolIdentity identity, SqlConnectionString connectionOptions, SqlCredential credential, Object providerInfo, String newPassword, SecureString newSecurePassword, Boolean redirectedUserInstance, SqlConnectionString userConnectionOptions, SessionData reconnectSessionData, Boolean applyTransientFaultHandling, String accessToken, DbConnectionPool pool, Func`3 accessTokenCallback)
   at Microsoft.Data.SqlClient.SqlConnectionFactory.CreateConnection(DbConnectionOptions options, DbConnectionPoolKey poolKey, Object poolGroupProviderInfo, DbConnectionPool pool, DbConnection owningConnection, DbConnectionOptions userOptions)
   at Microsoft.Data.ProviderBase.DbConnectionFactory.CreatePooledConnection(DbConnectionPool pool, DbConnection owningObject, DbConnectionOptions options, DbConnectionPoolKey poolKey, DbConnectionOptions userOptions)
   at Microsoft.Data.ProviderBase.DbConnectionPool.CreateObject(DbConnection owningObject, DbConnectionOptions userOptions, DbConnectionInternal oldConnection)
   at Microsoft.Data.ProviderBase.DbConnectionPool.UserCreateRequest(DbConnection owningObject, DbConnectionOptions userOptions, DbConnectionInternal oldConnection)
   at Microsoft.Data.ProviderBase.DbConnectionPool.TryGetConnection(DbConnection owningObject, UInt32 waitForMultipleObjectsTimeout, Boolean allowCreate, Boolean onlyOneCheckConnection, DbConnectionOptions userOptions, DbConnectionInternal& connection)
   at Microsoft.Data.ProviderBase.DbConnectionPool.WaitForPendingOpen()
--- End of stack trace from previous location ---
   at Billing.Persistence.Repositories.TenantRepository.GetBySlugAsync(String slug, CancellationToken cancellationToken) in d:\Projects\ERP\NewShop\src\Billing.Persistence\Repositories\TenantRepository.cs:line 91
   at Billing.Identity.Services.AuthService.LoginAsync(LoginRequest request, String ipAddress, String deviceInfo, CancellationToken cancellationToken) in d:\Projects\ERP\NewShop\src\Billing.Identity\Services\AuthService.cs:line 64
   at Billing.API.Controllers.AuthController.Login(LoginRequest request, CancellationToken cancellationToken) in d:\Projects\ERP\NewShop\src\Billing.API\Controllers\AuthController.cs:line 30
   at Microsoft.AspNetCore.Mvc.Infrastructure.ActionMethodExecutor.TaskOfIActionResultExecutor.Execute(ActionContext actionContext, IActionResultTypeMapper mapper, ObjectMethodExecutor executor, Object controller, Object[] arguments)
   at Microsoft.AspNetCore.Mvc.Infrastructure.ControllerActionInvoker.<InvokeActionMethodAsync>g__Awaited|12_0(ControllerActionInvoker invoker, ValueTask`1 actionResultValueTask)
   at Microsoft.AspNetCore.Mvc.Infrastructure.ControllerActionInvoker.<InvokeNextActionFilterAsync>g__Awaited|10_0(ControllerActionInvoker invoker, Task lastTask, State next, Scope scope, Object state, Boolean isCompleted)
   at Microsoft.AspNetCore.Mvc.Infrastructure.ControllerActionInvoker.Rethrow(ActionExecutedContextSealed context)
   at Microsoft.AspNetCore.Mvc.Infrastructure.ControllerActionInvoker.Next(State& next, Scope& scope, Object& state, Boolean& isCompleted)
   at Microsoft.AspNetCore.Mvc.Infrastructure.ControllerActionInvoker.<InvokeInnerFilterAsync>g__Awaited|13_0(ControllerActionInvoker invoker, Task lastTask, State next, Scope scope, Object state, Boolean isCompleted)
   at Microsoft.AspNetCore.Mvc.Infrastructure.ResourceInvoker.<InvokeFilterPipelineAsync>g__Awaited|20_0(ResourceInvoker invoker, Task lastTask, State next, Scope scope, Object state, Boolean isCompleted)
   at Microsoft.AspNetCore.Mvc.Infrastructure.ResourceInvoker.<InvokeAsync>g__Awaited|17_0(ResourceInvoker invoker, Task task, IDisposable scope)
   at Microsoft.AspNetCore.Mvc.Infrastructure.ResourceInvoker.<InvokeAsync>g__Awaited|17_0(ResourceInvoker invoker, Task task, IDisposable scope)
   at Microsoft.AspNetCore.Authorization.AuthorizationMiddleware.Invoke(HttpContext context)
   at Microsoft.AspNetCore.Authentication.AuthenticationMiddleware.Invoke(HttpContext context)
   at Billing.Infrastructure.Middleware.TenantContextMiddleware.InvokeAsync(HttpContext context, ITenantContext tenantContext) in d:\Projects\ERP\NewShop\src\Billing.Infrastructure\Middleware\TenantContextMiddleware.cs:line 57
   at Billing.Infrastructure.Middleware.GlobalExceptionMiddleware.InvokeAsync(HttpContext context) in d:\Projects\ERP\NewShop\src\Billing.Infrastructure\Middleware\GlobalExceptionMiddleware.cs:line 31
ClientConnectionId:5bf21b23-2321-4b65-8a57-a667975bce95
Error Number:4060,State:1,Class:11
2026-07-24 10:25:39.273 +05:30 [ERR] HTTP POST /api/auth/login responded 500 in 24.8491 ms
2026-07-24 10:29:55.002 +05:30 [INF] HTTP POST /api/auth/login responded 422 in 563.0766 ms
2026-07-24 10:29:58.193 +05:30 [INF] HTTP POST /api/auth/login responded 422 in 16.7033 ms
2026-07-24 10:29:59.538 +05:30 [INF] HTTP POST /api/auth/login responded 422 in 9.8694 ms
2026-07-24 10:30:00.254 +05:30 [INF] HTTP POST /api/auth/login responded 422 in 31.0302 ms
2026-07-24 10:30:00.406 +05:30 [INF] HTTP POST /api/auth/login responded 422 in 8.0439 ms
2026-07-24 10:30:00.636 +05:30 [INF] HTTP POST /api/auth/login responded 422 in 9.8673 ms
2026-07-24 10:30:54.990 +05:30 [INF] HTTP POST /api/auth/login responded 422 in 12.4288 ms
2026-07-24 10:30:55.770 +05:30 [INF] HTTP POST /api/auth/login responded 422 in 13.8420 ms
2026-07-24 10:31:32.677 +05:30 [INF] HTTP POST /api/auth/login responded 422 in 24.9135 ms
2026-07-24 10:31:33.588 +05:30 [INF] HTTP POST /api/auth/login responded 422 in 8.4000 ms
2026-07-24 10:31:41.824 +05:30 [INF] HTTP POST /api/auth/login responded 422 in 13.5869 ms
2026-07-24 10:32:39.868 +05:30 [ERR] Unhandled exception. Path: /api/auth/login. Message: Invalid column name 'IsExpired'.
Invalid column name 'IsRevoked'.
Invalid column name 'IsActive'.
Explicit conversion from data type numeric to uniqueidentifier is not allowed.
Microsoft.Data.SqlClient.SqlException (0x80131904): Invalid column name 'IsExpired'.
Invalid column name 'IsRevoked'.
Invalid column name 'IsActive'.
Explicit conversion from data type numeric to uniqueidentifier is not allowed.
   at Microsoft.Data.SqlClient.SqlConnection.OnError(SqlException exception, Boolean breakConnection, Action`1 wrapCloseInAction)
   at Microsoft.Data.SqlClient.SqlInternalConnection.OnError(SqlException exception, Boolean breakConnection, Action`1 wrapCloseInAction)
   at Microsoft.Data.SqlClient.TdsParser.ThrowExceptionAndWarning(TdsParserStateObject stateObj, SqlCommand command, Boolean callerHasConnectionLock, Boolean asyncClose)
   at Microsoft.Data.SqlClient.TdsParser.TryRun(RunBehavior runBehavior, SqlCommand cmdHandler, SqlDataReader dataStream, BulkCopySimpleResultSet bulkCopyHandler, TdsParserStateObject stateObj, Boolean& dataReady)
   at Microsoft.Data.SqlClient.SqlDataReader.TryConsumeMetaData()
   at Microsoft.Data.SqlClient.SqlDataReader.get_MetaData()
   at Microsoft.Data.SqlClient.SqlCommand.FinishExecuteReader(SqlDataReader ds, RunBehavior runBehavior, String resetOptionsString, Boolean isInternal, Boolean forDescribeParameterEncryption, Boolean shouldCacheForAlwaysEncrypted)
   at Microsoft.Data.SqlClient.SqlCommand.CompleteAsyncExecuteReader(Boolean isInternal, Boolean forDescribeParameterEncryption)
   at Microsoft.Data.SqlClient.SqlCommand.InternalEndExecuteReader(IAsyncResult asyncResult, Boolean isInternal, String endMethod)
   at Microsoft.Data.SqlClient.SqlCommand.EndExecuteReaderInternal(IAsyncResult asyncResult)
   at Microsoft.Data.SqlClient.SqlCommand.EndExecuteReaderAsync(IAsyncResult asyncResult)
   at Microsoft.Data.SqlClient.SqlCommand.<>c.<InternalExecuteReaderAsync>b__201_1(IAsyncResult asyncResult)
   at System.Threading.Tasks.TaskFactory`1.FromAsyncCoreLogic(IAsyncResult iar, Func`2 endFunction, Action`1 endAction, Task`1 promise, Boolean requiresSynchronization)
--- End of stack trace from previous location ---
   at Dapper.SqlMapper.ExecuteScalarImplAsync[T](IDbConnection cnn, CommandDefinition command) in /_/Dapper/SqlMapper.Async.cs:line 1241
   at Billing.Persistence.Repositories.GenericRepository`1.InsertAsync(T entity, IDbTransaction transaction, CancellationToken cancellationToken) in d:\Projects\ERP\NewShop\src\Billing.Persistence\Repositories\GenericRepository.cs:line 179
   at Billing.Identity.Services.AuthService.LoginAsync(LoginRequest request, String ipAddress, String deviceInfo, CancellationToken cancellationToken) in d:\Projects\ERP\NewShop\src\Billing.Identity\Services\AuthService.cs:line 121
   at Billing.Identity.Services.AuthService.LoginAsync(LoginRequest request, String ipAddress, String deviceInfo, CancellationToken cancellationToken) in d:\Projects\ERP\NewShop\src\Billing.Identity\Services\AuthService.cs:line 146
   at Billing.API.Controllers.AuthController.Login(LoginRequest request, CancellationToken cancellationToken) in d:\Projects\ERP\NewShop\src\Billing.API\Controllers\AuthController.cs:line 30
   at Microsoft.AspNetCore.Mvc.Infrastructure.ActionMethodExecutor.TaskOfIActionResultExecutor.Execute(ActionContext actionContext, IActionResultTypeMapper mapper, ObjectMethodExecutor executor, Object controller, Object[] arguments)
   at Microsoft.AspNetCore.Mvc.Infrastructure.ControllerActionInvoker.<InvokeActionMethodAsync>g__Awaited|12_0(ControllerActionInvoker invoker, ValueTask`1 actionResultValueTask)
   at Microsoft.AspNetCore.Mvc.Infrastructure.ControllerActionInvoker.<InvokeNextActionFilterAsync>g__Awaited|10_0(ControllerActionInvoker invoker, Task lastTask, State next, Scope scope, Object state, Boolean isCompleted)
   at Microsoft.AspNetCore.Mvc.Infrastructure.ControllerActionInvoker.Rethrow(ActionExecutedContextSealed context)
   at Microsoft.AspNetCore.Mvc.Infrastructure.ControllerActionInvoker.Next(State& next, Scope& scope, Object& state, Boolean& isCompleted)
   at Microsoft.AspNetCore.Mvc.Infrastructure.ControllerActionInvoker.<InvokeInnerFilterAsync>g__Awaited|13_0(ControllerActionInvoker invoker, Task lastTask, State next, Scope scope, Object state, Boolean isCompleted)
   at Microsoft.AspNetCore.Mvc.Infrastructure.ResourceInvoker.<InvokeFilterPipelineAsync>g__Awaited|20_0(ResourceInvoker invoker, Task lastTask, State next, Scope scope, Object state, Boolean isCompleted)
   at Microsoft.AspNetCore.Mvc.Infrastructure.ResourceInvoker.<InvokeAsync>g__Awaited|17_0(ResourceInvoker invoker, Task task, IDisposable scope)
   at Microsoft.AspNetCore.Mvc.Infrastructure.ResourceInvoker.<InvokeAsync>g__Awaited|17_0(ResourceInvoker invoker, Task task, IDisposable scope)
   at Microsoft.AspNetCore.Authorization.AuthorizationMiddleware.Invoke(HttpContext context)
   at Microsoft.AspNetCore.Authentication.AuthenticationMiddleware.Invoke(HttpContext context)
   at Billing.Infrastructure.Middleware.TenantContextMiddleware.InvokeAsync(HttpContext context, ITenantContext tenantContext) in d:\Projects\ERP\NewShop\src\Billing.Infrastructure\Middleware\TenantContextMiddleware.cs:line 57
   at Billing.Infrastructure.Middleware.GlobalExceptionMiddleware.InvokeAsync(HttpContext context) in d:\Projects\ERP\NewShop\src\Billing.Infrastructure\Middleware\GlobalExceptionMiddleware.cs:line 31
ClientConnectionId:070efe07-a476-438b-acc7-f1f7fc1f7dda
Error Number:207,State:1,Class:16
2026-07-24 10:32:39.878 +05:30 [ERR] HTTP POST /api/auth/login responded 500 in 1113.9864 ms
2026-07-24 10:32:41.260 +05:30 [ERR] Unhandled exception. Path: /api/auth/login. Message: Invalid column name 'IsExpired'.
Invalid column name 'IsRevoked'.
Invalid column name 'IsActive'.
Explicit conversion from data type numeric to uniqueidentifier is not allowed.
Microsoft.Data.SqlClient.SqlException (0x80131904): Invalid column name 'IsExpired'.
Invalid column name 'IsRevoked'.
Invalid column name 'IsActive'.
Explicit conversion from data type numeric to uniqueidentifier is not allowed.
   at Microsoft.Data.SqlClient.SqlConnection.OnError(SqlException exception, Boolean breakConnection, Action`1 wrapCloseInAction)
   at Microsoft.Data.SqlClient.SqlInternalConnection.OnError(SqlException exception, Boolean breakConnection, Action`1 wrapCloseInAction)
   at Microsoft.Data.SqlClient.TdsParser.ThrowExceptionAndWarning(TdsParserStateObject stateObj, SqlCommand command, Boolean callerHasConnectionLock, Boolean asyncClose)
   at Microsoft.Data.SqlClient.TdsParser.TryRun(RunBehavior runBehavior, SqlCommand cmdHandler, SqlDataReader dataStream, BulkCopySimpleResultSet bulkCopyHandler, TdsParserStateObject stateObj, Boolean& dataReady)
   at Microsoft.Data.SqlClient.SqlDataReader.TryConsumeMetaData()
   at Microsoft.Data.SqlClient.SqlDataReader.get_MetaData()
   at Microsoft.Data.SqlClient.SqlCommand.FinishExecuteReader(SqlDataReader ds, RunBehavior runBehavior, String resetOptionsString, Boolean isInternal, Boolean forDescribeParameterEncryption, Boolean shouldCacheForAlwaysEncrypted)
   at Microsoft.Data.SqlClient.SqlCommand.CompleteAsyncExecuteReader(Boolean isInternal, Boolean forDescribeParameterEncryption)
   at Microsoft.Data.SqlClient.SqlCommand.InternalEndExecuteReader(IAsyncResult asyncResult, Boolean isInternal, String endMethod)
   at Microsoft.Data.SqlClient.SqlCommand.EndExecuteReaderInternal(IAsyncResult asyncResult)
   at Microsoft.Data.SqlClient.SqlCommand.EndExecuteReaderAsync(IAsyncResult asyncResult)
   at Microsoft.Data.SqlClient.SqlCommand.<>c.<InternalExecuteReaderAsync>b__201_1(IAsyncResult asyncResult)
   at System.Threading.Tasks.TaskFactory`1.FromAsyncCoreLogic(IAsyncResult iar, Func`2 endFunction, Action`1 endAction, Task`1 promise, Boolean requiresSynchronization)
--- End of stack trace from previous location ---
   at Dapper.SqlMapper.ExecuteScalarImplAsync[T](IDbConnection cnn, CommandDefinition command) in /_/Dapper/SqlMapper.Async.cs:line 1241
   at Billing.Persistence.Repositories.GenericRepository`1.InsertAsync(T entity, IDbTransaction transaction, CancellationToken cancellationToken) in d:\Projects\ERP\NewShop\src\Billing.Persistence\Repositories\GenericRepository.cs:line 179
   at Billing.Identity.Services.AuthService.LoginAsync(LoginRequest request, String ipAddress, String deviceInfo, CancellationToken cancellationToken) in d:\Projects\ERP\NewShop\src\Billing.Identity\Services\AuthService.cs:line 121
   at Billing.Identity.Services.AuthService.LoginAsync(LoginRequest request, String ipAddress, String deviceInfo, CancellationToken cancellationToken) in d:\Projects\ERP\NewShop\src\Billing.Identity\Services\AuthService.cs:line 146
   at Billing.API.Controllers.AuthController.Login(LoginRequest request, CancellationToken cancellationToken) in d:\Projects\ERP\NewShop\src\Billing.API\Controllers\AuthController.cs:line 30
   at Microsoft.AspNetCore.Mvc.Infrastructure.ActionMethodExecutor.TaskOfIActionResultExecutor.Execute(ActionContext actionContext, IActionResultTypeMapper mapper, ObjectMethodExecutor executor, Object controller, Object[] arguments)
   at Microsoft.AspNetCore.Mvc.Infrastructure.ControllerActionInvoker.<InvokeActionMethodAsync>g__Awaited|12_0(ControllerActionInvoker invoker, ValueTask`1 actionResultValueTask)
   at Microsoft.AspNetCore.Mvc.Infrastructure.ControllerActionInvoker.<InvokeNextActionFilterAsync>g__Awaited|10_0(ControllerActionInvoker invoker, Task lastTask, State next, Scope scope, Object state, Boolean isCompleted)
   at Microsoft.AspNetCore.Mvc.Infrastructure.ControllerActionInvoker.Rethrow(ActionExecutedContextSealed context)
   at Microsoft.AspNetCore.Mvc.Infrastructure.ControllerActionInvoker.Next(State& next, Scope& scope, Object& state, Boolean& isCompleted)
   at Microsoft.AspNetCore.Mvc.Infrastructure.ControllerActionInvoker.<InvokeInnerFilterAsync>g__Awaited|13_0(ControllerActionInvoker invoker, Task lastTask, State next, Scope scope, Object state, Boolean isCompleted)
   at Microsoft.AspNetCore.Mvc.Infrastructure.ResourceInvoker.<InvokeFilterPipelineAsync>g__Awaited|20_0(ResourceInvoker invoker, Task lastTask, State next, Scope scope, Object state, Boolean isCompleted)
   at Microsoft.AspNetCore.Mvc.Infrastructure.ResourceInvoker.<InvokeAsync>g__Awaited|17_0(ResourceInvoker invoker, Task task, IDisposable scope)
   at Microsoft.AspNetCore.Mvc.Infrastructure.ResourceInvoker.<InvokeAsync>g__Awaited|17_0(ResourceInvoker invoker, Task task, IDisposable scope)
   at Microsoft.AspNetCore.Authorization.AuthorizationMiddleware.Invoke(HttpContext context)
   at Microsoft.AspNetCore.Authentication.AuthenticationMiddleware.Invoke(HttpContext context)
   at Billing.Infrastructure.Middleware.TenantContextMiddleware.InvokeAsync(HttpContext context, ITenantContext tenantContext) in d:\Projects\ERP\NewShop\src\Billing.Infrastructure\Middleware\TenantContextMiddleware.cs:line 57
   at Billing.Infrastructure.Middleware.GlobalExceptionMiddleware.InvokeAsync(HttpContext context) in d:\Projects\ERP\NewShop\src\Billing.Infrastructure\Middleware\GlobalExceptionMiddleware.cs:line 31
ClientConnectionId:0114aabc-8cba-4bce-b32f-d34b9cf271d3
Error Number:207,State:1,Class:16
2026-07-24 10:32:41.263 +05:30 [ERR] HTTP POST /api/auth/login responded 500 in 89.7511 ms
2026-07-24 10:32:41.569 +05:30 [ERR] Unhandled exception. Path: /api/auth/login. Message: Invalid column name 'IsExpired'.
Invalid column name 'IsRevoked'.
Invalid column name 'IsActive'.
Explicit conversion from data type numeric to uniqueidentifier is not allowed.
Microsoft.Data.SqlClient.SqlException (0x80131904): Invalid column name 'IsExpired'.
Invalid column name 'IsRevoked'.
Invalid column name 'IsActive'.
Explicit conversion from data type numeric to uniqueidentifier is not allowed.
   at Microsoft.Data.SqlClient.SqlConnection.OnError(SqlException exception, Boolean breakConnection, Action`1 wrapCloseInAction)
   at Microsoft.Data.SqlClient.SqlInternalConnection.OnError(SqlException exception, Boolean breakConnection, Action`1 wrapCloseInAction)
   at Microsoft.Data.SqlClient.TdsParser.ThrowExceptionAndWarning(TdsParserStateObject stateObj, SqlCommand command, Boolean callerHasConnectionLock, Boolean asyncClose)
   at Microsoft.Data.SqlClient.TdsParser.TryRun(RunBehavior runBehavior, SqlCommand cmdHandler, SqlDataReader dataStream, BulkCopySimpleResultSet bulkCopyHandler, TdsParserStateObject stateObj, Boolean& dataReady)
   at Microsoft.Data.SqlClient.SqlDataReader.TryConsumeMetaData()
   at Microsoft.Data.SqlClient.SqlDataReader.get_MetaData()
   at Microsoft.Data.SqlClient.SqlCommand.FinishExecuteReader(SqlDataReader ds, RunBehavior runBehavior, String resetOptionsString, Boolean isInternal, Boolean forDescribeParameterEncryption, Boolean shouldCacheForAlwaysEncrypted)
   at Microsoft.Data.SqlClient.SqlCommand.CompleteAsyncExecuteReader(Boolean isInternal, Boolean forDescribeParameterEncryption)
   at Microsoft.Data.SqlClient.SqlCommand.InternalEndExecuteReader(IAsyncResult asyncResult, Boolean isInternal, String endMethod)
   at Microsoft.Data.SqlClient.SqlCommand.EndExecuteReaderInternal(IAsyncResult asyncResult)
   at Microsoft.Data.SqlClient.SqlCommand.EndExecuteReaderAsync(IAsyncResult asyncResult)
   at Microsoft.Data.SqlClient.SqlCommand.<>c.<InternalExecuteReaderAsync>b__201_1(IAsyncResult asyncResult)
   at System.Threading.Tasks.TaskFactory`1.FromAsyncCoreLogic(IAsyncResult iar, Func`2 endFunction, Action`1 endAction, Task`1 promise, Boolean requiresSynchronization)
--- End of stack trace from previous location ---
   at Dapper.SqlMapper.ExecuteScalarImplAsync[T](IDbConnection cnn, CommandDefinition command) in /_/Dapper/SqlMapper.Async.cs:line 1241
   at Billing.Persistence.Repositories.GenericRepository`1.InsertAsync(T entity, IDbTransaction transaction, CancellationToken cancellationToken) in d:\Projects\ERP\NewShop\src\Billing.Persistence\Repositories\GenericRepository.cs:line 179
   at Billing.Identity.Services.AuthService.LoginAsync(LoginRequest request, String ipAddress, String deviceInfo, CancellationToken cancellationToken) in d:\Projects\ERP\NewShop\src\Billing.Identity\Services\AuthService.cs:line 121
   at Billing.Identity.Services.AuthService.LoginAsync(LoginRequest request, String ipAddress, String deviceInfo, CancellationToken cancellationToken) in d:\Projects\ERP\NewShop\src\Billing.Identity\Services\AuthService.cs:line 146
   at Billing.API.Controllers.AuthController.Login(LoginRequest request, CancellationToken cancellationToken) in d:\Projects\ERP\NewShop\src\Billing.API\Controllers\AuthController.cs:line 30
   at Microsoft.AspNetCore.Mvc.Infrastructure.ActionMethodExecutor.TaskOfIActionResultExecutor.Execute(ActionContext actionContext, IActionResultTypeMapper mapper, ObjectMethodExecutor executor, Object controller, Object[] arguments)
   at Microsoft.AspNetCore.Mvc.Infrastructure.ControllerActionInvoker.<InvokeActionMethodAsync>g__Awaited|12_0(ControllerActionInvoker invoker, ValueTask`1 actionResultValueTask)
   at Microsoft.AspNetCore.Mvc.Infrastructure.ControllerActionInvoker.<InvokeNextActionFilterAsync>g__Awaited|10_0(ControllerActionInvoker invoker, Task lastTask, State next, Scope scope, Object state, Boolean isCompleted)
   at Microsoft.AspNetCore.Mvc.Infrastructure.ControllerActionInvoker.Rethrow(ActionExecutedContextSealed context)
   at Microsoft.AspNetCore.Mvc.Infrastructure.ControllerActionInvoker.Next(State& next, Scope& scope, Object& state, Boolean& isCompleted)
   at Microsoft.AspNetCore.Mvc.Infrastructure.ControllerActionInvoker.<InvokeInnerFilterAsync>g__Awaited|13_0(ControllerActionInvoker invoker, Task lastTask, State next, Scope scope, Object state, Boolean isCompleted)
   at Microsoft.AspNetCore.Mvc.Infrastructure.ResourceInvoker.<InvokeFilterPipelineAsync>g__Awaited|20_0(ResourceInvoker invoker, Task lastTask, State next, Scope scope, Object state, Boolean isCompleted)
   at Microsoft.AspNetCore.Mvc.Infrastructure.ResourceInvoker.<InvokeAsync>g__Awaited|17_0(ResourceInvoker invoker, Task task, IDisposable scope)
   at Microsoft.AspNetCore.Mvc.Infrastructure.ResourceInvoker.<InvokeAsync>g__Awaited|17_0(ResourceInvoker invoker, Task task, IDisposable scope)
   at Microsoft.AspNetCore.Authorization.AuthorizationMiddleware.Invoke(HttpContext context)
   at Microsoft.AspNetCore.Authentication.AuthenticationMiddleware.Invoke(HttpContext context)
   at Billing.Infrastructure.Middleware.TenantContextMiddleware.InvokeAsync(HttpContext context, ITenantContext tenantContext) in d:\Projects\ERP\NewShop\src\Billing.Infrastructure\Middleware\TenantContextMiddleware.cs:line 57
   at Billing.Infrastructure.Middleware.GlobalExceptionMiddleware.InvokeAsync(HttpContext context) in d:\Projects\ERP\NewShop\src\Billing.Infrastructure\Middleware\GlobalExceptionMiddleware.cs:line 31
ClientConnectionId:1b3661c7-d10f-4314-bffe-9db5fe893847
Error Number:207,State:1,Class:16
2026-07-24 10:32:41.570 +05:30 [ERR] HTTP POST /api/auth/login responded 500 in 104.9931 ms
2026-07-24 10:34:28.018 +05:30 [INF] Now listening on: http://localhost:5000
2026-07-24 10:34:28.021 +05:30 [INF] Application started. Press Ctrl+C to shut down.
2026-07-24 10:34:28.021 +05:30 [INF] Hosting environment: Production
2026-07-24 10:34:28.021 +05:30 [INF] Content root path: d:\Projects\ERP\NewShop\src\Billing.API
2026-07-24 10:34:44.493 +05:30 [INF] HTTP GET / responded 404 in 101.9185 ms
2026-07-24 10:34:51.021 +05:30 [INF] HTTP GET /swagger responded 404 in 10.4482 ms
2026-07-24 10:35:02.200 +05:30 [INF] HTTP GET /weatherforecast responded 404 in 191.1521 ms
2026-07-24 10:35:06.920 +05:30 [INF] HTTP POST /api/auth/login responded 200 in 1591.6630 ms
2026-07-24 10:35:07.157 +05:30 [ERR] Unhandled exception. Path: /api/dashboard. Message: The AuthorizationPolicy named: 'ReportsView' was not found.
System.InvalidOperationException: The AuthorizationPolicy named: 'ReportsView' was not found.
   at Microsoft.AspNetCore.Authorization.AuthorizationPolicy.CombineAsync(IAuthorizationPolicyProvider policyProvider, IEnumerable`1 authorizeData, IEnumerable`1 policies)
   at Microsoft.AspNetCore.Authorization.AuthorizationMiddleware.Invoke(HttpContext context)
   at Microsoft.AspNetCore.Authentication.AuthenticationMiddleware.Invoke(HttpContext context)
   at Billing.Infrastructure.Middleware.TenantContextMiddleware.InvokeAsync(HttpContext context, ITenantContext tenantContext) in d:\Projects\ERP\NewShop\src\Billing.Infrastructure\Middleware\TenantContextMiddleware.cs:line 57
   at Billing.Infrastructure.Middleware.GlobalExceptionMiddleware.InvokeAsync(HttpContext context) in d:\Projects\ERP\NewShop\src\Billing.Infrastructure\Middleware\GlobalExceptionMiddleware.cs:line 31
2026-07-24 10:35:07.167 +05:30 [ERR] HTTP GET /api/dashboard responded 500 in 114.0094 ms
2026-07-24 10:35:08.184 +05:30 [ERR] Unhandled exception. Path: /api/dashboard. Message: The AuthorizationPolicy named: 'ReportsView' was not found.
System.InvalidOperationException: The AuthorizationPolicy named: 'ReportsView' was not found.
   at Microsoft.AspNetCore.Authorization.AuthorizationPolicy.CombineAsync(IAuthorizationPolicyProvider policyProvider, IEnumerable`1 authorizeData, IEnumerable`1 policies)
   at Microsoft.AspNetCore.Authorization.AuthorizationMiddleware.Invoke(HttpContext context)
   at Microsoft.AspNetCore.Authentication.AuthenticationMiddleware.Invoke(HttpContext context)
   at Billing.Infrastructure.Middleware.TenantContextMiddleware.InvokeAsync(HttpContext context, ITenantContext tenantContext) in d:\Projects\ERP\NewShop\src\Billing.Infrastructure\Middleware\TenantContextMiddleware.cs:line 57
   at Billing.Infrastructure.Middleware.GlobalExceptionMiddleware.InvokeAsync(HttpContext context) in d:\Projects\ERP\NewShop\src\Billing.Infrastructure\Middleware\GlobalExceptionMiddleware.cs:line 31
2026-07-24 10:35:08.185 +05:30 [ERR] HTTP GET /api/dashboard responded 500 in 3.0174 ms
2026-07-24 10:35:11.408 +05:30 [INF] Handling GetProductsQuery
2026-07-24 10:35:11.801 +05:30 [ERR] Failed handling GetProductsQuery after 392ms
System.InvalidOperationException: Nullable object must have a value.
   at System.Nullable`1.get_Value()
   at Billing.Application.Handlers.Products.GetProductsHandler.Handle(GetProductsQuery request, CancellationToken cancellationToken) in d:\Projects\ERP\NewShop\src\Billing.Application\Handlers\Products\ProductQueryHandlers.cs:line 63
   at Billing.Application.Behaviors.LoggingBehavior`2.Handle(TRequest request, RequestHandlerDelegate`1 next, CancellationToken cancellationToken) in d:\Projects\ERP\NewShop\src\Billing.Application\Behaviors\PipelineBehaviors.cs:line 53
2026-07-24 10:35:11.807 +05:30 [ERR] Unhandled exception. Path: /api/products. Message: Nullable object must have a value.
System.InvalidOperationException: Nullable object must have a value.
   at System.Nullable`1.get_Value()
   at Billing.Application.Handlers.Products.GetProductsHandler.Handle(GetProductsQuery request, CancellationToken cancellationToken) in d:\Projects\ERP\NewShop\src\Billing.Application\Handlers\Products\ProductQueryHandlers.cs:line 63
   at Billing.Application.Behaviors.LoggingBehavior`2.Handle(TRequest request, RequestHandlerDelegate`1 next, CancellationToken cancellationToken) in d:\Projects\ERP\NewShop\src\Billing.Application\Behaviors\PipelineBehaviors.cs:line 53
   at Billing.Application.Behaviors.ValidationBehavior`2.Handle(TRequest request, RequestHandlerDelegate`1 next, CancellationToken cancellationToken) in d:\Projects\ERP\NewShop\src\Billing.Application\Behaviors\PipelineBehaviors.cs:line 20
   at Billing.API.Controllers.ProductsController.GetProducts(Int32 page, Int32 pageSize, String search, String orderBy, Boolean ascending, CancellationToken cancellationToken) in d:\Projects\ERP\NewShop\src\Billing.API\Controllers\ProductsController.cs:line 30
   at Microsoft.AspNetCore.Mvc.Infrastructure.ActionMethodExecutor.TaskOfIActionResultExecutor.Execute(ActionContext actionContext, IActionResultTypeMapper mapper, ObjectMethodExecutor executor, Object controller, Object[] arguments)
   at Microsoft.AspNetCore.Mvc.Infrastructure.ControllerActionInvoker.<InvokeActionMethodAsync>g__Awaited|12_0(ControllerActionInvoker invoker, ValueTask`1 actionResultValueTask)
   at Microsoft.AspNetCore.Mvc.Infrastructure.ControllerActionInvoker.<InvokeNextActionFilterAsync>g__Awaited|10_0(ControllerActionInvoker invoker, Task lastTask, State next, Scope scope, Object state, Boolean isCompleted)
   at Microsoft.AspNetCore.Mvc.Infrastructure.ControllerActionInvoker.Rethrow(ActionExecutedContextSealed context)
   at Microsoft.AspNetCore.Mvc.Infrastructure.ControllerActionInvoker.Next(State& next, Scope& scope, Object& state, Boolean& isCompleted)
   at Microsoft.AspNetCore.Mvc.Infrastructure.ControllerActionInvoker.InvokeInnerFilterAsync()
--- End of stack trace from previous location ---
   at Microsoft.AspNetCore.Mvc.Infrastructure.ResourceInvoker.<InvokeFilterPipelineAsync>g__Awaited|20_0(ResourceInvoker invoker, Task lastTask, State next, Scope scope, Object state, Boolean isCompleted)
   at Microsoft.AspNetCore.Mvc.Infrastructure.ResourceInvoker.<InvokeAsync>g__Awaited|17_0(ResourceInvoker invoker, Task task, IDisposable scope)
   at Microsoft.AspNetCore.Mvc.Infrastructure.ResourceInvoker.<InvokeAsync>g__Awaited|17_0(ResourceInvoker invoker, Task task, IDisposable scope)
   at Microsoft.AspNetCore.Authorization.AuthorizationMiddleware.Invoke(HttpContext context)
   at Microsoft.AspNetCore.Authentication.AuthenticationMiddleware.Invoke(HttpContext context)
   at Billing.Infrastructure.Middleware.TenantContextMiddleware.InvokeAsync(HttpContext context, ITenantContext tenantContext) in d:\Projects\ERP\NewShop\src\Billing.Infrastructure\Middleware\TenantContextMiddleware.cs:line 57
   at Billing.Infrastructure.Middleware.GlobalExceptionMiddleware.InvokeAsync(HttpContext context) in d:\Projects\ERP\NewShop\src\Billing.Infrastructure\Middleware\GlobalExceptionMiddleware.cs:line 31
2026-07-24 10:35:11.813 +05:30 [ERR] HTTP GET /api/products responded 500 in 462.5861 ms
2026-07-24 10:35:12.838 +05:30 [INF] Handling GetProductsQuery
2026-07-24 10:35:12.840 +05:30 [ERR] Failed handling GetProductsQuery after 2ms
System.InvalidOperationException: Nullable object must have a value.
   at System.Nullable`1.get_Value()
   at Billing.Application.Handlers.Products.GetProductsHandler.Handle(GetProductsQuery request, CancellationToken cancellationToken) in d:\Projects\ERP\NewShop\src\Billing.Application\Handlers\Products\ProductQueryHandlers.cs:line 63
   at Billing.Application.Behaviors.LoggingBehavior`2.Handle(TRequest request, RequestHandlerDelegate`1 next, CancellationToken cancellationToken) in d:\Projects\ERP\NewShop\src\Billing.Application\Behaviors\PipelineBehaviors.cs:line 53
   at Billing.Application.Behaviors.ValidationBehavior`2.Handle(TRequest request, RequestHandlerDelegate`1 next, CancellationToken cancellationToken) in d:\Projects\ERP\NewShop\src\Billing.Application\Behaviors\PipelineBehaviors.cs:line 20
   at Billing.API.Controllers.ProductsController.GetProducts(Int32 page, Int32 pageSize, String search, String orderBy, Boolean ascending, CancellationToken cancellationToken) in d:\Projects\ERP\NewShop\src\Billing.API\Controllers\ProductsController.cs:line 30
2026-07-24 10:35:12.841 +05:30 [ERR] Unhandled exception. Path: /api/products. Message: Nullable object must have a value.
System.InvalidOperationException: Nullable object must have a value.
   at System.Nullable`1.get_Value()
   at Billing.Application.Handlers.Products.GetProductsHandler.Handle(GetProductsQuery request, CancellationToken cancellationToken) in d:\Projects\ERP\NewShop\src\Billing.Application\Handlers\Products\ProductQueryHandlers.cs:line 63
   at Billing.Application.Behaviors.LoggingBehavior`2.Handle(TRequest request, RequestHandlerDelegate`1 next, CancellationToken cancellationToken) in d:\Projects\ERP\NewShop\src\Billing.Application\Behaviors\PipelineBehaviors.cs:line 53
   at Billing.Application.Behaviors.ValidationBehavior`2.Handle(TRequest request, RequestHandlerDelegate`1 next, CancellationToken cancellationToken) in d:\Projects\ERP\NewShop\src\Billing.Application\Behaviors\PipelineBehaviors.cs:line 20
   at Billing.API.Controllers.ProductsController.GetProducts(Int32 page, Int32 pageSize, String search, String orderBy, Boolean ascending, CancellationToken cancellationToken) in d:\Projects\ERP\NewShop\src\Billing.API\Controllers\ProductsController.cs:line 30
   at Microsoft.AspNetCore.Mvc.Infrastructure.ActionMethodExecutor.TaskOfIActionResultExecutor.Execute(ActionContext actionContext, IActionResultTypeMapper mapper, ObjectMethodExecutor executor, Object controller, Object[] arguments)
   at Microsoft.AspNetCore.Mvc.Infrastructure.ControllerActionInvoker.<InvokeActionMethodAsync>g__Awaited|12_0(ControllerActionInvoker invoker, ValueTask`1 actionResultValueTask)
   at Microsoft.AspNetCore.Mvc.Infrastructure.ControllerActionInvoker.<InvokeNextActionFilterAsync>g__Awaited|10_0(ControllerActionInvoker invoker, Task lastTask, State next, Scope scope, Object state, Boolean isCompleted)
   at Microsoft.AspNetCore.Mvc.Infrastructure.ControllerActionInvoker.Rethrow(ActionExecutedContextSealed context)
   at Microsoft.AspNetCore.Mvc.Infrastructure.ControllerActionInvoker.Next(State& next, Scope& scope, Object& state, Boolean& isCompleted)
   at Microsoft.AspNetCore.Mvc.Infrastructure.ControllerActionInvoker.InvokeInnerFilterAsync()
--- End of stack trace from previous location ---
   at Microsoft.AspNetCore.Mvc.Infrastructure.ResourceInvoker.<InvokeFilterPipelineAsync>g__Awaited|20_0(ResourceInvoker invoker, Task lastTask, State next, Scope scope, Object state, Boolean isCompleted)
   at Microsoft.AspNetCore.Mvc.Infrastructure.ResourceInvoker.<InvokeAsync>g__Awaited|17_0(ResourceInvoker invoker, Task task, IDisposable scope)
   at Microsoft.AspNetCore.Mvc.Infrastructure.ResourceInvoker.<InvokeAsync>g__Awaited|17_0(ResourceInvoker invoker, Task task, IDisposable scope)
   at Microsoft.AspNetCore.Authorization.AuthorizationMiddleware.Invoke(HttpContext context)
   at Microsoft.AspNetCore.Authentication.AuthenticationMiddleware.Invoke(HttpContext context)
   at Billing.Infrastructure.Middleware.TenantContextMiddleware.InvokeAsync(HttpContext context, ITenantContext tenantContext) in d:\Projects\ERP\NewShop\src\Billing.Infrastructure\Middleware\TenantContextMiddleware.cs:line 57
   at Billing.Infrastructure.Middleware.GlobalExceptionMiddleware.InvokeAsync(HttpContext context) in d:\Projects\ERP\NewShop\src\Billing.Infrastructure\Middleware\GlobalExceptionMiddleware.cs:line 31
2026-07-24 10:35:12.842 +05:30 [ERR] HTTP GET /api/products responded 500 in 12.1766 ms
2026-07-24 10:35:15.486 +05:30 [ERR] Unhandled exception. Path: /api/customers. Message: The AuthorizationPolicy named: 'CustomersView' was not found.
System.InvalidOperationException: The AuthorizationPolicy named: 'CustomersView' was not found.
   at Microsoft.AspNetCore.Authorization.AuthorizationPolicy.CombineAsync(IAuthorizationPolicyProvider policyProvider, IEnumerable`1 authorizeData, IEnumerable`1 policies)
   at Microsoft.AspNetCore.Authorization.AuthorizationMiddleware.Invoke(HttpContext context)
   at Microsoft.AspNetCore.Authentication.AuthenticationMiddleware.Invoke(HttpContext context)
   at Billing.Infrastructure.Middleware.TenantContextMiddleware.InvokeAsync(HttpContext context, ITenantContext tenantContext) in d:\Projects\ERP\NewShop\src\Billing.Infrastructure\Middleware\TenantContextMiddleware.cs:line 57
   at Billing.Infrastructure.Middleware.GlobalExceptionMiddleware.InvokeAsync(HttpContext context) in d:\Projects\ERP\NewShop\src\Billing.Infrastructure\Middleware\GlobalExceptionMiddleware.cs:line 31
2026-07-24 10:35:15.487 +05:30 [ERR] HTTP GET /api/customers responded 500 in 3.2960 ms
2026-07-24 10:35:16.510 +05:30 [ERR] Unhandled exception. Path: /api/customers. Message: The AuthorizationPolicy named: 'CustomersView' was not found.
System.InvalidOperationException: The AuthorizationPolicy named: 'CustomersView' was not found.
   at Microsoft.AspNetCore.Authorization.AuthorizationPolicy.CombineAsync(IAuthorizationPolicyProvider policyProvider, IEnumerable`1 authorizeData, IEnumerable`1 policies)
   at Microsoft.AspNetCore.Authorization.AuthorizationMiddleware.Invoke(HttpContext context)
   at Microsoft.AspNetCore.Authentication.AuthenticationMiddleware.Invoke(HttpContext context)
   at Billing.Infrastructure.Middleware.TenantContextMiddleware.InvokeAsync(HttpContext context, ITenantContext tenantContext) in d:\Projects\ERP\NewShop\src\Billing.Infrastructure\Middleware\TenantContextMiddleware.cs:line 57
   at Billing.Infrastructure.Middleware.GlobalExceptionMiddleware.InvokeAsync(HttpContext context) in d:\Projects\ERP\NewShop\src\Billing.Infrastructure\Middleware\GlobalExceptionMiddleware.cs:line 31
2026-07-24 10:35:16.511 +05:30 [ERR] HTTP GET /api/customers responded 500 in 2.5693 ms
2026-07-24 10:35:17.322 +05:30 [ERR] Unhandled exception. Path: /api/sales. Message: The AuthorizationPolicy named: 'SalesCreate' was not found.
System.InvalidOperationException: The AuthorizationPolicy named: 'SalesCreate' was not found.
   at Microsoft.AspNetCore.Authorization.AuthorizationPolicy.CombineAsync(IAuthorizationPolicyProvider policyProvider, IEnumerable`1 authorizeData, IEnumerable`1 policies)
   at Microsoft.AspNetCore.Authorization.AuthorizationMiddleware.Invoke(HttpContext context)
   at Microsoft.AspNetCore.Authentication.AuthenticationMiddleware.Invoke(HttpContext context)
   at Billing.Infrastructure.Middleware.TenantContextMiddleware.InvokeAsync(HttpContext context, ITenantContext tenantContext) in d:\Projects\ERP\NewShop\src\Billing.Infrastructure\Middleware\TenantContextMiddleware.cs:line 57
   at Billing.Infrastructure.Middleware.GlobalExceptionMiddleware.InvokeAsync(HttpContext context) in d:\Projects\ERP\NewShop\src\Billing.Infrastructure\Middleware\GlobalExceptionMiddleware.cs:line 31
2026-07-24 10:35:17.323 +05:30 [ERR] HTTP GET /api/sales responded 500 in 3.0074 ms
2026-07-24 10:35:18.342 +05:30 [ERR] Unhandled exception. Path: /api/sales. Message: The AuthorizationPolicy named: 'SalesCreate' was not found.
System.InvalidOperationException: The AuthorizationPolicy named: 'SalesCreate' was not found.
   at Microsoft.AspNetCore.Authorization.AuthorizationPolicy.CombineAsync(IAuthorizationPolicyProvider policyProvider, IEnumerable`1 authorizeData, IEnumerable`1 policies)
   at Microsoft.AspNetCore.Authorization.AuthorizationMiddleware.Invoke(HttpContext context)
   at Microsoft.AspNetCore.Authentication.AuthenticationMiddleware.Invoke(HttpContext context)
   at Billing.Infrastructure.Middleware.TenantContextMiddleware.InvokeAsync(HttpContext context, ITenantContext tenantContext) in d:\Projects\ERP\NewShop\src\Billing.Infrastructure\Middleware\TenantContextMiddleware.cs:line 57
   at Billing.Infrastructure.Middleware.GlobalExceptionMiddleware.InvokeAsync(HttpContext context) in d:\Projects\ERP\NewShop\src\Billing.Infrastructure\Middleware\GlobalExceptionMiddleware.cs:line 31
2026-07-24 10:35:18.343 +05:30 [ERR] HTTP GET /api/sales responded 500 in 1.3654 ms
2026-07-24 10:35:20.543 +05:30 [ERR] Unhandled exception. Path: /api/customers. Message: The AuthorizationPolicy named: 'CustomersView' was not found.
System.InvalidOperationException: The AuthorizationPolicy named: 'CustomersView' was not found.
   at Microsoft.AspNetCore.Authorization.AuthorizationPolicy.CombineAsync(IAuthorizationPolicyProvider policyProvider, IEnumerable`1 authorizeData, IEnumerable`1 policies)
   at Microsoft.AspNetCore.Authorization.AuthorizationMiddleware.Invoke(HttpContext context)
   at Microsoft.AspNetCore.Authentication.AuthenticationMiddleware.Invoke(HttpContext context)
   at Billing.Infrastructure.Middleware.TenantContextMiddleware.InvokeAsync(HttpContext context, ITenantContext tenantContext) in d:\Projects\ERP\NewShop\src\Billing.Infrastructure\Middleware\TenantContextMiddleware.cs:line 57
   at Billing.Infrastructure.Middleware.GlobalExceptionMiddleware.InvokeAsync(HttpContext context) in d:\Projects\ERP\NewShop\src\Billing.Infrastructure\Middleware\GlobalExceptionMiddleware.cs:line 31
2026-07-24 10:35:20.544 +05:30 [ERR] HTTP GET /api/customers responded 500 in 2.0655 ms
2026-07-24 10:35:21.560 +05:30 [ERR] Unhandled exception. Path: /api/customers. Message: The AuthorizationPolicy named: 'CustomersView' was not found.
System.InvalidOperationException: The AuthorizationPolicy named: 'CustomersView' was not found.
   at Microsoft.AspNetCore.Authorization.AuthorizationPolicy.CombineAsync(IAuthorizationPolicyProvider policyProvider, IEnumerable`1 authorizeData, IEnumerable`1 policies)
   at Microsoft.AspNetCore.Authorization.AuthorizationMiddleware.Invoke(HttpContext context)
   at Microsoft.AspNetCore.Authentication.AuthenticationMiddleware.Invoke(HttpContext context)
   at Billing.Infrastructure.Middleware.TenantContextMiddleware.InvokeAsync(HttpContext context, ITenantContext tenantContext) in d:\Projects\ERP\NewShop\src\Billing.Infrastructure\Middleware\TenantContextMiddleware.cs:line 57
   at Billing.Infrastructure.Middleware.GlobalExceptionMiddleware.InvokeAsync(HttpContext context) in d:\Projects\ERP\NewShop\src\Billing.Infrastructure\Middleware\GlobalExceptionMiddleware.cs:line 31
2026-07-24 10:35:21.561 +05:30 [ERR] HTTP GET /api/customers responded 500 in 1.4950 ms
2026-07-24 10:35:23.450 +05:30 [ERR] Unhandled exception. Path: /api/suppliers. Message: The AuthorizationPolicy named: 'PurchasesView' was not found.
System.InvalidOperationException: The AuthorizationPolicy named: 'PurchasesView' was not found.
   at Microsoft.AspNetCore.Authorization.AuthorizationPolicy.CombineAsync(IAuthorizationPolicyProvider policyProvider, IEnumerable`1 authorizeData, IEnumerable`1 policies)
   at Microsoft.AspNetCore.Authorization.AuthorizationMiddleware.Invoke(HttpContext context)
   at Microsoft.AspNetCore.Authentication.AuthenticationMiddleware.Invoke(HttpContext context)
   at Billing.Infrastructure.Middleware.TenantContextMiddleware.InvokeAsync(HttpContext context, ITenantContext tenantContext) in d:\Projects\ERP\NewShop\src\Billing.Infrastructure\Middleware\TenantContextMiddleware.cs:line 57
   at Billing.Infrastructure.Middleware.GlobalExceptionMiddleware.InvokeAsync(HttpContext context) in d:\Projects\ERP\NewShop\src\Billing.Infrastructure\Middleware\GlobalExceptionMiddleware.cs:line 31
2026-07-24 10:35:23.452 +05:30 [ERR] HTTP GET /api/suppliers responded 500 in 3.7267 ms
2026-07-24 10:35:24.471 +05:30 [ERR] Unhandled exception. Path: /api/suppliers. Message: The AuthorizationPolicy named: 'PurchasesView' was not found.
System.InvalidOperationException: The AuthorizationPolicy named: 'PurchasesView' was not found.
   at Microsoft.AspNetCore.Authorization.AuthorizationPolicy.CombineAsync(IAuthorizationPolicyProvider policyProvider, IEnumerable`1 authorizeData, IEnumerable`1 policies)
   at Microsoft.AspNetCore.Authorization.AuthorizationMiddleware.Invoke(HttpContext context)
   at Microsoft.AspNetCore.Authentication.AuthenticationMiddleware.Invoke(HttpContext context)
   at Billing.Infrastructure.Middleware.TenantContextMiddleware.InvokeAsync(HttpContext context, ITenantContext tenantContext) in d:\Projects\ERP\NewShop\src\Billing.Infrastructure\Middleware\TenantContextMiddleware.cs:line 57
   at Billing.Infrastructure.Middleware.GlobalExceptionMiddleware.InvokeAsync(HttpContext context) in d:\Projects\ERP\NewShop\src\Billing.Infrastructure\Middleware\GlobalExceptionMiddleware.cs:line 31
2026-07-24 10:35:24.473 +05:30 [ERR] HTTP GET /api/suppliers responded 500 in 5.0321 ms
2026-07-24 10:35:26.617 +05:30 [ERR] Unhandled exception. Path: /api/suppliers. Message: The AuthorizationPolicy named: 'PurchasesView' was not found.
System.InvalidOperationException: The AuthorizationPolicy named: 'PurchasesView' was not found.
   at Microsoft.AspNetCore.Authorization.AuthorizationPolicy.CombineAsync(IAuthorizationPolicyProvider policyProvider, IEnumerable`1 authorizeData, IEnumerable`1 policies)
   at Microsoft.AspNetCore.Authorization.AuthorizationMiddleware.Invoke(HttpContext context)
   at Microsoft.AspNetCore.Authentication.AuthenticationMiddleware.Invoke(HttpContext context)
   at Billing.Infrastructure.Middleware.TenantContextMiddleware.InvokeAsync(HttpContext context, ITenantContext tenantContext) in d:\Projects\ERP\NewShop\src\Billing.Infrastructure\Middleware\TenantContextMiddleware.cs:line 57
   at Billing.Infrastructure.Middleware.GlobalExceptionMiddleware.InvokeAsync(HttpContext context) in d:\Projects\ERP\NewShop\src\Billing.Infrastructure\Middleware\GlobalExceptionMiddleware.cs:line 31
2026-07-24 10:35:26.618 +05:30 [ERR] HTTP GET /api/suppliers responded 500 in 1.5160 ms
2026-07-24 10:35:26.618 +05:30 [ERR] Unhandled exception. Path: /api/purchases. Message: The AuthorizationPolicy named: 'PurchasesView' was not found.
System.InvalidOperationException: The AuthorizationPolicy named: 'PurchasesView' was not found.
   at Microsoft.AspNetCore.Authorization.AuthorizationPolicy.CombineAsync(IAuthorizationPolicyProvider policyProvider, IEnumerable`1 authorizeData, IEnumerable`1 policies)
   at Microsoft.AspNetCore.Authorization.AuthorizationMiddleware.Invoke(HttpContext context)
   at Microsoft.AspNetCore.Authentication.AuthenticationMiddleware.Invoke(HttpContext context)
   at Billing.Infrastructure.Middleware.TenantContextMiddleware.InvokeAsync(HttpContext context, ITenantContext tenantContext) in d:\Projects\ERP\NewShop\src\Billing.Infrastructure\Middleware\TenantContextMiddleware.cs:line 57
   at Billing.Infrastructure.Middleware.GlobalExceptionMiddleware.InvokeAsync(HttpContext context) in d:\Projects\ERP\NewShop\src\Billing.Infrastructure\Middleware\GlobalExceptionMiddleware.cs:line 31
2026-07-24 10:35:26.619 +05:30 [ERR] HTTP GET /api/purchases responded 500 in 1.8600 ms
2026-07-24 10:35:27.636 +05:30 [ERR] Unhandled exception. Path: /api/suppliers. Message: The AuthorizationPolicy named: 'PurchasesView' was not found.
System.InvalidOperationException: The AuthorizationPolicy named: 'PurchasesView' was not found.
   at Microsoft.AspNetCore.Authorization.AuthorizationPolicy.CombineAsync(IAuthorizationPolicyProvider policyProvider, IEnumerable`1 authorizeData, IEnumerable`1 policies)
   at Microsoft.AspNetCore.Authorization.AuthorizationMiddleware.Invoke(HttpContext context)
   at Microsoft.AspNetCore.Authentication.AuthenticationMiddleware.Invoke(HttpContext context)
   at Billing.Infrastructure.Middleware.TenantContextMiddleware.InvokeAsync(HttpContext context, ITenantContext tenantContext) in d:\Projects\ERP\NewShop\src\Billing.Infrastructure\Middleware\TenantContextMiddleware.cs:line 57
   at Billing.Infrastructure.Middleware.GlobalExceptionMiddleware.InvokeAsync(HttpContext context) in d:\Projects\ERP\NewShop\src\Billing.Infrastructure\Middleware\GlobalExceptionMiddleware.cs:line 31
2026-07-24 10:35:27.636 +05:30 [ERR] HTTP GET /api/suppliers responded 500 in 1.3598 ms
2026-07-24 10:35:27.637 +05:30 [ERR] Unhandled exception. Path: /api/purchases. Message: The AuthorizationPolicy named: 'PurchasesView' was not found.
System.InvalidOperationException: The AuthorizationPolicy named: 'PurchasesView' was not found.
   at Microsoft.AspNetCore.Authorization.AuthorizationPolicy.CombineAsync(IAuthorizationPolicyProvider policyProvider, IEnumerable`1 authorizeData, IEnumerable`1 policies)
   at Microsoft.AspNetCore.Authorization.AuthorizationMiddleware.Invoke(HttpContext context)
   at Microsoft.AspNetCore.Authentication.AuthenticationMiddleware.Invoke(HttpContext context)
   at Billing.Infrastructure.Middleware.TenantContextMiddleware.InvokeAsync(HttpContext context, ITenantContext tenantContext) in d:\Projects\ERP\NewShop\src\Billing.Infrastructure\Middleware\TenantContextMiddleware.cs:line 57
   at Billing.Infrastructure.Middleware.GlobalExceptionMiddleware.InvokeAsync(HttpContext context) in d:\Projects\ERP\NewShop\src\Billing.Infrastructure\Middleware\GlobalExceptionMiddleware.cs:line 31
2026-07-24 10:35:27.639 +05:30 [ERR] HTTP GET /api/purchases responded 500 in 2.9261 ms
2026-07-24 10:35:29.249 +05:30 [ERR] Unhandled exception. Path: /api/reports/profit-loss. Message: The AuthorizationPolicy named: 'ReportsView' was not found.
System.InvalidOperationException: The AuthorizationPolicy named: 'ReportsView' was not found.
   at Microsoft.AspNetCore.Authorization.AuthorizationPolicy.CombineAsync(IAuthorizationPolicyProvider policyProvider, IEnumerable`1 authorizeData, IEnumerable`1 policies)
   at Microsoft.AspNetCore.Authorization.AuthorizationMiddleware.Invoke(HttpContext context)
   at Microsoft.AspNetCore.Authentication.AuthenticationMiddleware.Invoke(HttpContext context)
   at Billing.Infrastructure.Middleware.TenantContextMiddleware.InvokeAsync(HttpContext context, ITenantContext tenantContext) in d:\Projects\ERP\NewShop\src\Billing.Infrastructure\Middleware\TenantContextMiddleware.cs:line 57
   at Billing.Infrastructure.Middleware.GlobalExceptionMiddleware.InvokeAsync(HttpContext context) in d:\Projects\ERP\NewShop\src\Billing.Infrastructure\Middleware\GlobalExceptionMiddleware.cs:line 31
2026-07-24 10:35:29.250 +05:30 [ERR] HTTP GET /api/reports/profit-loss responded 500 in 1.0187 ms
2026-07-24 10:35:30.267 +05:30 [ERR] Unhandled exception. Path: /api/reports/profit-loss. Message: The AuthorizationPolicy named: 'ReportsView' was not found.
System.InvalidOperationException: The AuthorizationPolicy named: 'ReportsView' was not found.
   at Microsoft.AspNetCore.Authorization.AuthorizationPolicy.CombineAsync(IAuthorizationPolicyProvider policyProvider, IEnumerable`1 authorizeData, IEnumerable`1 policies)
   at Microsoft.AspNetCore.Authorization.AuthorizationMiddleware.Invoke(HttpContext context)
   at Microsoft.AspNetCore.Authentication.AuthenticationMiddleware.Invoke(HttpContext context)
   at Billing.Infrastructure.Middleware.TenantContextMiddleware.InvokeAsync(HttpContext context, ITenantContext tenantContext) in d:\Projects\ERP\NewShop\src\Billing.Infrastructure\Middleware\TenantContextMiddleware.cs:line 57
   at Billing.Infrastructure.Middleware.GlobalExceptionMiddleware.InvokeAsync(HttpContext context) in d:\Projects\ERP\NewShop\src\Billing.Infrastructure\Middleware\GlobalExceptionMiddleware.cs:line 31
2026-07-24 10:35:30.267 +05:30 [ERR] HTTP GET /api/reports/profit-loss responded 500 in 1.4695 ms
2026-07-24 10:35:33.670 +05:30 [ERR] Unhandled exception. Path: /api/reports/sales. Message: The AuthorizationPolicy named: 'ReportsView' was not found.
System.InvalidOperationException: The AuthorizationPolicy named: 'ReportsView' was not found.
   at Microsoft.AspNetCore.Authorization.AuthorizationPolicy.CombineAsync(IAuthorizationPolicyProvider policyProvider, IEnumerable`1 authorizeData, IEnumerable`1 policies)
   at Microsoft.AspNetCore.Authorization.AuthorizationMiddleware.Invoke(HttpContext context)
   at Microsoft.AspNetCore.Authentication.AuthenticationMiddleware.Invoke(HttpContext context)
   at Billing.Infrastructure.Middleware.TenantContextMiddleware.InvokeAsync(HttpContext context, ITenantContext tenantContext) in d:\Projects\ERP\NewShop\src\Billing.Infrastructure\Middleware\TenantContextMiddleware.cs:line 57
   at Billing.Infrastructure.Middleware.GlobalExceptionMiddleware.InvokeAsync(HttpContext context) in d:\Projects\ERP\NewShop\src\Billing.Infrastructure\Middleware\GlobalExceptionMiddleware.cs:line 31
2026-07-24 10:35:33.670 +05:30 [ERR] HTTP GET /api/reports/sales responded 500 in 1.3940 ms
2026-07-24 10:35:34.691 +05:30 [ERR] Unhandled exception. Path: /api/reports/sales. Message: The AuthorizationPolicy named: 'ReportsView' was not found.
System.InvalidOperationException: The AuthorizationPolicy named: 'ReportsView' was not found.
   at Microsoft.AspNetCore.Authorization.AuthorizationPolicy.CombineAsync(IAuthorizationPolicyProvider policyProvider, IEnumerable`1 authorizeData, IEnumerable`1 policies)
   at Microsoft.AspNetCore.Authorization.AuthorizationMiddleware.Invoke(HttpContext context)
   at Microsoft.AspNetCore.Authentication.AuthenticationMiddleware.Invoke(HttpContext context)
   at Billing.Infrastructure.Middleware.TenantContextMiddleware.InvokeAsync(HttpContext context, ITenantContext tenantContext) in d:\Projects\ERP\NewShop\src\Billing.Infrastructure\Middleware\TenantContextMiddleware.cs:line 57
   at Billing.Infrastructure.Middleware.GlobalExceptionMiddleware.InvokeAsync(HttpContext context) in d:\Projects\ERP\NewShop\src\Billing.Infrastructure\Middleware\GlobalExceptionMiddleware.cs:line 31
2026-07-24 10:35:34.692 +05:30 [ERR] HTTP GET /api/reports/sales responded 500 in 1.3947 ms
2026-07-24 10:35:34.874 +05:30 [ERR] Unhandled exception. Path: /api/reports/gst. Message: The AuthorizationPolicy named: 'ReportsView' was not found.
System.InvalidOperationException: The AuthorizationPolicy named: 'ReportsView' was not found.
   at Microsoft.AspNetCore.Authorization.AuthorizationPolicy.CombineAsync(IAuthorizationPolicyProvider policyProvider, IEnumerable`1 authorizeData, IEnumerable`1 policies)
   at Microsoft.AspNetCore.Authorization.AuthorizationMiddleware.Invoke(HttpContext context)
   at Microsoft.AspNetCore.Authentication.AuthenticationMiddleware.Invoke(HttpContext context)
   at Billing.Infrastructure.Middleware.TenantContextMiddleware.InvokeAsync(HttpContext context, ITenantContext tenantContext) in d:\Projects\ERP\NewShop\src\Billing.Infrastructure\Middleware\TenantContextMiddleware.cs:line 57
   at Billing.Infrastructure.Middleware.GlobalExceptionMiddleware.InvokeAsync(HttpContext context) in d:\Projects\ERP\NewShop\src\Billing.Infrastructure\Middleware\GlobalExceptionMiddleware.cs:line 31
2026-07-24 10:35:34.875 +05:30 [ERR] HTTP GET /api/reports/gst responded 500 in 1.1405 ms
2026-07-24 10:35:35.668 +05:30 [ERR] Unhandled exception. Path: /api/reports/payments. Message: The AuthorizationPolicy named: 'ReportsView' was not found.
System.InvalidOperationException: The AuthorizationPolicy named: 'ReportsView' was not found.
   at Microsoft.AspNetCore.Authorization.AuthorizationPolicy.CombineAsync(IAuthorizationPolicyProvider policyProvider, IEnumerable`1 authorizeData, IEnumerable`1 policies)
   at Microsoft.AspNetCore.Authorization.AuthorizationMiddleware.Invoke(HttpContext context)
   at Microsoft.AspNetCore.Authentication.AuthenticationMiddleware.Invoke(HttpContext context)
   at Billing.Infrastructure.Middleware.TenantContextMiddleware.InvokeAsync(HttpContext context, ITenantContext tenantContext) in d:\Projects\ERP\NewShop\src\Billing.Infrastructure\Middleware\TenantContextMiddleware.cs:line 57
   at Billing.Infrastructure.Middleware.GlobalExceptionMiddleware.InvokeAsync(HttpContext context) in d:\Projects\ERP\NewShop\src\Billing.Infrastructure\Middleware\GlobalExceptionMiddleware.cs:line 31
2026-07-24 10:35:35.668 +05:30 [ERR] HTTP GET /api/reports/payments responded 500 in 1.2353 ms
2026-07-24 10:35:35.891 +05:30 [ERR] Unhandled exception. Path: /api/reports/gst. Message: The AuthorizationPolicy named: 'ReportsView' was not found.
System.InvalidOperationException: The AuthorizationPolicy named: 'ReportsView' was not found.
   at Microsoft.AspNetCore.Authorization.AuthorizationPolicy.CombineAsync(IAuthorizationPolicyProvider policyProvider, IEnumerable`1 authorizeData, IEnumerable`1 policies)
   at Microsoft.AspNetCore.Authorization.AuthorizationMiddleware.Invoke(HttpContext context)
   at Microsoft.AspNetCore.Authentication.AuthenticationMiddleware.Invoke(HttpContext context)
   at Billing.Infrastructure.Middleware.TenantContextMiddleware.InvokeAsync(HttpContext context, ITenantContext tenantContext) in d:\Projects\ERP\NewShop\src\Billing.Infrastructure\Middleware\TenantContextMiddleware.cs:line 57
   at Billing.Infrastructure.Middleware.GlobalExceptionMiddleware.InvokeAsync(HttpContext context) in d:\Projects\ERP\NewShop\src\Billing.Infrastructure\Middleware\GlobalExceptionMiddleware.cs:line 31
2026-07-24 10:35:35.892 +05:30 [ERR] HTTP GET /api/reports/gst responded 500 in 1.0601 ms
2026-07-24 10:35:36.231 +05:30 [ERR] Unhandled exception. Path: /api/reports/inventory-valuation. Message: The AuthorizationPolicy named: 'ReportsView' was not found.
System.InvalidOperationException: The AuthorizationPolicy named: 'ReportsView' was not found.
   at Microsoft.AspNetCore.Authorization.AuthorizationPolicy.CombineAsync(IAuthorizationPolicyProvider policyProvider, IEnumerable`1 authorizeData, IEnumerable`1 policies)
   at Microsoft.AspNetCore.Authorization.AuthorizationMiddleware.Invoke(HttpContext context)
   at Microsoft.AspNetCore.Authentication.AuthenticationMiddleware.Invoke(HttpContext context)
   at Billing.Infrastructure.Middleware.TenantContextMiddleware.InvokeAsync(HttpContext context, ITenantContext tenantContext) in d:\Projects\ERP\NewShop\src\Billing.Infrastructure\Middleware\TenantContextMiddleware.cs:line 57
   at Billing.Infrastructure.Middleware.GlobalExceptionMiddleware.InvokeAsync(HttpContext context) in d:\Projects\ERP\NewShop\src\Billing.Infrastructure\Middleware\GlobalExceptionMiddleware.cs:line 31
2026-07-24 10:35:36.234 +05:30 [ERR] HTTP GET /api/reports/inventory-valuation responded 500 in 3.9185 ms
2026-07-24 10:35:36.689 +05:30 [ERR] Unhandled exception. Path: /api/reports/payments. Message: The AuthorizationPolicy named: 'ReportsView' was not found.
System.InvalidOperationException: The AuthorizationPolicy named: 'ReportsView' was not found.
   at Microsoft.AspNetCore.Authorization.AuthorizationPolicy.CombineAsync(IAuthorizationPolicyProvider policyProvider, IEnumerable`1 authorizeData, IEnumerable`1 policies)
   at Microsoft.AspNetCore.Authorization.AuthorizationMiddleware.Invoke(HttpContext context)
   at Microsoft.AspNetCore.Authentication.AuthenticationMiddleware.Invoke(HttpContext context)
   at Billing.Infrastructure.Middleware.TenantContextMiddleware.InvokeAsync(HttpContext context, ITenantContext tenantContext) in d:\Projects\ERP\NewShop\src\Billing.Infrastructure\Middleware\TenantContextMiddleware.cs:line 57
   at Billing.Infrastructure.Middleware.GlobalExceptionMiddleware.InvokeAsync(HttpContext context) in d:\Projects\ERP\NewShop\src\Billing.Infrastructure\Middleware\GlobalExceptionMiddleware.cs:line 31
2026-07-24 10:35:36.690 +05:30 [ERR] HTTP GET /api/reports/payments responded 500 in 1.4325 ms
2026-07-24 10:35:37.251 +05:30 [ERR] Unhandled exception. Path: /api/reports/inventory-valuation. Message: The AuthorizationPolicy named: 'ReportsView' was not found.
System.InvalidOperationException: The AuthorizationPolicy named: 'ReportsView' was not found.
   at Microsoft.AspNetCore.Authorization.AuthorizationPolicy.CombineAsync(IAuthorizationPolicyProvider policyProvider, IEnumerable`1 authorizeData, IEnumerable`1 policies)
   at Microsoft.AspNetCore.Authorization.AuthorizationMiddleware.Invoke(HttpContext context)
   at Microsoft.AspNetCore.Authentication.AuthenticationMiddleware.Invoke(HttpContext context)
   at Billing.Infrastructure.Middleware.TenantContextMiddleware.InvokeAsync(HttpContext context, ITenantContext tenantContext) in d:\Projects\ERP\NewShop\src\Billing.Infrastructure\Middleware\TenantContextMiddleware.cs:line 57
   at Billing.Infrastructure.Middleware.GlobalExceptionMiddleware.InvokeAsync(HttpContext context) in d:\Projects\ERP\NewShop\src\Billing.Infrastructure\Middleware\GlobalExceptionMiddleware.cs:line 31
2026-07-24 10:35:37.252 +05:30 [ERR] HTTP GET /api/reports/inventory-valuation responded 500 in 1.3169 ms
2026-07-24 10:35:37.567 +05:30 [ERR] Unhandled exception. Path: /api/reports/top-products. Message: The AuthorizationPolicy named: 'ReportsView' was not found.
System.InvalidOperationException: The AuthorizationPolicy named: 'ReportsView' was not found.
   at Microsoft.AspNetCore.Authorization.AuthorizationPolicy.CombineAsync(IAuthorizationPolicyProvider policyProvider, IEnumerable`1 authorizeData, IEnumerable`1 policies)
   at Microsoft.AspNetCore.Authorization.AuthorizationMiddleware.Invoke(HttpContext context)
   at Microsoft.AspNetCore.Authentication.AuthenticationMiddleware.Invoke(HttpContext context)
   at Billing.Infrastructure.Middleware.TenantContextMiddleware.InvokeAsync(HttpContext context, ITenantContext tenantContext) in d:\Projects\ERP\NewShop\src\Billing.Infrastructure\Middleware\TenantContextMiddleware.cs:line 57
   at Billing.Infrastructure.Middleware.GlobalExceptionMiddleware.InvokeAsync(HttpContext context) in d:\Projects\ERP\NewShop\src\Billing.Infrastructure\Middleware\GlobalExceptionMiddleware.cs:line 31
2026-07-24 10:35:37.568 +05:30 [ERR] HTTP GET /api/reports/top-products responded 500 in 1.3372 ms
2026-07-24 10:35:38.590 +05:30 [ERR] Unhandled exception. Path: /api/reports/top-products. Message: The AuthorizationPolicy named: 'ReportsView' was not found.
System.InvalidOperationException: The AuthorizationPolicy named: 'ReportsView' was not found.
   at Microsoft.AspNetCore.Authorization.AuthorizationPolicy.CombineAsync(IAuthorizationPolicyProvider policyProvider, IEnumerable`1 authorizeData, IEnumerable`1 policies)
   at Microsoft.AspNetCore.Authorization.AuthorizationMiddleware.Invoke(HttpContext context)
   at Microsoft.AspNetCore.Authentication.AuthenticationMiddleware.Invoke(HttpContext context)
   at Billing.Infrastructure.Middleware.TenantContextMiddleware.InvokeAsync(HttpContext context, ITenantContext tenantContext) in d:\Projects\ERP\NewShop\src\Billing.Infrastructure\Middleware\TenantContextMiddleware.cs:line 57
   at Billing.Infrastructure.Middleware.GlobalExceptionMiddleware.InvokeAsync(HttpContext context) in d:\Projects\ERP\NewShop\src\Billing.Infrastructure\Middleware\GlobalExceptionMiddleware.cs:line 31
2026-07-24 10:35:38.591 +05:30 [ERR] HTTP GET /api/reports/top-products responded 500 in 1.0943 ms
2026-07-24 10:35:53.646 +05:30 [ERR] Unhandled exception. Path: /api/dashboard. Message: The AuthorizationPolicy named: 'ReportsView' was not found.
System.InvalidOperationException: The AuthorizationPolicy named: 'ReportsView' was not found.
   at Microsoft.AspNetCore.Authorization.AuthorizationPolicy.CombineAsync(IAuthorizationPolicyProvider policyProvider, IEnumerable`1 authorizeData, IEnumerable`1 policies)
   at Microsoft.AspNetCore.Authorization.AuthorizationMiddleware.Invoke(HttpContext context)
   at Microsoft.AspNetCore.Authentication.AuthenticationMiddleware.Invoke(HttpContext context)
   at Billing.Infrastructure.Middleware.TenantContextMiddleware.InvokeAsync(HttpContext context, ITenantContext tenantContext) in d:\Projects\ERP\NewShop\src\Billing.Infrastructure\Middleware\TenantContextMiddleware.cs:line 57
   at Billing.Infrastructure.Middleware.GlobalExceptionMiddleware.InvokeAsync(HttpContext context) in d:\Projects\ERP\NewShop\src\Billing.Infrastructure\Middleware\GlobalExceptionMiddleware.cs:line 31
2026-07-24 10:35:53.648 +05:30 [ERR] HTTP GET /api/dashboard responded 500 in 4.7597 ms
2026-07-24 10:35:54.662 +05:30 [ERR] Unhandled exception. Path: /api/dashboard. Message: The AuthorizationPolicy named: 'ReportsView' was not found.
System.InvalidOperationException: The AuthorizationPolicy named: 'ReportsView' was not found.
   at Microsoft.AspNetCore.Authorization.AuthorizationPolicy.CombineAsync(IAuthorizationPolicyProvider policyProvider, IEnumerable`1 authorizeData, IEnumerable`1 policies)
   at Microsoft.AspNetCore.Authorization.AuthorizationMiddleware.Invoke(HttpContext context)
   at Microsoft.AspNetCore.Authentication.AuthenticationMiddleware.Invoke(HttpContext context)
   at Billing.Infrastructure.Middleware.TenantContextMiddleware.InvokeAsync(HttpContext context, ITenantContext tenantContext) in d:\Projects\ERP\NewShop\src\Billing.Infrastructure\Middleware\TenantContextMiddleware.cs:line 57
   at Billing.Infrastructure.Middleware.GlobalExceptionMiddleware.InvokeAsync(HttpContext context) in d:\Projects\ERP\NewShop\src\Billing.Infrastructure\Middleware\GlobalExceptionMiddleware.cs:line 31
2026-07-24 10:35:54.662 +05:30 [ERR] HTTP GET /api/dashboard responded 500 in 0.9994 ms
2026-07-24 10:36:11.954 +05:30 [INF] Handling GetProductsQuery
2026-07-24 10:36:11.956 +05:30 [ERR] Failed handling GetProductsQuery after 2ms
System.InvalidOperationException: Nullable object must have a value.
   at System.Nullable`1.get_Value()
   at Billing.Application.Handlers.Products.GetProductsHandler.Handle(GetProductsQuery request, CancellationToken cancellationToken) in d:\Projects\ERP\NewShop\src\Billing.Application\Handlers\Products\ProductQueryHandlers.cs:line 63
   at Billing.Application.Behaviors.LoggingBehavior`2.Handle(TRequest request, RequestHandlerDelegate`1 next, CancellationToken cancellationToken) in d:\Projects\ERP\NewShop\src\Billing.Application\Behaviors\PipelineBehaviors.cs:line 53
   at Billing.Application.Behaviors.ValidationBehavior`2.Handle(TRequest request, RequestHandlerDelegate`1 next, CancellationToken cancellationToken) in d:\Projects\ERP\NewShop\src\Billing.Application\Behaviors\PipelineBehaviors.cs:line 20
   at Billing.API.Controllers.ProductsController.GetProducts(Int32 page, Int32 pageSize, String search, String orderBy, Boolean ascending, CancellationToken cancellationToken) in d:\Projects\ERP\NewShop\src\Billing.API\Controllers\ProductsController.cs:line 30
   at System.Runtime.CompilerServices.TaskAwaiter`1.GetResult()
2026-07-24 10:36:11.956 +05:30 [ERR] Unhandled exception. Path: /api/products. Message: Nullable object must have a value.
System.InvalidOperationException: Nullable object must have a value.
   at System.Nullable`1.get_Value()
   at Billing.Application.Handlers.Products.GetProductsHandler.Handle(GetProductsQuery request, CancellationToken cancellationToken) in d:\Projects\ERP\NewShop\src\Billing.Application\Handlers\Products\ProductQueryHandlers.cs:line 63
   at Billing.Application.Behaviors.LoggingBehavior`2.Handle(TRequest request, RequestHandlerDelegate`1 next, CancellationToken cancellationToken) in d:\Projects\ERP\NewShop\src\Billing.Application\Behaviors\PipelineBehaviors.cs:line 53
   at Billing.Application.Behaviors.ValidationBehavior`2.Handle(TRequest request, RequestHandlerDelegate`1 next, CancellationToken cancellationToken) in d:\Projects\ERP\NewShop\src\Billing.Application\Behaviors\PipelineBehaviors.cs:line 20
   at Billing.API.Controllers.ProductsController.GetProducts(Int32 page, Int32 pageSize, String search, String orderBy, Boolean ascending, CancellationToken cancellationToken) in d:\Projects\ERP\NewShop\src\Billing.API\Controllers\ProductsController.cs:line 30
   at Microsoft.AspNetCore.Mvc.Infrastructure.ActionMethodExecutor.TaskOfIActionResultExecutor.Execute(ActionContext actionContext, IActionResultTypeMapper mapper, ObjectMethodExecutor executor, Object controller, Object[] arguments)
   at Microsoft.AspNetCore.Mvc.Infrastructure.ControllerActionInvoker.<InvokeActionMethodAsync>g__Awaited|12_0(ControllerActionInvoker invoker, ValueTask`1 actionResultValueTask)
   at Microsoft.AspNetCore.Mvc.Infrastructure.ControllerActionInvoker.<InvokeNextActionFilterAsync>g__Awaited|10_0(ControllerActionInvoker invoker, Task lastTask, State next, Scope scope, Object state, Boolean isCompleted)
   at Microsoft.AspNetCore.Mvc.Infrastructure.ControllerActionInvoker.Rethrow(ActionExecutedContextSealed context)
   at Microsoft.AspNetCore.Mvc.Infrastructure.ControllerActionInvoker.Next(State& next, Scope& scope, Object& state, Boolean& isCompleted)
   at Microsoft.AspNetCore.Mvc.Infrastructure.ControllerActionInvoker.InvokeInnerFilterAsync()
--- End of stack trace from previous location ---
   at Microsoft.AspNetCore.Mvc.Infrastructure.ResourceInvoker.<InvokeFilterPipelineAsync>g__Awaited|20_0(ResourceInvoker invoker, Task lastTask, State next, Scope scope, Object state, Boolean isCompleted)
   at Microsoft.AspNetCore.Mvc.Infrastructure.ResourceInvoker.<InvokeAsync>g__Awaited|17_0(ResourceInvoker invoker, Task task, IDisposable scope)
   at Microsoft.AspNetCore.Mvc.Infrastructure.ResourceInvoker.<InvokeAsync>g__Awaited|17_0(ResourceInvoker invoker, Task task, IDisposable scope)
   at Microsoft.AspNetCore.Authorization.AuthorizationMiddleware.Invoke(HttpContext context)
   at Microsoft.AspNetCore.Authentication.AuthenticationMiddleware.Invoke(HttpContext context)
   at Billing.Infrastructure.Middleware.TenantContextMiddleware.InvokeAsync(HttpContext context, ITenantContext tenantContext) in d:\Projects\ERP\NewShop\src\Billing.Infrastructure\Middleware\TenantContextMiddleware.cs:line 57
   at Billing.Infrastructure.Middleware.GlobalExceptionMiddleware.InvokeAsync(HttpContext context) in d:\Projects\ERP\NewShop\src\Billing.Infrastructure\Middleware\GlobalExceptionMiddleware.cs:line 31
2026-07-24 10:36:11.957 +05:30 [ERR] HTTP GET /api/products responded 500 in 12.3776 ms
2026-07-24 10:36:12.971 +05:30 [INF] Handling GetProductsQuery
2026-07-24 10:36:12.971 +05:30 [ERR] Failed handling GetProductsQuery after 0ms
System.InvalidOperationException: Nullable object must have a value.
   at System.Nullable`1.get_Value()
   at Billing.Application.Handlers.Products.GetProductsHandler.Handle(GetProductsQuery request, CancellationToken cancellationToken) in d:\Projects\ERP\NewShop\src\Billing.Application\Handlers\Products\ProductQueryHandlers.cs:line 63
   at Billing.Application.Behaviors.LoggingBehavior`2.Handle(TRequest request, RequestHandlerDelegate`1 next, CancellationToken cancellationToken) in d:\Projects\ERP\NewShop\src\Billing.Application\Behaviors\PipelineBehaviors.cs:line 53
   at Billing.Application.Behaviors.ValidationBehavior`2.Handle(TRequest request, RequestHandlerDelegate`1 next, CancellationToken cancellationToken) in d:\Projects\ERP\NewShop\src\Billing.Application\Behaviors\PipelineBehaviors.cs:line 20
   at Billing.API.Controllers.ProductsController.GetProducts(Int32 page, Int32 pageSize, String search, String orderBy, Boolean ascending, CancellationToken cancellationToken) in d:\Projects\ERP\NewShop\src\Billing.API\Controllers\ProductsController.cs:line 30
2026-07-24 10:36:12.971 +05:30 [ERR] Unhandled exception. Path: /api/products. Message: Nullable object must have a value.
System.InvalidOperationException: Nullable object must have a value.
   at System.Nullable`1.get_Value()
   at Billing.Application.Handlers.Products.GetProductsHandler.Handle(GetProductsQuery request, CancellationToken cancellationToken) in d:\Projects\ERP\NewShop\src\Billing.Application\Handlers\Products\ProductQueryHandlers.cs:line 63
   at Billing.Application.Behaviors.LoggingBehavior`2.Handle(TRequest request, RequestHandlerDelegate`1 next, CancellationToken cancellationToken) in d:\Projects\ERP\NewShop\src\Billing.Application\Behaviors\PipelineBehaviors.cs:line 53
   at Billing.Application.Behaviors.ValidationBehavior`2.Handle(TRequest request, RequestHandlerDelegate`1 next, CancellationToken cancellationToken) in d:\Projects\ERP\NewShop\src\Billing.Application\Behaviors\PipelineBehaviors.cs:line 20
   at Billing.API.Controllers.ProductsController.GetProducts(Int32 page, Int32 pageSize, String search, String orderBy, Boolean ascending, CancellationToken cancellationToken) in d:\Projects\ERP\NewShop\src\Billing.API\Controllers\ProductsController.cs:line 30
   at Microsoft.AspNetCore.Mvc.Infrastructure.ActionMethodExecutor.TaskOfIActionResultExecutor.Execute(ActionContext actionContext, IActionResultTypeMapper mapper, ObjectMethodExecutor executor, Object controller, Object[] arguments)
   at Microsoft.AspNetCore.Mvc.Infrastructure.ControllerActionInvoker.<InvokeActionMethodAsync>g__Awaited|12_0(ControllerActionInvoker invoker, ValueTask`1 actionResultValueTask)
   at Microsoft.AspNetCore.Mvc.Infrastructure.ControllerActionInvoker.<InvokeNextActionFilterAsync>g__Awaited|10_0(ControllerActionInvoker invoker, Task lastTask, State next, Scope scope, Object state, Boolean isCompleted)
   at Microsoft.AspNetCore.Mvc.Infrastructure.ControllerActionInvoker.Rethrow(ActionExecutedContextSealed context)
   at Microsoft.AspNetCore.Mvc.Infrastructure.ControllerActionInvoker.Next(State& next, Scope& scope, Object& state, Boolean& isCompleted)
   at Microsoft.AspNetCore.Mvc.Infrastructure.ControllerActionInvoker.InvokeInnerFilterAsync()
--- End of stack trace from previous location ---
   at Microsoft.AspNetCore.Mvc.Infrastructure.ResourceInvoker.<InvokeFilterPipelineAsync>g__Awaited|20_0(ResourceInvoker invoker, Task lastTask, State next, Scope scope, Object state, Boolean isCompleted)
   at Microsoft.AspNetCore.Mvc.Infrastructure.ResourceInvoker.<InvokeAsync>g__Awaited|17_0(ResourceInvoker invoker, Task task, IDisposable scope)
   at Microsoft.AspNetCore.Mvc.Infrastructure.ResourceInvoker.<InvokeAsync>g__Awaited|17_0(ResourceInvoker invoker, Task task, IDisposable scope)
   at Microsoft.AspNetCore.Authorization.AuthorizationMiddleware.Invoke(HttpContext context)
   at Microsoft.AspNetCore.Authentication.AuthenticationMiddleware.Invoke(HttpContext context)
   at Billing.Infrastructure.Middleware.TenantContextMiddleware.InvokeAsync(HttpContext context, ITenantContext tenantContext) in d:\Projects\ERP\NewShop\src\Billing.Infrastructure\Middleware\TenantContextMiddleware.cs:line 57
   at Billing.Infrastructure.Middleware.GlobalExceptionMiddleware.InvokeAsync(HttpContext context) in d:\Projects\ERP\NewShop\src\Billing.Infrastructure\Middleware\GlobalExceptionMiddleware.cs:line 31
2026-07-24 10:36:12.972 +05:30 [ERR] HTTP GET /api/products responded 500 in 2.3246 ms
2026-07-24 10:36:15.460 +05:30 [ERR] Unhandled exception. Path: /api/customers. Message: The AuthorizationPolicy named: 'CustomersView' was not found.
System.InvalidOperationException: The AuthorizationPolicy named: 'CustomersView' was not found.
   at Microsoft.AspNetCore.Authorization.AuthorizationPolicy.CombineAsync(IAuthorizationPolicyProvider policyProvider, IEnumerable`1 authorizeData, IEnumerable`1 policies)
   at Microsoft.AspNetCore.Authorization.AuthorizationMiddleware.Invoke(HttpContext context)
   at Microsoft.AspNetCore.Authentication.AuthenticationMiddleware.Invoke(HttpContext context)
   at Billing.Infrastructure.Middleware.TenantContextMiddleware.InvokeAsync(HttpContext context, ITenantContext tenantContext) in d:\Projects\ERP\NewShop\src\Billing.Infrastructure\Middleware\TenantContextMiddleware.cs:line 57
   at Billing.Infrastructure.Middleware.GlobalExceptionMiddleware.InvokeAsync(HttpContext context) in d:\Projects\ERP\NewShop\src\Billing.Infrastructure\Middleware\GlobalExceptionMiddleware.cs:line 31
2026-07-24 10:36:15.461 +05:30 [ERR] HTTP GET /api/customers responded 500 in 2.0431 ms
2026-07-24 10:36:16.478 +05:30 [ERR] Unhandled exception. Path: /api/customers. Message: The AuthorizationPolicy named: 'CustomersView' was not found.
System.InvalidOperationException: The AuthorizationPolicy named: 'CustomersView' was not found.
   at Microsoft.AspNetCore.Authorization.AuthorizationPolicy.CombineAsync(IAuthorizationPolicyProvider policyProvider, IEnumerable`1 authorizeData, IEnumerable`1 policies)
   at Microsoft.AspNetCore.Authorization.AuthorizationMiddleware.Invoke(HttpContext context)
   at Microsoft.AspNetCore.Authentication.AuthenticationMiddleware.Invoke(HttpContext context)
   at Billing.Infrastructure.Middleware.TenantContextMiddleware.InvokeAsync(HttpContext context, ITenantContext tenantContext) in d:\Projects\ERP\NewShop\src\Billing.Infrastructure\Middleware\TenantContextMiddleware.cs:line 57
   at Billing.Infrastructure.Middleware.GlobalExceptionMiddleware.InvokeAsync(HttpContext context) in d:\Projects\ERP\NewShop\src\Billing.Infrastructure\Middleware\GlobalExceptionMiddleware.cs:line 31
2026-07-24 10:36:16.478 +05:30 [ERR] HTTP GET /api/customers responded 500 in 0.9594 ms
2026-07-24 10:36:22.762 +05:30 [ERR] Unhandled exception. Path: /api/products/search. Message: The AuthorizationPolicy named: 'ProductsView' was not found.
System.InvalidOperationException: The AuthorizationPolicy named: 'ProductsView' was not found.
   at Microsoft.AspNetCore.Authorization.AuthorizationPolicy.CombineAsync(IAuthorizationPolicyProvider policyProvider, IEnumerable`1 authorizeData, IEnumerable`1 policies)
   at Microsoft.AspNetCore.Authorization.AuthorizationMiddleware.Invoke(HttpContext context)
   at Microsoft.AspNetCore.Authentication.AuthenticationMiddleware.Invoke(HttpContext context)
   at Billing.Infrastructure.Middleware.TenantContextMiddleware.InvokeAsync(HttpContext context, ITenantContext tenantContext) in d:\Projects\ERP\NewShop\src\Billing.Infrastructure\Middleware\TenantContextMiddleware.cs:line 57
   at Billing.Infrastructure.Middleware.GlobalExceptionMiddleware.InvokeAsync(HttpContext context) in d:\Projects\ERP\NewShop\src\Billing.Infrastructure\Middleware\GlobalExceptionMiddleware.cs:line 31
2026-07-24 10:36:22.763 +05:30 [ERR] HTTP GET /api/products/search responded 500 in 2.7108 ms
2026-07-24 10:36:22.904 +05:30 [ERR] Unhandled exception. Path: /api/products/search. Message: The AuthorizationPolicy named: 'ProductsView' was not found.
System.InvalidOperationException: The AuthorizationPolicy named: 'ProductsView' was not found.
   at Microsoft.AspNetCore.Authorization.AuthorizationPolicy.CombineAsync(IAuthorizationPolicyProvider policyProvider, IEnumerable`1 authorizeData, IEnumerable`1 policies)
   at Microsoft.AspNetCore.Authorization.AuthorizationMiddleware.Invoke(HttpContext context)
   at Microsoft.AspNetCore.Authentication.AuthenticationMiddleware.Invoke(HttpContext context)
   at Billing.Infrastructure.Middleware.TenantContextMiddleware.InvokeAsync(HttpContext context, ITenantContext tenantContext) in d:\Projects\ERP\NewShop\src\Billing.Infrastructure\Middleware\TenantContextMiddleware.cs:line 57
   at Billing.Infrastructure.Middleware.GlobalExceptionMiddleware.InvokeAsync(HttpContext context) in d:\Projects\ERP\NewShop\src\Billing.Infrastructure\Middleware\GlobalExceptionMiddleware.cs:line 31
2026-07-24 10:36:22.905 +05:30 [ERR] HTTP GET /api/products/search responded 500 in 1.2320 ms
2026-07-24 10:36:22.918 +05:30 [ERR] Unhandled exception. Path: /api/products/search. Message: The AuthorizationPolicy named: 'ProductsView' was not found.
System.InvalidOperationException: The AuthorizationPolicy named: 'ProductsView' was not found.
   at Microsoft.AspNetCore.Authorization.AuthorizationPolicy.CombineAsync(IAuthorizationPolicyProvider policyProvider, IEnumerable`1 authorizeData, IEnumerable`1 policies)
   at Microsoft.AspNetCore.Authorization.AuthorizationMiddleware.Invoke(HttpContext context)
   at Microsoft.AspNetCore.Authentication.AuthenticationMiddleware.Invoke(HttpContext context)
   at Billing.Infrastructure.Middleware.TenantContextMiddleware.InvokeAsync(HttpContext context, ITenantContext tenantContext) in d:\Projects\ERP\NewShop\src\Billing.Infrastructure\Middleware\TenantContextMiddleware.cs:line 57
   at Billing.Infrastructure.Middleware.GlobalExceptionMiddleware.InvokeAsync(HttpContext context) in d:\Projects\ERP\NewShop\src\Billing.Infrastructure\Middleware\GlobalExceptionMiddleware.cs:line 31
2026-07-24 10:36:22.919 +05:30 [ERR] HTTP GET /api/products/search responded 500 in 1.0194 ms
2026-07-24 10:36:23.936 +05:30 [ERR] Unhandled exception. Path: /api/products/search. Message: The AuthorizationPolicy named: 'ProductsView' was not found.
System.InvalidOperationException: The AuthorizationPolicy named: 'ProductsView' was not found.
   at Microsoft.AspNetCore.Authorization.AuthorizationPolicy.CombineAsync(IAuthorizationPolicyProvider policyProvider, IEnumerable`1 authorizeData, IEnumerable`1 policies)
   at Microsoft.AspNetCore.Authorization.AuthorizationMiddleware.Invoke(HttpContext context)
   at Microsoft.AspNetCore.Authentication.AuthenticationMiddleware.Invoke(HttpContext context)
   at Billing.Infrastructure.Middleware.TenantContextMiddleware.InvokeAsync(HttpContext context, ITenantContext tenantContext) in d:\Projects\ERP\NewShop\src\Billing.Infrastructure\Middleware\TenantContextMiddleware.cs:line 57
   at Billing.Infrastructure.Middleware.GlobalExceptionMiddleware.InvokeAsync(HttpContext context) in d:\Projects\ERP\NewShop\src\Billing.Infrastructure\Middleware\GlobalExceptionMiddleware.cs:line 31
2026-07-24 10:36:23.936 +05:30 [ERR] HTTP GET /api/products/search responded 500 in 0.9355 ms
2026-07-24 10:36:24.708 +05:30 [ERR] Unhandled exception. Path: /api/products/search. Message: The AuthorizationPolicy named: 'ProductsView' was not found.
System.InvalidOperationException: The AuthorizationPolicy named: 'ProductsView' was not found.
   at Microsoft.AspNetCore.Authorization.AuthorizationPolicy.CombineAsync(IAuthorizationPolicyProvider policyProvider, IEnumerable`1 authorizeData, IEnumerable`1 policies)
   at Microsoft.AspNetCore.Authorization.AuthorizationMiddleware.Invoke(HttpContext context)
   at Microsoft.AspNetCore.Authentication.AuthenticationMiddleware.Invoke(HttpContext context)
   at Billing.Infrastructure.Middleware.TenantContextMiddleware.InvokeAsync(HttpContext context, ITenantContext tenantContext) in d:\Projects\ERP\NewShop\src\Billing.Infrastructure\Middleware\TenantContextMiddleware.cs:line 57
   at Billing.Infrastructure.Middleware.GlobalExceptionMiddleware.InvokeAsync(HttpContext context) in d:\Projects\ERP\NewShop\src\Billing.Infrastructure\Middleware\GlobalExceptionMiddleware.cs:line 31
2026-07-24 10:36:24.708 +05:30 [ERR] HTTP GET /api/products/search responded 500 in 0.9427 ms
2026-07-24 10:36:25.208 +05:30 [ERR] Unhandled exception. Path: /api/products/search. Message: The AuthorizationPolicy named: 'ProductsView' was not found.
System.InvalidOperationException: The AuthorizationPolicy named: 'ProductsView' was not found.
   at Microsoft.AspNetCore.Authorization.AuthorizationPolicy.CombineAsync(IAuthorizationPolicyProvider policyProvider, IEnumerable`1 authorizeData, IEnumerable`1 policies)
   at Microsoft.AspNetCore.Authorization.AuthorizationMiddleware.Invoke(HttpContext context)
   at Microsoft.AspNetCore.Authentication.AuthenticationMiddleware.Invoke(HttpContext context)
   at Billing.Infrastructure.Middleware.TenantContextMiddleware.InvokeAsync(HttpContext context, ITenantContext tenantContext) in d:\Projects\ERP\NewShop\src\Billing.Infrastructure\Middleware\TenantContextMiddleware.cs:line 57
   at Billing.Infrastructure.Middleware.GlobalExceptionMiddleware.InvokeAsync(HttpContext context) in d:\Projects\ERP\NewShop\src\Billing.Infrastructure\Middleware\GlobalExceptionMiddleware.cs:line 31
2026-07-24 10:36:25.209 +05:30 [ERR] HTTP GET /api/products/search responded 500 in 1.2285 ms
2026-07-24 10:36:29.687 +05:30 [INF] HTTP GET /health responded 200 in 35.2891 ms
2026-07-24 10:37:34.769 +05:30 [ERR] Unhandled exception. Path: /api/sales. Message: The AuthorizationPolicy named: 'SalesCreate' was not found.
System.InvalidOperationException: The AuthorizationPolicy named: 'SalesCreate' was not found.
   at Microsoft.AspNetCore.Authorization.AuthorizationPolicy.CombineAsync(IAuthorizationPolicyProvider policyProvider, IEnumerable`1 authorizeData, IEnumerable`1 policies)
   at Microsoft.AspNetCore.Authorization.AuthorizationMiddleware.Invoke(HttpContext context)
   at Microsoft.AspNetCore.Authentication.AuthenticationMiddleware.Invoke(HttpContext context)
   at Billing.Infrastructure.Middleware.TenantContextMiddleware.InvokeAsync(HttpContext context, ITenantContext tenantContext) in d:\Projects\ERP\NewShop\src\Billing.Infrastructure\Middleware\TenantContextMiddleware.cs:line 57
   at Billing.Infrastructure.Middleware.GlobalExceptionMiddleware.InvokeAsync(HttpContext context) in d:\Projects\ERP\NewShop\src\Billing.Infrastructure\Middleware\GlobalExceptionMiddleware.cs:line 31
2026-07-24 10:37:34.769 +05:30 [ERR] HTTP GET /api/sales responded 500 in 1.6674 ms
2026-07-24 10:37:35.791 +05:30 [ERR] Unhandled exception. Path: /api/sales. Message: The AuthorizationPolicy named: 'SalesCreate' was not found.
System.InvalidOperationException: The AuthorizationPolicy named: 'SalesCreate' was not found.
   at Microsoft.AspNetCore.Authorization.AuthorizationPolicy.CombineAsync(IAuthorizationPolicyProvider policyProvider, IEnumerable`1 authorizeData, IEnumerable`1 policies)
   at Microsoft.AspNetCore.Authorization.AuthorizationMiddleware.Invoke(HttpContext context)
   at Microsoft.AspNetCore.Authentication.AuthenticationMiddleware.Invoke(HttpContext context)
   at Billing.Infrastructure.Middleware.TenantContextMiddleware.InvokeAsync(HttpContext context, ITenantContext tenantContext) in d:\Projects\ERP\NewShop\src\Billing.Infrastructure\Middleware\TenantContextMiddleware.cs:line 57
   at Billing.Infrastructure.Middleware.GlobalExceptionMiddleware.InvokeAsync(HttpContext context) in d:\Projects\ERP\NewShop\src\Billing.Infrastructure\Middleware\GlobalExceptionMiddleware.cs:line 31
2026-07-24 10:37:35.792 +05:30 [ERR] HTTP GET /api/sales responded 500 in 1.7426 ms
2026-07-24 10:37:36.772 +05:30 [INF] Handling GetProductsQuery
2026-07-24 10:37:36.773 +05:30 [ERR] Failed handling GetProductsQuery after 0ms
System.InvalidOperationException: Nullable object must have a value.
   at System.Nullable`1.get_Value()
   at Billing.Application.Handlers.Products.GetProductsHandler.Handle(GetProductsQuery request, CancellationToken cancellationToken) in d:\Projects\ERP\NewShop\src\Billing.Application\Handlers\Products\ProductQueryHandlers.cs:line 63
   at Billing.Application.Behaviors.LoggingBehavior`2.Handle(TRequest request, RequestHandlerDelegate`1 next, CancellationToken cancellationToken) in d:\Projects\ERP\NewShop\src\Billing.Application\Behaviors\PipelineBehaviors.cs:line 53
2026-07-24 10:37:36.773 +05:30 [ERR] Unhandled exception. Path: /api/products. Message: Nullable object must have a value.
System.InvalidOperationException: Nullable object must have a value.
   at System.Nullable`1.get_Value()
   at Billing.Application.Handlers.Products.GetProductsHandler.Handle(GetProductsQuery request, CancellationToken cancellationToken) in d:\Projects\ERP\NewShop\src\Billing.Application\Handlers\Products\ProductQueryHandlers.cs:line 63
   at Billing.Application.Behaviors.LoggingBehavior`2.Handle(TRequest request, RequestHandlerDelegate`1 next, CancellationToken cancellationToken) in d:\Projects\ERP\NewShop\src\Billing.Application\Behaviors\PipelineBehaviors.cs:line 53
   at Billing.Application.Behaviors.ValidationBehavior`2.Handle(TRequest request, RequestHandlerDelegate`1 next, CancellationToken cancellationToken) in d:\Projects\ERP\NewShop\src\Billing.Application\Behaviors\PipelineBehaviors.cs:line 20
   at Billing.API.Controllers.ProductsController.GetProducts(Int32 page, Int32 pageSize, String search, String orderBy, Boolean ascending, CancellationToken cancellationToken) in d:\Projects\ERP\NewShop\src\Billing.API\Controllers\ProductsController.cs:line 30
   at Microsoft.AspNetCore.Mvc.Infrastructure.ActionMethodExecutor.TaskOfIActionResultExecutor.Execute(ActionContext actionContext, IActionResultTypeMapper mapper, ObjectMethodExecutor executor, Object controller, Object[] arguments)
   at Microsoft.AspNetCore.Mvc.Infrastructure.ControllerActionInvoker.<InvokeActionMethodAsync>g__Awaited|12_0(ControllerActionInvoker invoker, ValueTask`1 actionResultValueTask)
   at Microsoft.AspNetCore.Mvc.Infrastructure.ControllerActionInvoker.<InvokeNextActionFilterAsync>g__Awaited|10_0(ControllerActionInvoker invoker, Task lastTask, State next, Scope scope, Object state, Boolean isCompleted)
   at Microsoft.AspNetCore.Mvc.Infrastructure.ControllerActionInvoker.Rethrow(ActionExecutedContextSealed context)
   at Microsoft.AspNetCore.Mvc.Infrastructure.ControllerActionInvoker.Next(State& next, Scope& scope, Object& state, Boolean& isCompleted)
   at Microsoft.AspNetCore.Mvc.Infrastructure.ControllerActionInvoker.InvokeInnerFilterAsync()
--- End of stack trace from previous location ---
   at Microsoft.AspNetCore.Mvc.Infrastructure.ResourceInvoker.<InvokeFilterPipelineAsync>g__Awaited|20_0(ResourceInvoker invoker, Task lastTask, State next, Scope scope, Object state, Boolean isCompleted)
   at Microsoft.AspNetCore.Mvc.Infrastructure.ResourceInvoker.<InvokeAsync>g__Awaited|17_0(ResourceInvoker invoker, Task task, IDisposable scope)
   at Microsoft.AspNetCore.Mvc.Infrastructure.ResourceInvoker.<InvokeAsync>g__Awaited|17_0(ResourceInvoker invoker, Task task, IDisposable scope)
   at Microsoft.AspNetCore.Authorization.AuthorizationMiddleware.Invoke(HttpContext context)
   at Microsoft.AspNetCore.Authentication.AuthenticationMiddleware.Invoke(HttpContext context)
   at Billing.Infrastructure.Middleware.TenantContextMiddleware.InvokeAsync(HttpContext context, ITenantContext tenantContext) in d:\Projects\ERP\NewShop\src\Billing.Infrastructure\Middleware\TenantContextMiddleware.cs:line 57
   at Billing.Infrastructure.Middleware.GlobalExceptionMiddleware.InvokeAsync(HttpContext context) in d:\Projects\ERP\NewShop\src\Billing.Infrastructure\Middleware\GlobalExceptionMiddleware.cs:line 31
2026-07-24 10:37:36.774 +05:30 [ERR] HTTP GET /api/products responded 500 in 3.3148 ms
2026-07-24 10:37:37.793 +05:30 [INF] Handling GetProductsQuery
2026-07-24 10:37:37.793 +05:30 [ERR] Failed handling GetProductsQuery after 0ms
System.InvalidOperationException: Nullable object must have a value.
   at System.Nullable`1.get_Value()
   at Billing.Application.Handlers.Products.GetProductsHandler.Handle(GetProductsQuery request, CancellationToken cancellationToken) in d:\Projects\ERP\NewShop\src\Billing.Application\Handlers\Products\ProductQueryHandlers.cs:line 63
   at Billing.Application.Behaviors.LoggingBehavior`2.Handle(TRequest request, RequestHandlerDelegate`1 next, CancellationToken cancellationToken) in d:\Projects\ERP\NewShop\src\Billing.Application\Behaviors\PipelineBehaviors.cs:line 53
   at System.Runtime.CompilerServices.TaskAwaiter`1.GetResult()
2026-07-24 10:37:37.793 +05:30 [ERR] Unhandled exception. Path: /api/products. Message: Nullable object must have a value.
System.InvalidOperationException: Nullable object must have a value.
   at System.Nullable`1.get_Value()
   at Billing.Application.Handlers.Products.GetProductsHandler.Handle(GetProductsQuery request, CancellationToken cancellationToken) in d:\Projects\ERP\NewShop\src\Billing.Application\Handlers\Products\ProductQueryHandlers.cs:line 63
   at Billing.Application.Behaviors.LoggingBehavior`2.Handle(TRequest request, RequestHandlerDelegate`1 next, CancellationToken cancellationToken) in d:\Projects\ERP\NewShop\src\Billing.Application\Behaviors\PipelineBehaviors.cs:line 53
   at Billing.Application.Behaviors.ValidationBehavior`2.Handle(TRequest request, RequestHandlerDelegate`1 next, CancellationToken cancellationToken) in d:\Projects\ERP\NewShop\src\Billing.Application\Behaviors\PipelineBehaviors.cs:line 20
   at Billing.API.Controllers.ProductsController.GetProducts(Int32 page, Int32 pageSize, String search, String orderBy, Boolean ascending, CancellationToken cancellationToken) in d:\Projects\ERP\NewShop\src\Billing.API\Controllers\ProductsController.cs:line 30
   at Microsoft.AspNetCore.Mvc.Infrastructure.ActionMethodExecutor.TaskOfIActionResultExecutor.Execute(ActionContext actionContext, IActionResultTypeMapper mapper, ObjectMethodExecutor executor, Object controller, Object[] arguments)
   at Microsoft.AspNetCore.Mvc.Infrastructure.ControllerActionInvoker.<InvokeActionMethodAsync>g__Awaited|12_0(ControllerActionInvoker invoker, ValueTask`1 actionResultValueTask)
   at Microsoft.AspNetCore.Mvc.Infrastructure.ControllerActionInvoker.<InvokeNextActionFilterAsync>g__Awaited|10_0(ControllerActionInvoker invoker, Task lastTask, State next, Scope scope, Object state, Boolean isCompleted)
   at Microsoft.AspNetCore.Mvc.Infrastructure.ControllerActionInvoker.Rethrow(ActionExecutedContextSealed context)
   at Microsoft.AspNetCore.Mvc.Infrastructure.ControllerActionInvoker.Next(State& next, Scope& scope, Object& state, Boolean& isCompleted)
   at Microsoft.AspNetCore.Mvc.Infrastructure.ControllerActionInvoker.InvokeInnerFilterAsync()
--- End of stack trace from previous location ---
   at Microsoft.AspNetCore.Mvc.Infrastructure.ResourceInvoker.<InvokeFilterPipelineAsync>g__Awaited|20_0(ResourceInvoker invoker, Task lastTask, State next, Scope scope, Object state, Boolean isCompleted)
   at Microsoft.AspNetCore.Mvc.Infrastructure.ResourceInvoker.<InvokeAsync>g__Awaited|17_0(ResourceInvoker invoker, Task task, IDisposable scope)
   at Microsoft.AspNetCore.Mvc.Infrastructure.ResourceInvoker.<InvokeAsync>g__Awaited|17_0(ResourceInvoker invoker, Task task, IDisposable scope)
   at Microsoft.AspNetCore.Authorization.AuthorizationMiddleware.Invoke(HttpContext context)
   at Microsoft.AspNetCore.Authentication.AuthenticationMiddleware.Invoke(HttpContext context)
   at Billing.Infrastructure.Middleware.TenantContextMiddleware.InvokeAsync(HttpContext context, ITenantContext tenantContext) in d:\Projects\ERP\NewShop\src\Billing.Infrastructure\Middleware\TenantContextMiddleware.cs:line 57
   at Billing.Infrastructure.Middleware.GlobalExceptionMiddleware.InvokeAsync(HttpContext context) in d:\Projects\ERP\NewShop\src\Billing.Infrastructure\Middleware\GlobalExceptionMiddleware.cs:line 31
2026-07-24 10:37:37.793 +05:30 [ERR] HTTP GET /api/products responded 500 in 2.2530 ms
2026-07-24 10:37:46.100 +05:30 [ERR] Unhandled exception. Path: /api/customers. Message: The AuthorizationPolicy named: 'CustomersView' was not found.
System.InvalidOperationException: The AuthorizationPolicy named: 'CustomersView' was not found.
   at Microsoft.AspNetCore.Authorization.AuthorizationPolicy.CombineAsync(IAuthorizationPolicyProvider policyProvider, IEnumerable`1 authorizeData, IEnumerable`1 policies)
   at Microsoft.AspNetCore.Authorization.AuthorizationMiddleware.Invoke(HttpContext context)
   at Microsoft.AspNetCore.Authentication.AuthenticationMiddleware.Invoke(HttpContext context)
   at Billing.Infrastructure.Middleware.TenantContextMiddleware.InvokeAsync(HttpContext context, ITenantContext tenantContext) in d:\Projects\ERP\NewShop\src\Billing.Infrastructure\Middleware\TenantContextMiddleware.cs:line 57
   at Billing.Infrastructure.Middleware.GlobalExceptionMiddleware.InvokeAsync(HttpContext context) in d:\Projects\ERP\NewShop\src\Billing.Infrastructure\Middleware\GlobalExceptionMiddleware.cs:line 31
2026-07-24 10:37:46.101 +05:30 [ERR] HTTP GET /api/customers responded 500 in 2.7588 ms
2026-07-24 10:37:47.157 +05:30 [ERR] Unhandled exception. Path: /api/customers. Message: The AuthorizationPolicy named: 'CustomersView' was not found.
System.InvalidOperationException: The AuthorizationPolicy named: 'CustomersView' was not found.
   at Microsoft.AspNetCore.Authorization.AuthorizationPolicy.CombineAsync(IAuthorizationPolicyProvider policyProvider, IEnumerable`1 authorizeData, IEnumerable`1 policies)
   at Microsoft.AspNetCore.Authorization.AuthorizationMiddleware.Invoke(HttpContext context)
   at Microsoft.AspNetCore.Authentication.AuthenticationMiddleware.Invoke(HttpContext context)
   at Billing.Infrastructure.Middleware.TenantContextMiddleware.InvokeAsync(HttpContext context, ITenantContext tenantContext) in d:\Projects\ERP\NewShop\src\Billing.Infrastructure\Middleware\TenantContextMiddleware.cs:line 57
   at Billing.Infrastructure.Middleware.GlobalExceptionMiddleware.InvokeAsync(HttpContext context) in d:\Projects\ERP\NewShop\src\Billing.Infrastructure\Middleware\GlobalExceptionMiddleware.cs:line 31
2026-07-24 10:37:47.157 +05:30 [ERR] HTTP GET /api/customers responded 500 in 0.8655 ms
2026-07-24 10:37:47.472 +05:30 [ERR] Unhandled exception. Path: /api/dashboard. Message: The AuthorizationPolicy named: 'ReportsView' was not found.
System.InvalidOperationException: The AuthorizationPolicy named: 'ReportsView' was not found.
   at Microsoft.AspNetCore.Authorization.AuthorizationPolicy.CombineAsync(IAuthorizationPolicyProvider policyProvider, IEnumerable`1 authorizeData, IEnumerable`1 policies)
   at Microsoft.AspNetCore.Authorization.AuthorizationMiddleware.Invoke(HttpContext context)
   at Microsoft.AspNetCore.Authentication.AuthenticationMiddleware.Invoke(HttpContext context)
   at Billing.Infrastructure.Middleware.TenantContextMiddleware.InvokeAsync(HttpContext context, ITenantContext tenantContext) in d:\Projects\ERP\NewShop\src\Billing.Infrastructure\Middleware\TenantContextMiddleware.cs:line 57
   at Billing.Infrastructure.Middleware.GlobalExceptionMiddleware.InvokeAsync(HttpContext context) in d:\Projects\ERP\NewShop\src\Billing.Infrastructure\Middleware\GlobalExceptionMiddleware.cs:line 31
2026-07-24 10:37:47.473 +05:30 [ERR] HTTP GET /api/dashboard responded 500 in 1.0721 ms
2026-07-24 10:37:48.500 +05:30 [ERR] Unhandled exception. Path: /api/dashboard. Message: The AuthorizationPolicy named: 'ReportsView' was not found.
System.InvalidOperationException: The AuthorizationPolicy named: 'ReportsView' was not found.
   at Microsoft.AspNetCore.Authorization.AuthorizationPolicy.CombineAsync(IAuthorizationPolicyProvider policyProvider, IEnumerable`1 authorizeData, IEnumerable`1 policies)
   at Microsoft.AspNetCore.Authorization.AuthorizationMiddleware.Invoke(HttpContext context)
   at Microsoft.AspNetCore.Authentication.AuthenticationMiddleware.Invoke(HttpContext context)
   at Billing.Infrastructure.Middleware.TenantContextMiddleware.InvokeAsync(HttpContext context, ITenantContext tenantContext) in d:\Projects\ERP\NewShop\src\Billing.Infrastructure\Middleware\TenantContextMiddleware.cs:line 57
   at Billing.Infrastructure.Middleware.GlobalExceptionMiddleware.InvokeAsync(HttpContext context) in d:\Projects\ERP\NewShop\src\Billing.Infrastructure\Middleware\GlobalExceptionMiddleware.cs:line 31
2026-07-24 10:37:48.501 +05:30 [ERR] HTTP GET /api/dashboard responded 500 in 1.0412 ms
2026-07-24 10:37:49.765 +05:30 [INF] Handling GetProductsQuery
2026-07-24 10:37:49.766 +05:30 [ERR] Failed handling GetProductsQuery after 0ms
System.InvalidOperationException: Nullable object must have a value.
   at System.Nullable`1.get_Value()
   at Billing.Application.Handlers.Products.GetProductsHandler.Handle(GetProductsQuery request, CancellationToken cancellationToken) in d:\Projects\ERP\NewShop\src\Billing.Application\Handlers\Products\ProductQueryHandlers.cs:line 63
   at Billing.Application.Behaviors.LoggingBehavior`2.Handle(TRequest request, RequestHandlerDelegate`1 next, CancellationToken cancellationToken) in d:\Projects\ERP\NewShop\src\Billing.Application\Behaviors\PipelineBehaviors.cs:line 53
2026-07-24 10:37:49.766 +05:30 [ERR] Unhandled exception. Path: /api/products. Message: Nullable object must have a value.
System.InvalidOperationException: Nullable object must have a value.
   at System.Nullable`1.get_Value()
   at Billing.Application.Handlers.Products.GetProductsHandler.Handle(GetProductsQuery request, CancellationToken cancellationToken) in d:\Projects\ERP\NewShop\src\Billing.Application\Handlers\Products\ProductQueryHandlers.cs:line 63
   at Billing.Application.Behaviors.LoggingBehavior`2.Handle(TRequest request, RequestHandlerDelegate`1 next, CancellationToken cancellationToken) in d:\Projects\ERP\NewShop\src\Billing.Application\Behaviors\PipelineBehaviors.cs:line 53
   at Billing.Application.Behaviors.ValidationBehavior`2.Handle(TRequest request, RequestHandlerDelegate`1 next, CancellationToken cancellationToken) in d:\Projects\ERP\NewShop\src\Billing.Application\Behaviors\PipelineBehaviors.cs:line 20
   at Billing.API.Controllers.ProductsController.GetProducts(Int32 page, Int32 pageSize, String search, String orderBy, Boolean ascending, CancellationToken cancellationToken) in d:\Projects\ERP\NewShop\src\Billing.API\Controllers\ProductsController.cs:line 30
   at Microsoft.AspNetCore.Mvc.Infrastructure.ActionMethodExecutor.TaskOfIActionResultExecutor.Execute(ActionContext actionContext, IActionResultTypeMapper mapper, ObjectMethodExecutor executor, Object controller, Object[] arguments)
   at Microsoft.AspNetCore.Mvc.Infrastructure.ControllerActionInvoker.<InvokeActionMethodAsync>g__Awaited|12_0(ControllerActionInvoker invoker, ValueTask`1 actionResultValueTask)
   at Microsoft.AspNetCore.Mvc.Infrastructure.ControllerActionInvoker.<InvokeNextActionFilterAsync>g__Awaited|10_0(ControllerActionInvoker invoker, Task lastTask, State next, Scope scope, Object state, Boolean isCompleted)
   at Microsoft.AspNetCore.Mvc.Infrastructure.ControllerActionInvoker.Rethrow(ActionExecutedContextSealed context)
   at Microsoft.AspNetCore.Mvc.Infrastructure.ControllerActionInvoker.Next(State& next, Scope& scope, Object& state, Boolean& isCompleted)
   at Microsoft.AspNetCore.Mvc.Infrastructure.ControllerActionInvoker.InvokeInnerFilterAsync()
--- End of stack trace from previous location ---
   at Microsoft.AspNetCore.Mvc.Infrastructure.ResourceInvoker.<InvokeFilterPipelineAsync>g__Awaited|20_0(ResourceInvoker invoker, Task lastTask, State next, Scope scope, Object state, Boolean isCompleted)
   at Microsoft.AspNetCore.Mvc.Infrastructure.ResourceInvoker.<InvokeAsync>g__Awaited|17_0(ResourceInvoker invoker, Task task, IDisposable scope)
   at Microsoft.AspNetCore.Mvc.Infrastructure.ResourceInvoker.<InvokeAsync>g__Awaited|17_0(ResourceInvoker invoker, Task task, IDisposable scope)
   at Microsoft.AspNetCore.Authorization.AuthorizationMiddleware.Invoke(HttpContext context)
   at Microsoft.AspNetCore.Authentication.AuthenticationMiddleware.Invoke(HttpContext context)
   at Billing.Infrastructure.Middleware.TenantContextMiddleware.InvokeAsync(HttpContext context, ITenantContext tenantContext) in d:\Projects\ERP\NewShop\src\Billing.Infrastructure\Middleware\TenantContextMiddleware.cs:line 57
   at Billing.Infrastructure.Middleware.GlobalExceptionMiddleware.InvokeAsync(HttpContext context) in d:\Projects\ERP\NewShop\src\Billing.Infrastructure\Middleware\GlobalExceptionMiddleware.cs:line 31
2026-07-24 10:37:49.767 +05:30 [ERR] HTTP GET /api/products responded 500 in 2.5713 ms
2026-07-24 10:37:50.785 +05:30 [INF] Handling GetProductsQuery
2026-07-24 10:37:50.785 +05:30 [ERR] Failed handling GetProductsQuery after 0ms
System.InvalidOperationException: Nullable object must have a value.
   at System.Nullable`1.get_Value()
   at Billing.Application.Handlers.Products.GetProductsHandler.Handle(GetProductsQuery request, CancellationToken cancellationToken) in d:\Projects\ERP\NewShop\src\Billing.Application\Handlers\Products\ProductQueryHandlers.cs:line 63
   at Billing.Application.Behaviors.LoggingBehavior`2.Handle(TRequest request, RequestHandlerDelegate`1 next, CancellationToken cancellationToken) in d:\Projects\ERP\NewShop\src\Billing.Application\Behaviors\PipelineBehaviors.cs:line 53
   at Billing.Application.Behaviors.ValidationBehavior`2.Handle(TRequest request, RequestHandlerDelegate`1 next, CancellationToken cancellationToken) in d:\Projects\ERP\NewShop\src\Billing.Application\Behaviors\PipelineBehaviors.cs:line 20
   at System.Runtime.CompilerServices.TaskAwaiter`1.GetResult()
2026-07-24 10:37:50.785 +05:30 [ERR] Unhandled exception. Path: /api/products. Message: Nullable object must have a value.
System.InvalidOperationException: Nullable object must have a value.
   at System.Nullable`1.get_Value()
   at Billing.Application.Handlers.Products.GetProductsHandler.Handle(GetProductsQuery request, CancellationToken cancellationToken) in d:\Projects\ERP\NewShop\src\Billing.Application\Handlers\Products\ProductQueryHandlers.cs:line 63
   at Billing.Application.Behaviors.LoggingBehavior`2.Handle(TRequest request, RequestHandlerDelegate`1 next, CancellationToken cancellationToken) in d:\Projects\ERP\NewShop\src\Billing.Application\Behaviors\PipelineBehaviors.cs:line 53
   at Billing.Application.Behaviors.ValidationBehavior`2.Handle(TRequest request, RequestHandlerDelegate`1 next, CancellationToken cancellationToken) in d:\Projects\ERP\NewShop\src\Billing.Application\Behaviors\PipelineBehaviors.cs:line 20
   at Billing.API.Controllers.ProductsController.GetProducts(Int32 page, Int32 pageSize, String search, String orderBy, Boolean ascending, CancellationToken cancellationToken) in d:\Projects\ERP\NewShop\src\Billing.API\Controllers\ProductsController.cs:line 30
   at Microsoft.AspNetCore.Mvc.Infrastructure.ActionMethodExecutor.TaskOfIActionResultExecutor.Execute(ActionContext actionContext, IActionResultTypeMapper mapper, ObjectMethodExecutor executor, Object controller, Object[] arguments)
   at Microsoft.AspNetCore.Mvc.Infrastructure.ControllerActionInvoker.<InvokeActionMethodAsync>g__Awaited|12_0(ControllerActionInvoker invoker, ValueTask`1 actionResultValueTask)
   at Microsoft.AspNetCore.Mvc.Infrastructure.ControllerActionInvoker.<InvokeNextActionFilterAsync>g__Awaited|10_0(ControllerActionInvoker invoker, Task lastTask, State next, Scope scope, Object state, Boolean isCompleted)
   at Microsoft.AspNetCore.Mvc.Infrastructure.ControllerActionInvoker.Rethrow(ActionExecutedContextSealed context)
   at Microsoft.AspNetCore.Mvc.Infrastructure.ControllerActionInvoker.Next(State& next, Scope& scope, Object& state, Boolean& isCompleted)
   at Microsoft.AspNetCore.Mvc.Infrastructure.ControllerActionInvoker.InvokeInnerFilterAsync()
--- End of stack trace from previous location ---
   at Microsoft.AspNetCore.Mvc.Infrastructure.ResourceInvoker.<InvokeFilterPipelineAsync>g__Awaited|20_0(ResourceInvoker invoker, Task lastTask, State next, Scope scope, Object state, Boolean isCompleted)
   at Microsoft.AspNetCore.Mvc.Infrastructure.ResourceInvoker.<InvokeAsync>g__Awaited|17_0(ResourceInvoker invoker, Task task, IDisposable scope)
   at Microsoft.AspNetCore.Mvc.Infrastructure.ResourceInvoker.<InvokeAsync>g__Awaited|17_0(ResourceInvoker invoker, Task task, IDisposable scope)
   at Microsoft.AspNetCore.Authorization.AuthorizationMiddleware.Invoke(HttpContext context)
   at Microsoft.AspNetCore.Authentication.AuthenticationMiddleware.Invoke(HttpContext context)
   at Billing.Infrastructure.Middleware.TenantContextMiddleware.InvokeAsync(HttpContext context, ITenantContext tenantContext) in d:\Projects\ERP\NewShop\src\Billing.Infrastructure\Middleware\TenantContextMiddleware.cs:line 57
   at Billing.Infrastructure.Middleware.GlobalExceptionMiddleware.InvokeAsync(HttpContext context) in d:\Projects\ERP\NewShop\src\Billing.Infrastructure\Middleware\GlobalExceptionMiddleware.cs:line 31
2026-07-24 10:37:50.786 +05:30 [ERR] HTTP GET /api/products responded 500 in 2.4166 ms
2026-07-24 10:37:52.882 +05:30 [ERR] Unhandled exception. Path: /api/customers. Message: The AuthorizationPolicy named: 'CustomersView' was not found.
System.InvalidOperationException: The AuthorizationPolicy named: 'CustomersView' was not found.
   at Microsoft.AspNetCore.Authorization.AuthorizationPolicy.CombineAsync(IAuthorizationPolicyProvider policyProvider, IEnumerable`1 authorizeData, IEnumerable`1 policies)
   at Microsoft.AspNetCore.Authorization.AuthorizationMiddleware.Invoke(HttpContext context)
   at Microsoft.AspNetCore.Authentication.AuthenticationMiddleware.Invoke(HttpContext context)
   at Billing.Infrastructure.Middleware.TenantContextMiddleware.InvokeAsync(HttpContext context, ITenantContext tenantContext) in d:\Projects\ERP\NewShop\src\Billing.Infrastructure\Middleware\TenantContextMiddleware.cs:line 57
   at Billing.Infrastructure.Middleware.GlobalExceptionMiddleware.InvokeAsync(HttpContext context) in d:\Projects\ERP\NewShop\src\Billing.Infrastructure\Middleware\GlobalExceptionMiddleware.cs:line 31
2026-07-24 10:37:52.882 +05:30 [ERR] HTTP GET /api/customers responded 500 in 0.8238 ms
2026-07-24 10:37:53.911 +05:30 [ERR] Unhandled exception. Path: /api/customers. Message: The AuthorizationPolicy named: 'CustomersView' was not found.
System.InvalidOperationException: The AuthorizationPolicy named: 'CustomersView' was not found.
   at Microsoft.AspNetCore.Authorization.AuthorizationPolicy.CombineAsync(IAuthorizationPolicyProvider policyProvider, IEnumerable`1 authorizeData, IEnumerable`1 policies)
   at Microsoft.AspNetCore.Authorization.AuthorizationMiddleware.Invoke(HttpContext context)
   at Microsoft.AspNetCore.Authentication.AuthenticationMiddleware.Invoke(HttpContext context)
   at Billing.Infrastructure.Middleware.TenantContextMiddleware.InvokeAsync(HttpContext context, ITenantContext tenantContext) in d:\Projects\ERP\NewShop\src\Billing.Infrastructure\Middleware\TenantContextMiddleware.cs:line 57
   at Billing.Infrastructure.Middleware.GlobalExceptionMiddleware.InvokeAsync(HttpContext context) in d:\Projects\ERP\NewShop\src\Billing.Infrastructure\Middleware\GlobalExceptionMiddleware.cs:line 31
2026-07-24 10:37:53.911 +05:30 [ERR] HTTP GET /api/customers responded 500 in 0.9891 ms
2026-07-24 10:37:54.659 +05:30 [ERR] Unhandled exception. Path: /api/customers. Message: The AuthorizationPolicy named: 'CustomersView' was not found.
System.InvalidOperationException: The AuthorizationPolicy named: 'CustomersView' was not found.
   at Microsoft.AspNetCore.Authorization.AuthorizationPolicy.CombineAsync(IAuthorizationPolicyProvider policyProvider, IEnumerable`1 authorizeData, IEnumerable`1 policies)
   at Microsoft.AspNetCore.Authorization.AuthorizationMiddleware.Invoke(HttpContext context)
   at Microsoft.AspNetCore.Authentication.AuthenticationMiddleware.Invoke(HttpContext context)
   at Billing.Infrastructure.Middleware.TenantContextMiddleware.InvokeAsync(HttpContext context, ITenantContext tenantContext) in d:\Projects\ERP\NewShop\src\Billing.Infrastructure\Middleware\TenantContextMiddleware.cs:line 57
   at Billing.Infrastructure.Middleware.GlobalExceptionMiddleware.InvokeAsync(HttpContext context) in d:\Projects\ERP\NewShop\src\Billing.Infrastructure\Middleware\GlobalExceptionMiddleware.cs:line 31
2026-07-24 10:37:54.660 +05:30 [ERR] HTTP GET /api/customers responded 500 in 0.8248 ms
2026-07-24 10:37:55.677 +05:30 [ERR] Unhandled exception. Path: /api/customers. Message: The AuthorizationPolicy named: 'CustomersView' was not found.
System.InvalidOperationException: The AuthorizationPolicy named: 'CustomersView' was not found.
   at Microsoft.AspNetCore.Authorization.AuthorizationPolicy.CombineAsync(IAuthorizationPolicyProvider policyProvider, IEnumerable`1 authorizeData, IEnumerable`1 policies)
   at Microsoft.AspNetCore.Authorization.AuthorizationMiddleware.Invoke(HttpContext context)
   at Microsoft.AspNetCore.Authentication.AuthenticationMiddleware.Invoke(HttpContext context)
   at Billing.Infrastructure.Middleware.TenantContextMiddleware.InvokeAsync(HttpContext context, ITenantContext tenantContext) in d:\Projects\ERP\NewShop\src\Billing.Infrastructure\Middleware\TenantContextMiddleware.cs:line 57
   at Billing.Infrastructure.Middleware.GlobalExceptionMiddleware.InvokeAsync(HttpContext context) in d:\Projects\ERP\NewShop\src\Billing.Infrastructure\Middleware\GlobalExceptionMiddleware.cs:line 31
2026-07-24 10:37:55.677 +05:30 [ERR] HTTP GET /api/customers responded 500 in 0.9071 ms
2026-07-24 10:37:59.094 +05:30 [INF] Handling GetProductsQuery
2026-07-24 10:37:59.095 +05:30 [ERR] Failed handling GetProductsQuery after 0ms
System.InvalidOperationException: Nullable object must have a value.
   at System.Nullable`1.get_Value()
   at Billing.Application.Handlers.Products.GetProductsHandler.Handle(GetProductsQuery request, CancellationToken cancellationToken) in d:\Projects\ERP\NewShop\src\Billing.Application\Handlers\Products\ProductQueryHandlers.cs:line 63
   at Billing.Application.Behaviors.LoggingBehavior`2.Handle(TRequest request, RequestHandlerDelegate`1 next, CancellationToken cancellationToken) in d:\Projects\ERP\NewShop\src\Billing.Application\Behaviors\PipelineBehaviors.cs:line 53
2026-07-24 10:37:59.095 +05:30 [ERR] Unhandled exception. Path: /api/products. Message: Nullable object must have a value.
System.InvalidOperationException: Nullable object must have a value.
   at System.Nullable`1.get_Value()
   at Billing.Application.Handlers.Products.GetProductsHandler.Handle(GetProductsQuery request, CancellationToken cancellationToken) in d:\Projects\ERP\NewShop\src\Billing.Application\Handlers\Products\ProductQueryHandlers.cs:line 63
   at Billing.Application.Behaviors.LoggingBehavior`2.Handle(TRequest request, RequestHandlerDelegate`1 next, CancellationToken cancellationToken) in d:\Projects\ERP\NewShop\src\Billing.Application\Behaviors\PipelineBehaviors.cs:line 53
   at Billing.Application.Behaviors.ValidationBehavior`2.Handle(TRequest request, RequestHandlerDelegate`1 next, CancellationToken cancellationToken) in d:\Projects\ERP\NewShop\src\Billing.Application\Behaviors\PipelineBehaviors.cs:line 20
   at Billing.API.Controllers.ProductsController.GetProducts(Int32 page, Int32 pageSize, String search, String orderBy, Boolean ascending, CancellationToken cancellationToken) in d:\Projects\ERP\NewShop\src\Billing.API\Controllers\ProductsController.cs:line 30
   at Microsoft.AspNetCore.Mvc.Infrastructure.ActionMethodExecutor.TaskOfIActionResultExecutor.Execute(ActionContext actionContext, IActionResultTypeMapper mapper, ObjectMethodExecutor executor, Object controller, Object[] arguments)
   at Microsoft.AspNetCore.Mvc.Infrastructure.ControllerActionInvoker.<InvokeActionMethodAsync>g__Awaited|12_0(ControllerActionInvoker invoker, ValueTask`1 actionResultValueTask)
   at Microsoft.AspNetCore.Mvc.Infrastructure.ControllerActionInvoker.<InvokeNextActionFilterAsync>g__Awaited|10_0(ControllerActionInvoker invoker, Task lastTask, State next, Scope scope, Object state, Boolean isCompleted)
   at Microsoft.AspNetCore.Mvc.Infrastructure.ControllerActionInvoker.Rethrow(ActionExecutedContextSealed context)
   at Microsoft.AspNetCore.Mvc.Infrastructure.ControllerActionInvoker.Next(State& next, Scope& scope, Object& state, Boolean& isCompleted)
   at Microsoft.AspNetCore.Mvc.Infrastructure.ControllerActionInvoker.InvokeInnerFilterAsync()
--- End of stack trace from previous location ---
   at Microsoft.AspNetCore.Mvc.Infrastructure.ResourceInvoker.<InvokeFilterPipelineAsync>g__Awaited|20_0(ResourceInvoker invoker, Task lastTask, State next, Scope scope, Object state, Boolean isCompleted)
   at Microsoft.AspNetCore.Mvc.Infrastructure.ResourceInvoker.<InvokeAsync>g__Awaited|17_0(ResourceInvoker invoker, Task task, IDisposable scope)
   at Microsoft.AspNetCore.Mvc.Infrastructure.ResourceInvoker.<InvokeAsync>g__Awaited|17_0(ResourceInvoker invoker, Task task, IDisposable scope)
   at Microsoft.AspNetCore.Authorization.AuthorizationMiddleware.Invoke(HttpContext context)
   at Microsoft.AspNetCore.Authentication.AuthenticationMiddleware.Invoke(HttpContext context)
   at Billing.Infrastructure.Middleware.TenantContextMiddleware.InvokeAsync(HttpContext context, ITenantContext tenantContext) in d:\Projects\ERP\NewShop\src\Billing.Infrastructure\Middleware\TenantContextMiddleware.cs:line 57
   at Billing.Infrastructure.Middleware.GlobalExceptionMiddleware.InvokeAsync(HttpContext context) in d:\Projects\ERP\NewShop\src\Billing.Infrastructure\Middleware\GlobalExceptionMiddleware.cs:line 31
2026-07-24 10:37:59.096 +05:30 [ERR] HTTP GET /api/products responded 500 in 2.1819 ms
2026-07-24 10:38:00.122 +05:30 [INF] Handling GetProductsQuery
2026-07-24 10:38:00.122 +05:30 [ERR] Failed handling GetProductsQuery after 0ms
System.InvalidOperationException: Nullable object must have a value.
   at System.Nullable`1.get_Value()
   at Billing.Application.Handlers.Products.GetProductsHandler.Handle(GetProductsQuery request, CancellationToken cancellationToken) in d:\Projects\ERP\NewShop\src\Billing.Application\Handlers\Products\ProductQueryHandlers.cs:line 63
   at Billing.Application.Behaviors.LoggingBehavior`2.Handle(TRequest request, RequestHandlerDelegate`1 next, CancellationToken cancellationToken) in d:\Projects\ERP\NewShop\src\Billing.Application\Behaviors\PipelineBehaviors.cs:line 53
   at Billing.Application.Behaviors.ValidationBehavior`2.Handle(TRequest request, RequestHandlerDelegate`1 next, CancellationToken cancellationToken) in d:\Projects\ERP\NewShop\src\Billing.Application\Behaviors\PipelineBehaviors.cs:line 20
   at Billing.API.Controllers.ProductsController.GetProducts(Int32 page, Int32 pageSize, String search, String orderBy, Boolean ascending, CancellationToken cancellationToken) in d:\Projects\ERP\NewShop\src\Billing.API\Controllers\ProductsController.cs:line 30
   at Microsoft.AspNetCore.Mvc.Infrastructure.ActionMethodExecutor.TaskOfIActionResultExecutor.Execute(ActionContext actionContext, IActionResultTypeMapper mapper, ObjectMethodExecutor executor, Object controller, Object[] arguments)
   at Microsoft.AspNetCore.Mvc.Infrastructure.ControllerActionInvoker.<InvokeActionMethodAsync>g__Awaited|12_0(ControllerActionInvoker invoker, ValueTask`1 actionResultValueTask)
   at Microsoft.AspNetCore.Mvc.Infrastructure.ControllerActionInvoker.<InvokeNextActionFilterAsync>g__Awaited|10_0(ControllerActionInvoker invoker, Task lastTask, State next, Scope scope, Object state, Boolean isCompleted)
   at Microsoft.AspNetCore.Mvc.Infrastructure.ControllerActionInvoker.Rethrow(ActionExecutedContextSealed context)
   at Microsoft.AspNetCore.Mvc.Infrastructure.ControllerActionInvoker.Next(State& next, Scope& scope, Object& state, Boolean& isCompleted)
   at Microsoft.AspNetCore.Mvc.Infrastructure.ControllerActionInvoker.InvokeInnerFilterAsync()
--- End of stack trace from previous location ---
   at Microsoft.AspNetCore.Mvc.Infrastructure.ResourceInvoker.<InvokeFilterPipelineAsync>g__Awaited|20_0(ResourceInvoker invoker, Task lastTask, State next, Scope scope, Object state, Boolean isCompleted)
2026-07-24 10:38:00.123 +05:30 [ERR] Unhandled exception. Path: /api/products. Message: Nullable object must have a value.
System.InvalidOperationException: Nullable object must have a value.
   at System.Nullable`1.get_Value()
   at Billing.Application.Handlers.Products.GetProductsHandler.Handle(GetProductsQuery request, CancellationToken cancellationToken) in d:\Projects\ERP\NewShop\src\Billing.Application\Handlers\Products\ProductQueryHandlers.cs:line 63
   at Billing.Application.Behaviors.LoggingBehavior`2.Handle(TRequest request, RequestHandlerDelegate`1 next, CancellationToken cancellationToken) in d:\Projects\ERP\NewShop\src\Billing.Application\Behaviors\PipelineBehaviors.cs:line 53
   at Billing.Application.Behaviors.ValidationBehavior`2.Handle(TRequest request, RequestHandlerDelegate`1 next, CancellationToken cancellationToken) in d:\Projects\ERP\NewShop\src\Billing.Application\Behaviors\PipelineBehaviors.cs:line 20
   at Billing.API.Controllers.ProductsController.GetProducts(Int32 page, Int32 pageSize, String search, String orderBy, Boolean ascending, CancellationToken cancellationToken) in d:\Projects\ERP\NewShop\src\Billing.API\Controllers\ProductsController.cs:line 30
   at Microsoft.AspNetCore.Mvc.Infrastructure.ActionMethodExecutor.TaskOfIActionResultExecutor.Execute(ActionContext actionContext, IActionResultTypeMapper mapper, ObjectMethodExecutor executor, Object controller, Object[] arguments)
   at Microsoft.AspNetCore.Mvc.Infrastructure.ControllerActionInvoker.<InvokeActionMethodAsync>g__Awaited|12_0(ControllerActionInvoker invoker, ValueTask`1 actionResultValueTask)
   at Microsoft.AspNetCore.Mvc.Infrastructure.ControllerActionInvoker.<InvokeNextActionFilterAsync>g__Awaited|10_0(ControllerActionInvoker invoker, Task lastTask, State next, Scope scope, Object state, Boolean isCompleted)
   at Microsoft.AspNetCore.Mvc.Infrastructure.ControllerActionInvoker.Rethrow(ActionExecutedContextSealed context)
   at Microsoft.AspNetCore.Mvc.Infrastructure.ControllerActionInvoker.Next(State& next, Scope& scope, Object& state, Boolean& isCompleted)
   at Microsoft.AspNetCore.Mvc.Infrastructure.ControllerActionInvoker.InvokeInnerFilterAsync()
--- End of stack trace from previous location ---
   at Microsoft.AspNetCore.Mvc.Infrastructure.ResourceInvoker.<InvokeFilterPipelineAsync>g__Awaited|20_0(ResourceInvoker invoker, Task lastTask, State next, Scope scope, Object state, Boolean isCompleted)
   at Microsoft.AspNetCore.Mvc.Infrastructure.ResourceInvoker.<InvokeAsync>g__Awaited|17_0(ResourceInvoker invoker, Task task, IDisposable scope)
   at Microsoft.AspNetCore.Mvc.Infrastructure.ResourceInvoker.<InvokeAsync>g__Awaited|17_0(ResourceInvoker invoker, Task task, IDisposable scope)
   at Microsoft.AspNetCore.Authorization.AuthorizationMiddleware.Invoke(HttpContext context)
   at Microsoft.AspNetCore.Authentication.AuthenticationMiddleware.Invoke(HttpContext context)
   at Billing.Infrastructure.Middleware.TenantContextMiddleware.InvokeAsync(HttpContext context, ITenantContext tenantContext) in d:\Projects\ERP\NewShop\src\Billing.Infrastructure\Middleware\TenantContextMiddleware.cs:line 57
   at Billing.Infrastructure.Middleware.GlobalExceptionMiddleware.InvokeAsync(HttpContext context) in d:\Projects\ERP\NewShop\src\Billing.Infrastructure\Middleware\GlobalExceptionMiddleware.cs:line 31
2026-07-24 10:38:00.124 +05:30 [ERR] HTTP GET /api/products responded 500 in 2.4555 ms
2026-07-24 10:38:52.932 +05:30 [INF] Handling GetProductsQuery
2026-07-24 10:38:52.932 +05:30 [ERR] Failed handling GetProductsQuery after 0ms
System.InvalidOperationException: Nullable object must have a value.
   at System.Nullable`1.get_Value()
   at Billing.Application.Handlers.Products.GetProductsHandler.Handle(GetProductsQuery request, CancellationToken cancellationToken) in d:\Projects\ERP\NewShop\src\Billing.Application\Handlers\Products\ProductQueryHandlers.cs:line 63
   at Billing.Application.Behaviors.LoggingBehavior`2.Handle(TRequest request, RequestHandlerDelegate`1 next, CancellationToken cancellationToken) in d:\Projects\ERP\NewShop\src\Billing.Application\Behaviors\PipelineBehaviors.cs:line 53
   at Billing.Application.Behaviors.ValidationBehavior`2.Handle(TRequest request, RequestHandlerDelegate`1 next, CancellationToken cancellationToken) in d:\Projects\ERP\NewShop\src\Billing.Application\Behaviors\PipelineBehaviors.cs:line 20
   at Billing.API.Controllers.ProductsController.GetProducts(Int32 page, Int32 pageSize, String search, String orderBy, Boolean ascending, CancellationToken cancellationToken) in d:\Projects\ERP\NewShop\src\Billing.API\Controllers\ProductsController.cs:line 30
   at Microsoft.AspNetCore.Mvc.Infrastructure.ActionMethodExecutor.TaskOfIActionResultExecutor.Execute(ActionContext actionContext, IActionResultTypeMapper mapper, ObjectMethodExecutor executor, Object controller, Object[] arguments)
2026-07-24 10:38:52.933 +05:30 [ERR] Unhandled exception. Path: /api/products. Message: Nullable object must have a value.
System.InvalidOperationException: Nullable object must have a value.
   at System.Nullable`1.get_Value()
   at Billing.Application.Handlers.Products.GetProductsHandler.Handle(GetProductsQuery request, CancellationToken cancellationToken) in d:\Projects\ERP\NewShop\src\Billing.Application\Handlers\Products\ProductQueryHandlers.cs:line 63
   at Billing.Application.Behaviors.LoggingBehavior`2.Handle(TRequest request, RequestHandlerDelegate`1 next, CancellationToken cancellationToken) in d:\Projects\ERP\NewShop\src\Billing.Application\Behaviors\PipelineBehaviors.cs:line 53
   at Billing.Application.Behaviors.ValidationBehavior`2.Handle(TRequest request, RequestHandlerDelegate`1 next, CancellationToken cancellationToken) in d:\Projects\ERP\NewShop\src\Billing.Application\Behaviors\PipelineBehaviors.cs:line 20
   at Billing.API.Controllers.ProductsController.GetProducts(Int32 page, Int32 pageSize, String search, String orderBy, Boolean ascending, CancellationToken cancellationToken) in d:\Projects\ERP\NewShop\src\Billing.API\Controllers\ProductsController.cs:line 30
   at Microsoft.AspNetCore.Mvc.Infrastructure.ActionMethodExecutor.TaskOfIActionResultExecutor.Execute(ActionContext actionContext, IActionResultTypeMapper mapper, ObjectMethodExecutor executor, Object controller, Object[] arguments)
   at Microsoft.AspNetCore.Mvc.Infrastructure.ControllerActionInvoker.<InvokeActionMethodAsync>g__Awaited|12_0(ControllerActionInvoker invoker, ValueTask`1 actionResultValueTask)
   at Microsoft.AspNetCore.Mvc.Infrastructure.ControllerActionInvoker.<InvokeNextActionFilterAsync>g__Awaited|10_0(ControllerActionInvoker invoker, Task lastTask, State next, Scope scope, Object state, Boolean isCompleted)
   at Microsoft.AspNetCore.Mvc.Infrastructure.ControllerActionInvoker.Rethrow(ActionExecutedContextSealed context)
   at Microsoft.AspNetCore.Mvc.Infrastructure.ControllerActionInvoker.Next(State& next, Scope& scope, Object& state, Boolean& isCompleted)
   at Microsoft.AspNetCore.Mvc.Infrastructure.ControllerActionInvoker.InvokeInnerFilterAsync()
--- End of stack trace from previous location ---
   at Microsoft.AspNetCore.Mvc.Infrastructure.ResourceInvoker.<InvokeFilterPipelineAsync>g__Awaited|20_0(ResourceInvoker invoker, Task lastTask, State next, Scope scope, Object state, Boolean isCompleted)
   at Microsoft.AspNetCore.Mvc.Infrastructure.ResourceInvoker.<InvokeAsync>g__Awaited|17_0(ResourceInvoker invoker, Task task, IDisposable scope)
   at Microsoft.AspNetCore.Mvc.Infrastructure.ResourceInvoker.<InvokeAsync>g__Awaited|17_0(ResourceInvoker invoker, Task task, IDisposable scope)
   at Microsoft.AspNetCore.Authorization.AuthorizationMiddleware.Invoke(HttpContext context)
   at Microsoft.AspNetCore.Authentication.AuthenticationMiddleware.Invoke(HttpContext context)
   at Billing.Infrastructure.Middleware.TenantContextMiddleware.InvokeAsync(HttpContext context, ITenantContext tenantContext) in d:\Projects\ERP\NewShop\src\Billing.Infrastructure\Middleware\TenantContextMiddleware.cs:line 57
   at Billing.Infrastructure.Middleware.GlobalExceptionMiddleware.InvokeAsync(HttpContext context) in d:\Projects\ERP\NewShop\src\Billing.Infrastructure\Middleware\GlobalExceptionMiddleware.cs:line 31
2026-07-24 10:38:52.933 +05:30 [ERR] HTTP GET /api/products responded 500 in 2.8991 ms
2026-07-24 10:38:53.954 +05:30 [INF] Handling GetProductsQuery
2026-07-24 10:38:53.954 +05:30 [ERR] Failed handling GetProductsQuery after 0ms
System.InvalidOperationException: Nullable object must have a value.
   at System.Nullable`1.get_Value()
   at Billing.Application.Handlers.Products.GetProductsHandler.Handle(GetProductsQuery request, CancellationToken cancellationToken) in d:\Projects\ERP\NewShop\src\Billing.Application\Handlers\Products\ProductQueryHandlers.cs:line 63
   at Billing.Application.Behaviors.LoggingBehavior`2.Handle(TRequest request, RequestHandlerDelegate`1 next, CancellationToken cancellationToken) in d:\Projects\ERP\NewShop\src\Billing.Application\Behaviors\PipelineBehaviors.cs:line 53
   at Billing.Application.Behaviors.ValidationBehavior`2.Handle(TRequest request, RequestHandlerDelegate`1 next, CancellationToken cancellationToken) in d:\Projects\ERP\NewShop\src\Billing.Application\Behaviors\PipelineBehaviors.cs:line 20
   at Billing.API.Controllers.ProductsController.GetProducts(Int32 page, Int32 pageSize, String search, String orderBy, Boolean ascending, CancellationToken cancellationToken) in d:\Projects\ERP\NewShop\src\Billing.API\Controllers\ProductsController.cs:line 30
   at Microsoft.AspNetCore.Mvc.Infrastructure.ActionMethodExecutor.TaskOfIActionResultExecutor.Execute(ActionContext actionContext, IActionResultTypeMapper mapper, ObjectMethodExecutor executor, Object controller, Object[] arguments)
   at Microsoft.AspNetCore.Mvc.Infrastructure.ControllerActionInvoker.<InvokeActionMethodAsync>g__Awaited|12_0(ControllerActionInvoker invoker, ValueTask`1 actionResultValueTask)
   at Microsoft.AspNetCore.Mvc.Infrastructure.ControllerActionInvoker.<InvokeNextActionFilterAsync>g__Awaited|10_0(ControllerActionInvoker invoker, Task lastTask, State next, Scope scope, Object state, Boolean isCompleted)
   at Microsoft.AspNetCore.Mvc.Infrastructure.ControllerActionInvoker.Rethrow(ActionExecutedContextSealed context)
   at Microsoft.AspNetCore.Mvc.Infrastructure.ControllerActionInvoker.Next(State& next, Scope& scope, Object& state, Boolean& isCompleted)
   at Microsoft.AspNetCore.Mvc.Infrastructure.ControllerActionInvoker.InvokeInnerFilterAsync()
--- End of stack trace from previous location ---
   at Microsoft.AspNetCore.Mvc.Infrastructure.ResourceInvoker.<InvokeFilterPipelineAsync>g__Awaited|20_0(ResourceInvoker invoker, Task lastTask, State next, Scope scope, Object state, Boolean isCompleted)
   at Microsoft.AspNetCore.Mvc.Infrastructure.ResourceInvoker.<InvokeAsync>g__Awaited|17_0(ResourceInvoker invoker, Task task, IDisposable scope)
2026-07-24 10:38:53.955 +05:30 [ERR] Unhandled exception. Path: /api/products. Message: Nullable object must have a value.
System.InvalidOperationException: Nullable object must have a value.
   at System.Nullable`1.get_Value()
   at Billing.Application.Handlers.Products.GetProductsHandler.Handle(GetProductsQuery request, CancellationToken cancellationToken) in d:\Projects\ERP\NewShop\src\Billing.Application\Handlers\Products\ProductQueryHandlers.cs:line 63
   at Billing.Application.Behaviors.LoggingBehavior`2.Handle(TRequest request, RequestHandlerDelegate`1 next, CancellationToken cancellationToken) in d:\Projects\ERP\NewShop\src\Billing.Application\Behaviors\PipelineBehaviors.cs:line 53
   at Billing.Application.Behaviors.ValidationBehavior`2.Handle(TRequest request, RequestHandlerDelegate`1 next, CancellationToken cancellationToken) in d:\Projects\ERP\NewShop\src\Billing.Application\Behaviors\PipelineBehaviors.cs:line 20
   at Billing.API.Controllers.ProductsController.GetProducts(Int32 page, Int32 pageSize, String search, String orderBy, Boolean ascending, CancellationToken cancellationToken) in d:\Projects\ERP\NewShop\src\Billing.API\Controllers\ProductsController.cs:line 30
   at Microsoft.AspNetCore.Mvc.Infrastructure.ActionMethodExecutor.TaskOfIActionResultExecutor.Execute(ActionContext actionContext, IActionResultTypeMapper mapper, ObjectMethodExecutor executor, Object controller, Object[] arguments)
   at Microsoft.AspNetCore.Mvc.Infrastructure.ControllerActionInvoker.<InvokeActionMethodAsync>g__Awaited|12_0(ControllerActionInvoker invoker, ValueTask`1 actionResultValueTask)
   at Microsoft.AspNetCore.Mvc.Infrastructure.ControllerActionInvoker.<InvokeNextActionFilterAsync>g__Awaited|10_0(ControllerActionInvoker invoker, Task lastTask, State next, Scope scope, Object state, Boolean isCompleted)
   at Microsoft.AspNetCore.Mvc.Infrastructure.ControllerActionInvoker.Rethrow(ActionExecutedContextSealed context)
   at Microsoft.AspNetCore.Mvc.Infrastructure.ControllerActionInvoker.Next(State& next, Scope& scope, Object& state, Boolean& isCompleted)
   at Microsoft.AspNetCore.Mvc.Infrastructure.ControllerActionInvoker.InvokeInnerFilterAsync()
--- End of stack trace from previous location ---
   at Microsoft.AspNetCore.Mvc.Infrastructure.ResourceInvoker.<InvokeFilterPipelineAsync>g__Awaited|20_0(ResourceInvoker invoker, Task lastTask, State next, Scope scope, Object state, Boolean isCompleted)
   at Microsoft.AspNetCore.Mvc.Infrastructure.ResourceInvoker.<InvokeAsync>g__Awaited|17_0(ResourceInvoker invoker, Task task, IDisposable scope)
   at Microsoft.AspNetCore.Mvc.Infrastructure.ResourceInvoker.<InvokeAsync>g__Awaited|17_0(ResourceInvoker invoker, Task task, IDisposable scope)
   at Microsoft.AspNetCore.Authorization.AuthorizationMiddleware.Invoke(HttpContext context)
   at Microsoft.AspNetCore.Authentication.AuthenticationMiddleware.Invoke(HttpContext context)
   at Billing.Infrastructure.Middleware.TenantContextMiddleware.InvokeAsync(HttpContext context, ITenantContext tenantContext) in d:\Projects\ERP\NewShop\src\Billing.Infrastructure\Middleware\TenantContextMiddleware.cs:line 57
   at Billing.Infrastructure.Middleware.GlobalExceptionMiddleware.InvokeAsync(HttpContext context) in d:\Projects\ERP\NewShop\src\Billing.Infrastructure\Middleware\GlobalExceptionMiddleware.cs:line 31
2026-07-24 10:38:53.955 +05:30 [ERR] HTTP GET /api/products responded 500 in 2.8368 ms
2026-07-24 10:39:25.908 +05:30 [ERR] Unhandled exception. Path: /api/sales. Message: The AuthorizationPolicy named: 'SalesCreate' was not found.
System.InvalidOperationException: The AuthorizationPolicy named: 'SalesCreate' was not found.
   at Microsoft.AspNetCore.Authorization.AuthorizationPolicy.CombineAsync(IAuthorizationPolicyProvider policyProvider, IEnumerable`1 authorizeData, IEnumerable`1 policies)
   at Microsoft.AspNetCore.Authorization.AuthorizationMiddleware.Invoke(HttpContext context)
   at Microsoft.AspNetCore.Authentication.AuthenticationMiddleware.Invoke(HttpContext context)
   at Billing.Infrastructure.Middleware.TenantContextMiddleware.InvokeAsync(HttpContext context, ITenantContext tenantContext) in d:\Projects\ERP\NewShop\src\Billing.Infrastructure\Middleware\TenantContextMiddleware.cs:line 57
   at Billing.Infrastructure.Middleware.GlobalExceptionMiddleware.InvokeAsync(HttpContext context) in d:\Projects\ERP\NewShop\src\Billing.Infrastructure\Middleware\GlobalExceptionMiddleware.cs:line 31
2026-07-24 10:39:25.912 +05:30 [ERR] HTTP GET /api/sales responded 500 in 4.5745 ms
2026-07-24 10:39:26.926 +05:30 [ERR] Unhandled exception. Path: /api/sales. Message: The AuthorizationPolicy named: 'SalesCreate' was not found.
System.InvalidOperationException: The AuthorizationPolicy named: 'SalesCreate' was not found.
   at Microsoft.AspNetCore.Authorization.AuthorizationPolicy.CombineAsync(IAuthorizationPolicyProvider policyProvider, IEnumerable`1 authorizeData, IEnumerable`1 policies)
   at Microsoft.AspNetCore.Authorization.AuthorizationMiddleware.Invoke(HttpContext context)
   at Microsoft.AspNetCore.Authentication.AuthenticationMiddleware.Invoke(HttpContext context)
   at Billing.Infrastructure.Middleware.TenantContextMiddleware.InvokeAsync(HttpContext context, ITenantContext tenantContext) in d:\Projects\ERP\NewShop\src\Billing.Infrastructure\Middleware\TenantContextMiddleware.cs:line 57
   at Billing.Infrastructure.Middleware.GlobalExceptionMiddleware.InvokeAsync(HttpContext context) in d:\Projects\ERP\NewShop\src\Billing.Infrastructure\Middleware\GlobalExceptionMiddleware.cs:line 31
2026-07-24 10:39:26.927 +05:30 [ERR] HTTP GET /api/sales responded 500 in 1.7700 ms
2026-07-24 10:39:29.654 +05:30 [INF] Handling GetProductsQuery
2026-07-24 10:39:29.654 +05:30 [ERR] Failed handling GetProductsQuery after 0ms
System.InvalidOperationException: Nullable object must have a value.
   at System.Nullable`1.get_Value()
   at Billing.Application.Handlers.Products.GetProductsHandler.Handle(GetProductsQuery request, CancellationToken cancellationToken) in d:\Projects\ERP\NewShop\src\Billing.Application\Handlers\Products\ProductQueryHandlers.cs:line 63
   at Billing.Application.Behaviors.LoggingBehavior`2.Handle(TRequest request, RequestHandlerDelegate`1 next, CancellationToken cancellationToken) in d:\Projects\ERP\NewShop\src\Billing.Application\Behaviors\PipelineBehaviors.cs:line 53
2026-07-24 10:39:29.655 +05:30 [ERR] Unhandled exception. Path: /api/products. Message: Nullable object must have a value.
System.InvalidOperationException: Nullable object must have a value.
   at System.Nullable`1.get_Value()
   at Billing.Application.Handlers.Products.GetProductsHandler.Handle(GetProductsQuery request, CancellationToken cancellationToken) in d:\Projects\ERP\NewShop\src\Billing.Application\Handlers\Products\ProductQueryHandlers.cs:line 63
   at Billing.Application.Behaviors.LoggingBehavior`2.Handle(TRequest request, RequestHandlerDelegate`1 next, CancellationToken cancellationToken) in d:\Projects\ERP\NewShop\src\Billing.Application\Behaviors\PipelineBehaviors.cs:line 53
   at Billing.Application.Behaviors.ValidationBehavior`2.Handle(TRequest request, RequestHandlerDelegate`1 next, CancellationToken cancellationToken) in d:\Projects\ERP\NewShop\src\Billing.Application\Behaviors\PipelineBehaviors.cs:line 20
   at Billing.API.Controllers.ProductsController.GetProducts(Int32 page, Int32 pageSize, String search, String orderBy, Boolean ascending, CancellationToken cancellationToken) in d:\Projects\ERP\NewShop\src\Billing.API\Controllers\ProductsController.cs:line 30
   at Microsoft.AspNetCore.Mvc.Infrastructure.ActionMethodExecutor.TaskOfIActionResultExecutor.Execute(ActionContext actionContext, IActionResultTypeMapper mapper, ObjectMethodExecutor executor, Object controller, Object[] arguments)
   at Microsoft.AspNetCore.Mvc.Infrastructure.ControllerActionInvoker.<InvokeActionMethodAsync>g__Awaited|12_0(ControllerActionInvoker invoker, ValueTask`1 actionResultValueTask)
   at Microsoft.AspNetCore.Mvc.Infrastructure.ControllerActionInvoker.<InvokeNextActionFilterAsync>g__Awaited|10_0(ControllerActionInvoker invoker, Task lastTask, State next, Scope scope, Object state, Boolean isCompleted)
   at Microsoft.AspNetCore.Mvc.Infrastructure.ControllerActionInvoker.Rethrow(ActionExecutedContextSealed context)
   at Microsoft.AspNetCore.Mvc.Infrastructure.ControllerActionInvoker.Next(State& next, Scope& scope, Object& state, Boolean& isCompleted)
   at Microsoft.AspNetCore.Mvc.Infrastructure.ControllerActionInvoker.InvokeInnerFilterAsync()
--- End of stack trace from previous location ---
   at Microsoft.AspNetCore.Mvc.Infrastructure.ResourceInvoker.<InvokeFilterPipelineAsync>g__Awaited|20_0(ResourceInvoker invoker, Task lastTask, State next, Scope scope, Object state, Boolean isCompleted)
   at Microsoft.AspNetCore.Mvc.Infrastructure.ResourceInvoker.<InvokeAsync>g__Awaited|17_0(ResourceInvoker invoker, Task task, IDisposable scope)
   at Microsoft.AspNetCore.Mvc.Infrastructure.ResourceInvoker.<InvokeAsync>g__Awaited|17_0(ResourceInvoker invoker, Task task, IDisposable scope)
   at Microsoft.AspNetCore.Authorization.AuthorizationMiddleware.Invoke(HttpContext context)
   at Microsoft.AspNetCore.Authentication.AuthenticationMiddleware.Invoke(HttpContext context)
   at Billing.Infrastructure.Middleware.TenantContextMiddleware.InvokeAsync(HttpContext context, ITenantContext tenantContext) in d:\Projects\ERP\NewShop\src\Billing.Infrastructure\Middleware\TenantContextMiddleware.cs:line 57
   at Billing.Infrastructure.Middleware.GlobalExceptionMiddleware.InvokeAsync(HttpContext context) in d:\Projects\ERP\NewShop\src\Billing.Infrastructure\Middleware\GlobalExceptionMiddleware.cs:line 31
2026-07-24 10:39:29.660 +05:30 [ERR] HTTP GET /api/products responded 500 in 7.0348 ms
2026-07-24 10:39:30.685 +05:30 [INF] Handling GetProductsQuery
2026-07-24 10:39:30.686 +05:30 [ERR] Failed handling GetProductsQuery after 0ms
System.InvalidOperationException: Nullable object must have a value.
   at System.Nullable`1.get_Value()
   at Billing.Application.Handlers.Products.GetProductsHandler.Handle(GetProductsQuery request, CancellationToken cancellationToken) in d:\Projects\ERP\NewShop\src\Billing.Application\Handlers\Products\ProductQueryHandlers.cs:line 63
   at Billing.Application.Behaviors.LoggingBehavior`2.Handle(TRequest request, RequestHandlerDelegate`1 next, CancellationToken cancellationToken) in d:\Projects\ERP\NewShop\src\Billing.Application\Behaviors\PipelineBehaviors.cs:line 53
2026-07-24 10:39:30.686 +05:30 [ERR] Unhandled exception. Path: /api/products. Message: Nullable object must have a value.
System.InvalidOperationException: Nullable object must have a value.
   at System.Nullable`1.get_Value()
   at Billing.Application.Handlers.Products.GetProductsHandler.Handle(GetProductsQuery request, CancellationToken cancellationToken) in d:\Projects\ERP\NewShop\src\Billing.Application\Handlers\Products\ProductQueryHandlers.cs:line 63
   at Billing.Application.Behaviors.LoggingBehavior`2.Handle(TRequest request, RequestHandlerDelegate`1 next, CancellationToken cancellationToken) in d:\Projects\ERP\NewShop\src\Billing.Application\Behaviors\PipelineBehaviors.cs:line 53
   at Billing.Application.Behaviors.ValidationBehavior`2.Handle(TRequest request, RequestHandlerDelegate`1 next, CancellationToken cancellationToken) in d:\Projects\ERP\NewShop\src\Billing.Application\Behaviors\PipelineBehaviors.cs:line 20
   at Billing.API.Controllers.ProductsController.GetProducts(Int32 page, Int32 pageSize, String search, String orderBy, Boolean ascending, CancellationToken cancellationToken) in d:\Projects\ERP\NewShop\src\Billing.API\Controllers\ProductsController.cs:line 30
   at Microsoft.AspNetCore.Mvc.Infrastructure.ActionMethodExecutor.TaskOfIActionResultExecutor.Execute(ActionContext actionContext, IActionResultTypeMapper mapper, ObjectMethodExecutor executor, Object controller, Object[] arguments)
   at Microsoft.AspNetCore.Mvc.Infrastructure.ControllerActionInvoker.<InvokeActionMethodAsync>g__Awaited|12_0(ControllerActionInvoker invoker, ValueTask`1 actionResultValueTask)
   at Microsoft.AspNetCore.Mvc.Infrastructure.ControllerActionInvoker.<InvokeNextActionFilterAsync>g__Awaited|10_0(ControllerActionInvoker invoker, Task lastTask, State next, Scope scope, Object state, Boolean isCompleted)
   at Microsoft.AspNetCore.Mvc.Infrastructure.ControllerActionInvoker.Rethrow(ActionExecutedContextSealed context)
   at Microsoft.AspNetCore.Mvc.Infrastructure.ControllerActionInvoker.Next(State& next, Scope& scope, Object& state, Boolean& isCompleted)
   at Microsoft.AspNetCore.Mvc.Infrastructure.ControllerActionInvoker.InvokeInnerFilterAsync()
--- End of stack trace from previous location ---
   at Microsoft.AspNetCore.Mvc.Infrastructure.ResourceInvoker.<InvokeFilterPipelineAsync>g__Awaited|20_0(ResourceInvoker invoker, Task lastTask, State next, Scope scope, Object state, Boolean isCompleted)
   at Microsoft.AspNetCore.Mvc.Infrastructure.ResourceInvoker.<InvokeAsync>g__Awaited|17_0(ResourceInvoker invoker, Task task, IDisposable scope)
   at Microsoft.AspNetCore.Mvc.Infrastructure.ResourceInvoker.<InvokeAsync>g__Awaited|17_0(ResourceInvoker invoker, Task task, IDisposable scope)
   at Microsoft.AspNetCore.Authorization.AuthorizationMiddleware.Invoke(HttpContext context)
   at Microsoft.AspNetCore.Authentication.AuthenticationMiddleware.Invoke(HttpContext context)
   at Billing.Infrastructure.Middleware.TenantContextMiddleware.InvokeAsync(HttpContext context, ITenantContext tenantContext) in d:\Projects\ERP\NewShop\src\Billing.Infrastructure\Middleware\TenantContextMiddleware.cs:line 57
   at Billing.Infrastructure.Middleware.GlobalExceptionMiddleware.InvokeAsync(HttpContext context) in d:\Projects\ERP\NewShop\src\Billing.Infrastructure\Middleware\GlobalExceptionMiddleware.cs:line 31
2026-07-24 10:39:30.686 +05:30 [ERR] HTTP GET /api/products responded 500 in 1.9657 ms
2026-07-24 10:39:32.584 +05:30 [ERR] Unhandled exception. Path: /api/customers. Message: The AuthorizationPolicy named: 'CustomersView' was not found.
System.InvalidOperationException: The AuthorizationPolicy named: 'CustomersView' was not found.
   at Microsoft.AspNetCore.Authorization.AuthorizationPolicy.CombineAsync(IAuthorizationPolicyProvider policyProvider, IEnumerable`1 authorizeData, IEnumerable`1 policies)
   at Microsoft.AspNetCore.Authorization.AuthorizationMiddleware.Invoke(HttpContext context)
   at Microsoft.AspNetCore.Authentication.AuthenticationMiddleware.Invoke(HttpContext context)
   at Billing.Infrastructure.Middleware.TenantContextMiddleware.InvokeAsync(HttpContext context, ITenantContext tenantContext) in d:\Projects\ERP\NewShop\src\Billing.Infrastructure\Middleware\TenantContextMiddleware.cs:line 57
   at Billing.Infrastructure.Middleware.GlobalExceptionMiddleware.InvokeAsync(HttpContext context) in d:\Projects\ERP\NewShop\src\Billing.Infrastructure\Middleware\GlobalExceptionMiddleware.cs:line 31
2026-07-24 10:39:32.584 +05:30 [ERR] HTTP GET /api/customers responded 500 in 1.0312 ms
2026-07-24 10:39:33.611 +05:30 [ERR] Unhandled exception. Path: /api/customers. Message: The AuthorizationPolicy named: 'CustomersView' was not found.
System.InvalidOperationException: The AuthorizationPolicy named: 'CustomersView' was not found.
   at Microsoft.AspNetCore.Authorization.AuthorizationPolicy.CombineAsync(IAuthorizationPolicyProvider policyProvider, IEnumerable`1 authorizeData, IEnumerable`1 policies)
   at Microsoft.AspNetCore.Authorization.AuthorizationMiddleware.Invoke(HttpContext context)
   at Microsoft.AspNetCore.Authentication.AuthenticationMiddleware.Invoke(HttpContext context)
   at Billing.Infrastructure.Middleware.TenantContextMiddleware.InvokeAsync(HttpContext context, ITenantContext tenantContext) in d:\Projects\ERP\NewShop\src\Billing.Infrastructure\Middleware\TenantContextMiddleware.cs:line 57
   at Billing.Infrastructure.Middleware.GlobalExceptionMiddleware.InvokeAsync(HttpContext context) in d:\Projects\ERP\NewShop\src\Billing.Infrastructure\Middleware\GlobalExceptionMiddleware.cs:line 31
2026-07-24 10:39:33.611 +05:30 [ERR] HTTP GET /api/customers responded 500 in 0.6626 ms
2026-07-24 10:39:34.942 +05:30 [ERR] Unhandled exception. Path: /api/customers. Message: The AuthorizationPolicy named: 'CustomersView' was not found.
System.InvalidOperationException: The AuthorizationPolicy named: 'CustomersView' was not found.
   at Microsoft.AspNetCore.Authorization.AuthorizationPolicy.CombineAsync(IAuthorizationPolicyProvider policyProvider, IEnumerable`1 authorizeData, IEnumerable`1 policies)
   at Microsoft.AspNetCore.Authorization.AuthorizationMiddleware.Invoke(HttpContext context)
   at Microsoft.AspNetCore.Authentication.AuthenticationMiddleware.Invoke(HttpContext context)
   at Billing.Infrastructure.Middleware.TenantContextMiddleware.InvokeAsync(HttpContext context, ITenantContext tenantContext) in d:\Projects\ERP\NewShop\src\Billing.Infrastructure\Middleware\TenantContextMiddleware.cs:line 57
   at Billing.Infrastructure.Middleware.GlobalExceptionMiddleware.InvokeAsync(HttpContext context) in d:\Projects\ERP\NewShop\src\Billing.Infrastructure\Middleware\GlobalExceptionMiddleware.cs:line 31
2026-07-24 10:39:34.943 +05:30 [ERR] HTTP GET /api/customers responded 500 in 1.0464 ms
2026-07-24 10:39:35.768 +05:30 [ERR] Unhandled exception. Path: /api/purchases. Message: The AuthorizationPolicy named: 'PurchasesView' was not found.
System.InvalidOperationException: The AuthorizationPolicy named: 'PurchasesView' was not found.
   at Microsoft.AspNetCore.Authorization.AuthorizationPolicy.CombineAsync(IAuthorizationPolicyProvider policyProvider, IEnumerable`1 authorizeData, IEnumerable`1 policies)
   at Microsoft.AspNetCore.Authorization.AuthorizationMiddleware.Invoke(HttpContext context)
   at Microsoft.AspNetCore.Authentication.AuthenticationMiddleware.Invoke(HttpContext context)
   at Billing.Infrastructure.Middleware.TenantContextMiddleware.InvokeAsync(HttpContext context, ITenantContext tenantContext) in d:\Projects\ERP\NewShop\src\Billing.Infrastructure\Middleware\TenantContextMiddleware.cs:line 57
   at Billing.Infrastructure.Middleware.GlobalExceptionMiddleware.InvokeAsync(HttpContext context) in d:\Projects\ERP\NewShop\src\Billing.Infrastructure\Middleware\GlobalExceptionMiddleware.cs:line 31
2026-07-24 10:39:35.768 +05:30 [ERR] HTTP GET /api/purchases responded 500 in 0.9597 ms
2026-07-24 10:39:35.771 +05:30 [ERR] Unhandled exception. Path: /api/suppliers. Message: The AuthorizationPolicy named: 'PurchasesView' was not found.
System.InvalidOperationException: The AuthorizationPolicy named: 'PurchasesView' was not found.
   at Microsoft.AspNetCore.Authorization.AuthorizationPolicy.CombineAsync(IAuthorizationPolicyProvider policyProvider, IEnumerable`1 authorizeData, IEnumerable`1 policies)
   at Microsoft.AspNetCore.Authorization.AuthorizationMiddleware.Invoke(HttpContext context)
   at Microsoft.AspNetCore.Authentication.AuthenticationMiddleware.Invoke(HttpContext context)
   at Billing.Infrastructure.Middleware.TenantContextMiddleware.InvokeAsync(HttpContext context, ITenantContext tenantContext) in d:\Projects\ERP\NewShop\src\Billing.Infrastructure\Middleware\TenantContextMiddleware.cs:line 57
   at Billing.Infrastructure.Middleware.GlobalExceptionMiddleware.InvokeAsync(HttpContext context) in d:\Projects\ERP\NewShop\src\Billing.Infrastructure\Middleware\GlobalExceptionMiddleware.cs:line 31
2026-07-24 10:39:35.772 +05:30 [ERR] HTTP GET /api/suppliers responded 500 in 1.0897 ms
2026-07-24 10:39:36.790 +05:30 [ERR] Unhandled exception. Path: /api/purchases. Message: The AuthorizationPolicy named: 'PurchasesView' was not found.
System.InvalidOperationException: The AuthorizationPolicy named: 'PurchasesView' was not found.
   at Microsoft.AspNetCore.Authorization.AuthorizationPolicy.CombineAsync(IAuthorizationPolicyProvider policyProvider, IEnumerable`1 authorizeData, IEnumerable`1 policies)
   at Microsoft.AspNetCore.Authorization.AuthorizationMiddleware.Invoke(HttpContext context)
   at Microsoft.AspNetCore.Authentication.AuthenticationMiddleware.Invoke(HttpContext context)
   at Billing.Infrastructure.Middleware.TenantContextMiddleware.InvokeAsync(HttpContext context, ITenantContext tenantContext) in d:\Projects\ERP\NewShop\src\Billing.Infrastructure\Middleware\TenantContextMiddleware.cs:line 57
   at Billing.Infrastructure.Middleware.GlobalExceptionMiddleware.InvokeAsync(HttpContext context) in d:\Projects\ERP\NewShop\src\Billing.Infrastructure\Middleware\GlobalExceptionMiddleware.cs:line 31
2026-07-24 10:39:36.791 +05:30 [ERR] HTTP GET /api/purchases responded 500 in 0.7801 ms
2026-07-24 10:39:36.791 +05:30 [ERR] Unhandled exception. Path: /api/suppliers. Message: The AuthorizationPolicy named: 'PurchasesView' was not found.
System.InvalidOperationException: The AuthorizationPolicy named: 'PurchasesView' was not found.
   at Microsoft.AspNetCore.Authorization.AuthorizationPolicy.CombineAsync(IAuthorizationPolicyProvider policyProvider, IEnumerable`1 authorizeData, IEnumerable`1 policies)
   at Microsoft.AspNetCore.Authorization.AuthorizationMiddleware.Invoke(HttpContext context)
   at Microsoft.AspNetCore.Authentication.AuthenticationMiddleware.Invoke(HttpContext context)
   at Billing.Infrastructure.Middleware.TenantContextMiddleware.InvokeAsync(HttpContext context, ITenantContext tenantContext) in d:\Projects\ERP\NewShop\src\Billing.Infrastructure\Middleware\TenantContextMiddleware.cs:line 57
   at Billing.Infrastructure.Middleware.GlobalExceptionMiddleware.InvokeAsync(HttpContext context) in d:\Projects\ERP\NewShop\src\Billing.Infrastructure\Middleware\GlobalExceptionMiddleware.cs:line 31
2026-07-24 10:39:36.791 +05:30 [ERR] HTTP GET /api/suppliers responded 500 in 0.5394 ms
2026-07-24 10:39:39.190 +05:30 [ERR] Unhandled exception. Path: /api/customers. Message: The AuthorizationPolicy named: 'CustomersView' was not found.
System.InvalidOperationException: The AuthorizationPolicy named: 'CustomersView' was not found.
   at Microsoft.AspNetCore.Authorization.AuthorizationPolicy.CombineAsync(IAuthorizationPolicyProvider policyProvider, IEnumerable`1 authorizeData, IEnumerable`1 policies)
   at Microsoft.AspNetCore.Authorization.AuthorizationMiddleware.Invoke(HttpContext context)
   at Microsoft.AspNetCore.Authentication.AuthenticationMiddleware.Invoke(HttpContext context)
   at Billing.Infrastructure.Middleware.TenantContextMiddleware.InvokeAsync(HttpContext context, ITenantContext tenantContext) in d:\Projects\ERP\NewShop\src\Billing.Infrastructure\Middleware\TenantContextMiddleware.cs:line 57
   at Billing.Infrastructure.Middleware.GlobalExceptionMiddleware.InvokeAsync(HttpContext context) in d:\Projects\ERP\NewShop\src\Billing.Infrastructure\Middleware\GlobalExceptionMiddleware.cs:line 31
2026-07-24 10:39:39.191 +05:30 [ERR] HTTP GET /api/customers responded 500 in 1.3797 ms
2026-07-24 10:39:40.218 +05:30 [ERR] Unhandled exception. Path: /api/customers. Message: The AuthorizationPolicy named: 'CustomersView' was not found.
System.InvalidOperationException: The AuthorizationPolicy named: 'CustomersView' was not found.
   at Microsoft.AspNetCore.Authorization.AuthorizationPolicy.CombineAsync(IAuthorizationPolicyProvider policyProvider, IEnumerable`1 authorizeData, IEnumerable`1 policies)
   at Microsoft.AspNetCore.Authorization.AuthorizationMiddleware.Invoke(HttpContext context)
   at Microsoft.AspNetCore.Authentication.AuthenticationMiddleware.Invoke(HttpContext context)
   at Billing.Infrastructure.Middleware.TenantContextMiddleware.InvokeAsync(HttpContext context, ITenantContext tenantContext) in d:\Projects\ERP\NewShop\src\Billing.Infrastructure\Middleware\TenantContextMiddleware.cs:line 57
   at Billing.Infrastructure.Middleware.GlobalExceptionMiddleware.InvokeAsync(HttpContext context) in d:\Projects\ERP\NewShop\src\Billing.Infrastructure\Middleware\GlobalExceptionMiddleware.cs:line 31
2026-07-24 10:39:40.219 +05:30 [ERR] HTTP GET /api/customers responded 500 in 0.6582 ms
2026-07-24 10:42:11.756 +05:30 [ERR] Unhandled exception. Path: /api/customers. Message: The AuthorizationPolicy named: 'CustomersView' was not found.
System.InvalidOperationException: The AuthorizationPolicy named: 'CustomersView' was not found.
   at Microsoft.AspNetCore.Authorization.AuthorizationPolicy.CombineAsync(IAuthorizationPolicyProvider policyProvider, IEnumerable`1 authorizeData, IEnumerable`1 policies)
   at Microsoft.AspNetCore.Authorization.AuthorizationMiddleware.Invoke(HttpContext context)
   at Microsoft.AspNetCore.Authentication.AuthenticationMiddleware.Invoke(HttpContext context)
   at Billing.Infrastructure.Middleware.TenantContextMiddleware.InvokeAsync(HttpContext context, ITenantContext tenantContext) in d:\Projects\ERP\NewShop\src\Billing.Infrastructure\Middleware\TenantContextMiddleware.cs:line 57
   at Billing.Infrastructure.Middleware.GlobalExceptionMiddleware.InvokeAsync(HttpContext context) in d:\Projects\ERP\NewShop\src\Billing.Infrastructure\Middleware\GlobalExceptionMiddleware.cs:line 31
2026-07-24 10:42:11.763 +05:30 [ERR] HTTP GET /api/customers responded 500 in 7.1319 ms
2026-07-24 10:42:12.831 +05:30 [ERR] Unhandled exception. Path: /api/customers. Message: The AuthorizationPolicy named: 'CustomersView' was not found.
System.InvalidOperationException: The AuthorizationPolicy named: 'CustomersView' was not found.
   at Microsoft.AspNetCore.Authorization.AuthorizationPolicy.CombineAsync(IAuthorizationPolicyProvider policyProvider, IEnumerable`1 authorizeData, IEnumerable`1 policies)
   at Microsoft.AspNetCore.Authorization.AuthorizationMiddleware.Invoke(HttpContext context)
   at Microsoft.AspNetCore.Authentication.AuthenticationMiddleware.Invoke(HttpContext context)
   at Billing.Infrastructure.Middleware.TenantContextMiddleware.InvokeAsync(HttpContext context, ITenantContext tenantContext) in d:\Projects\ERP\NewShop\src\Billing.Infrastructure\Middleware\TenantContextMiddleware.cs:line 57
   at Billing.Infrastructure.Middleware.GlobalExceptionMiddleware.InvokeAsync(HttpContext context) in d:\Projects\ERP\NewShop\src\Billing.Infrastructure\Middleware\GlobalExceptionMiddleware.cs:line 31
2026-07-24 10:42:12.832 +05:30 [ERR] HTTP GET /api/customers responded 500 in 0.9582 ms
2026-07-24 10:42:13.574 +05:30 [ERR] Unhandled exception. Path: /api/sales. Message: The AuthorizationPolicy named: 'SalesCreate' was not found.
System.InvalidOperationException: The AuthorizationPolicy named: 'SalesCreate' was not found.
   at Microsoft.AspNetCore.Authorization.AuthorizationPolicy.CombineAsync(IAuthorizationPolicyProvider policyProvider, IEnumerable`1 authorizeData, IEnumerable`1 policies)
   at Microsoft.AspNetCore.Authorization.AuthorizationMiddleware.Invoke(HttpContext context)
   at Microsoft.AspNetCore.Authentication.AuthenticationMiddleware.Invoke(HttpContext context)
   at Billing.Infrastructure.Middleware.TenantContextMiddleware.InvokeAsync(HttpContext context, ITenantContext tenantContext) in d:\Projects\ERP\NewShop\src\Billing.Infrastructure\Middleware\TenantContextMiddleware.cs:line 57
   at Billing.Infrastructure.Middleware.GlobalExceptionMiddleware.InvokeAsync(HttpContext context) in d:\Projects\ERP\NewShop\src\Billing.Infrastructure\Middleware\GlobalExceptionMiddleware.cs:line 31
2026-07-24 10:42:13.575 +05:30 [ERR] HTTP GET /api/sales responded 500 in 0.7399 ms
2026-07-24 10:42:14.599 +05:30 [ERR] Unhandled exception. Path: /api/sales. Message: The AuthorizationPolicy named: 'SalesCreate' was not found.
System.InvalidOperationException: The AuthorizationPolicy named: 'SalesCreate' was not found.
   at Microsoft.AspNetCore.Authorization.AuthorizationPolicy.CombineAsync(IAuthorizationPolicyProvider policyProvider, IEnumerable`1 authorizeData, IEnumerable`1 policies)
   at Microsoft.AspNetCore.Authorization.AuthorizationMiddleware.Invoke(HttpContext context)
   at Microsoft.AspNetCore.Authentication.AuthenticationMiddleware.Invoke(HttpContext context)
   at Billing.Infrastructure.Middleware.TenantContextMiddleware.InvokeAsync(HttpContext context, ITenantContext tenantContext) in d:\Projects\ERP\NewShop\src\Billing.Infrastructure\Middleware\TenantContextMiddleware.cs:line 57
   at Billing.Infrastructure.Middleware.GlobalExceptionMiddleware.InvokeAsync(HttpContext context) in d:\Projects\ERP\NewShop\src\Billing.Infrastructure\Middleware\GlobalExceptionMiddleware.cs:line 31
2026-07-24 10:42:14.600 +05:30 [ERR] HTTP GET /api/sales responded 500 in 0.6981 ms
2026-07-24 10:42:15.913 +05:30 [INF] Handling GetProductsQuery
2026-07-24 10:42:15.914 +05:30 [ERR] Failed handling GetProductsQuery after 0ms
System.InvalidOperationException: Nullable object must have a value.
   at System.Nullable`1.get_Value()
   at Billing.Application.Handlers.Products.GetProductsHandler.Handle(GetProductsQuery request, CancellationToken cancellationToken) in d:\Projects\ERP\NewShop\src\Billing.Application\Handlers\Products\ProductQueryHandlers.cs:line 63
   at Billing.Application.Behaviors.LoggingBehavior`2.Handle(TRequest request, RequestHandlerDelegate`1 next, CancellationToken cancellationToken) in d:\Projects\ERP\NewShop\src\Billing.Application\Behaviors\PipelineBehaviors.cs:line 53
   at Billing.Application.Behaviors.ValidationBehavior`2.Handle(TRequest request, RequestHandlerDelegate`1 next, CancellationToken cancellationToken) in d:\Projects\ERP\NewShop\src\Billing.Application\Behaviors\PipelineBehaviors.cs:line 20
   at Billing.API.Controllers.ProductsController.GetProducts(Int32 page, Int32 pageSize, String search, String orderBy, Boolean ascending, CancellationToken cancellationToken) in d:\Projects\ERP\NewShop\src\Billing.API\Controllers\ProductsController.cs:line 30
   at Microsoft.AspNetCore.Mvc.Infrastructure.ActionMethodExecutor.TaskOfIActionResultExecutor.Execute(ActionContext actionContext, IActionResultTypeMapper mapper, ObjectMethodExecutor executor, Object controller, Object[] arguments)
   at Microsoft.AspNetCore.Mvc.Infrastructure.ControllerActionInvoker.<InvokeActionMethodAsync>g__Awaited|12_0(ControllerActionInvoker invoker, ValueTask`1 actionResultValueTask)
   at Microsoft.AspNetCore.Mvc.Infrastructure.ControllerActionInvoker.<InvokeNextActionFilterAsync>g__Awaited|10_0(ControllerActionInvoker invoker, Task lastTask, State next, Scope scope, Object state, Boolean isCompleted)
   at Microsoft.AspNetCore.Mvc.Infrastructure.ControllerActionInvoker.Rethrow(ActionExecutedContextSealed context)
   at Microsoft.AspNetCore.Mvc.Infrastructure.ControllerActionInvoker.Next(State& next, Scope& scope, Object& state, Boolean& isCompleted)
   at Microsoft.AspNetCore.Mvc.Infrastructure.ControllerActionInvoker.InvokeInnerFilterAsync()
--- End of stack trace from previous location ---
   at Microsoft.AspNetCore.Mvc.Infrastructure.ResourceInvoker.<InvokeFilterPipelineAsync>g__Awaited|20_0(ResourceInvoker invoker, Task lastTask, State next, Scope scope, Object state, Boolean isCompleted)
   at Microsoft.AspNetCore.Mvc.Infrastructure.ResourceInvoker.<InvokeAsync>g__Awaited|17_0(ResourceInvoker invoker, Task task, IDisposable scope)
   at Microsoft.AspNetCore.Mvc.Infrastructure.ResourceInvoker.<InvokeAsync>g__Awaited|17_0(ResourceInvoker invoker, Task task, IDisposable scope)
   at Microsoft.AspNetCore.Authorization.AuthorizationMiddleware.Invoke(HttpContext context)
   at Microsoft.AspNetCore.Authentication.AuthenticationMiddleware.Invoke(HttpContext context)
   at Billing.Infrastructure.Middleware.TenantContextMiddleware.InvokeAsync(HttpContext context, ITenantContext tenantContext) in d:\Projects\ERP\NewShop\src\Billing.Infrastructure\Middleware\TenantContextMiddleware.cs:line 57
   at Billing.Infrastructure.Middleware.GlobalExceptionMiddleware.InvokeAsync(HttpContext context) in d:\Projects\ERP\NewShop\src\Billing.Infrastructure\Middleware\GlobalExceptionMiddleware.cs:line 31
2026-07-24 10:42:15.914 +05:30 [ERR] Unhandled exception. Path: /api/products. Message: Nullable object must have a value.
System.InvalidOperationException: Nullable object must have a value.
   at System.Nullable`1.get_Value()
   at Billing.Application.Handlers.Products.GetProductsHandler.Handle(GetProductsQuery request, CancellationToken cancellationToken) in d:\Projects\ERP\NewShop\src\Billing.Application\Handlers\Products\ProductQueryHandlers.cs:line 63
   at Billing.Application.Behaviors.LoggingBehavior`2.Handle(TRequest request, RequestHandlerDelegate`1 next, CancellationToken cancellationToken) in d:\Projects\ERP\NewShop\src\Billing.Application\Behaviors\PipelineBehaviors.cs:line 53
   at Billing.Application.Behaviors.ValidationBehavior`2.Handle(TRequest request, RequestHandlerDelegate`1 next, CancellationToken cancellationToken) in d:\Projects\ERP\NewShop\src\Billing.Application\Behaviors\PipelineBehaviors.cs:line 20
   at Billing.API.Controllers.ProductsController.GetProducts(Int32 page, Int32 pageSize, String search, String orderBy, Boolean ascending, CancellationToken cancellationToken) in d:\Projects\ERP\NewShop\src\Billing.API\Controllers\ProductsController.cs:line 30
   at Microsoft.AspNetCore.Mvc.Infrastructure.ActionMethodExecutor.TaskOfIActionResultExecutor.Execute(ActionContext actionContext, IActionResultTypeMapper mapper, ObjectMethodExecutor executor, Object controller, Object[] arguments)
   at Microsoft.AspNetCore.Mvc.Infrastructure.ControllerActionInvoker.<InvokeActionMethodAsync>g__Awaited|12_0(ControllerActionInvoker invoker, ValueTask`1 actionResultValueTask)
   at Microsoft.AspNetCore.Mvc.Infrastructure.ControllerActionInvoker.<InvokeNextActionFilterAsync>g__Awaited|10_0(ControllerActionInvoker invoker, Task lastTask, State next, Scope scope, Object state, Boolean isCompleted)
   at Microsoft.AspNetCore.Mvc.Infrastructure.ControllerActionInvoker.Rethrow(ActionExecutedContextSealed context)
   at Microsoft.AspNetCore.Mvc.Infrastructure.ControllerActionInvoker.Next(State& next, Scope& scope, Object& state, Boolean& isCompleted)
   at Microsoft.AspNetCore.Mvc.Infrastructure.ControllerActionInvoker.InvokeInnerFilterAsync()
--- End of stack trace from previous location ---
   at Microsoft.AspNetCore.Mvc.Infrastructure.ResourceInvoker.<InvokeFilterPipelineAsync>g__Awaited|20_0(ResourceInvoker invoker, Task lastTask, State next, Scope scope, Object state, Boolean isCompleted)
   at Microsoft.AspNetCore.Mvc.Infrastructure.ResourceInvoker.<InvokeAsync>g__Awaited|17_0(ResourceInvoker invoker, Task task, IDisposable scope)
   at Microsoft.AspNetCore.Mvc.Infrastructure.ResourceInvoker.<InvokeAsync>g__Awaited|17_0(ResourceInvoker invoker, Task task, IDisposable scope)
   at Microsoft.AspNetCore.Authorization.AuthorizationMiddleware.Invoke(HttpContext context)
   at Microsoft.AspNetCore.Authentication.AuthenticationMiddleware.Invoke(HttpContext context)
   at Billing.Infrastructure.Middleware.TenantContextMiddleware.InvokeAsync(HttpContext context, ITenantContext tenantContext) in d:\Projects\ERP\NewShop\src\Billing.Infrastructure\Middleware\TenantContextMiddleware.cs:line 57
   at Billing.Infrastructure.Middleware.GlobalExceptionMiddleware.InvokeAsync(HttpContext context) in d:\Projects\ERP\NewShop\src\Billing.Infrastructure\Middleware\GlobalExceptionMiddleware.cs:line 31
2026-07-24 10:42:15.914 +05:30 [ERR] HTTP GET /api/products responded 500 in 1.3085 ms
2026-07-24 10:42:16.931 +05:30 [INF] Handling GetProductsQuery
2026-07-24 10:42:16.932 +05:30 [ERR] Failed handling GetProductsQuery after 0ms
System.InvalidOperationException: Nullable object must have a value.
   at System.Nullable`1.get_Value()
   at Billing.Application.Handlers.Products.GetProductsHandler.Handle(GetProductsQuery request, CancellationToken cancellationToken) in d:\Projects\ERP\NewShop\src\Billing.Application\Handlers\Products\ProductQueryHandlers.cs:line 63
   at Billing.Application.Behaviors.LoggingBehavior`2.Handle(TRequest request, RequestHandlerDelegate`1 next, CancellationToken cancellationToken) in d:\Projects\ERP\NewShop\src\Billing.Application\Behaviors\PipelineBehaviors.cs:line 53
   at Billing.Application.Behaviors.ValidationBehavior`2.Handle(TRequest request, RequestHandlerDelegate`1 next, CancellationToken cancellationToken) in d:\Projects\ERP\NewShop\src\Billing.Application\Behaviors\PipelineBehaviors.cs:line 20
2026-07-24 10:42:16.932 +05:30 [ERR] Unhandled exception. Path: /api/products. Message: Nullable object must have a value.
System.InvalidOperationException: Nullable object must have a value.
   at System.Nullable`1.get_Value()
   at Billing.Application.Handlers.Products.GetProductsHandler.Handle(GetProductsQuery request, CancellationToken cancellationToken) in d:\Projects\ERP\NewShop\src\Billing.Application\Handlers\Products\ProductQueryHandlers.cs:line 63
   at Billing.Application.Behaviors.LoggingBehavior`2.Handle(TRequest request, RequestHandlerDelegate`1 next, CancellationToken cancellationToken) in d:\Projects\ERP\NewShop\src\Billing.Application\Behaviors\PipelineBehaviors.cs:line 53
   at Billing.Application.Behaviors.ValidationBehavior`2.Handle(TRequest request, RequestHandlerDelegate`1 next, CancellationToken cancellationToken) in d:\Projects\ERP\NewShop\src\Billing.Application\Behaviors\PipelineBehaviors.cs:line 20
   at Billing.API.Controllers.ProductsController.GetProducts(Int32 page, Int32 pageSize, String search, String orderBy, Boolean ascending, CancellationToken cancellationToken) in d:\Projects\ERP\NewShop\src\Billing.API\Controllers\ProductsController.cs:line 30
   at Microsoft.AspNetCore.Mvc.Infrastructure.ActionMethodExecutor.TaskOfIActionResultExecutor.Execute(ActionContext actionContext, IActionResultTypeMapper mapper, ObjectMethodExecutor executor, Object controller, Object[] arguments)
   at Microsoft.AspNetCore.Mvc.Infrastructure.ControllerActionInvoker.<InvokeActionMethodAsync>g__Awaited|12_0(ControllerActionInvoker invoker, ValueTask`1 actionResultValueTask)
   at Microsoft.AspNetCore.Mvc.Infrastructure.ControllerActionInvoker.<InvokeNextActionFilterAsync>g__Awaited|10_0(ControllerActionInvoker invoker, Task lastTask, State next, Scope scope, Object state, Boolean isCompleted)
   at Microsoft.AspNetCore.Mvc.Infrastructure.ControllerActionInvoker.Rethrow(ActionExecutedContextSealed context)
   at Microsoft.AspNetCore.Mvc.Infrastructure.ControllerActionInvoker.Next(State& next, Scope& scope, Object& state, Boolean& isCompleted)
   at Microsoft.AspNetCore.Mvc.Infrastructure.ControllerActionInvoker.InvokeInnerFilterAsync()
--- End of stack trace from previous location ---
   at Microsoft.AspNetCore.Mvc.Infrastructure.ResourceInvoker.<InvokeFilterPipelineAsync>g__Awaited|20_0(ResourceInvoker invoker, Task lastTask, State next, Scope scope, Object state, Boolean isCompleted)
   at Microsoft.AspNetCore.Mvc.Infrastructure.ResourceInvoker.<InvokeAsync>g__Awaited|17_0(ResourceInvoker invoker, Task task, IDisposable scope)
   at Microsoft.AspNetCore.Mvc.Infrastructure.ResourceInvoker.<InvokeAsync>g__Awaited|17_0(ResourceInvoker invoker, Task task, IDisposable scope)
   at Microsoft.AspNetCore.Authorization.AuthorizationMiddleware.Invoke(HttpContext context)
   at Microsoft.AspNetCore.Authentication.AuthenticationMiddleware.Invoke(HttpContext context)
   at Billing.Infrastructure.Middleware.TenantContextMiddleware.InvokeAsync(HttpContext context, ITenantContext tenantContext) in d:\Projects\ERP\NewShop\src\Billing.Infrastructure\Middleware\TenantContextMiddleware.cs:line 57
   at Billing.Infrastructure.Middleware.GlobalExceptionMiddleware.InvokeAsync(HttpContext context) in d:\Projects\ERP\NewShop\src\Billing.Infrastructure\Middleware\GlobalExceptionMiddleware.cs:line 31
2026-07-24 10:42:16.933 +05:30 [ERR] HTTP GET /api/products responded 500 in 2.0545 ms
2026-07-24 10:42:17.748 +05:30 [ERR] Unhandled exception. Path: /api/dashboard. Message: The AuthorizationPolicy named: 'ReportsView' was not found.
System.InvalidOperationException: The AuthorizationPolicy named: 'ReportsView' was not found.
   at Microsoft.AspNetCore.Authorization.AuthorizationPolicy.CombineAsync(IAuthorizationPolicyProvider policyProvider, IEnumerable`1 authorizeData, IEnumerable`1 policies)
   at Microsoft.AspNetCore.Authorization.AuthorizationMiddleware.Invoke(HttpContext context)
   at Microsoft.AspNetCore.Authentication.AuthenticationMiddleware.Invoke(HttpContext context)
   at Billing.Infrastructure.Middleware.TenantContextMiddleware.InvokeAsync(HttpContext context, ITenantContext tenantContext) in d:\Projects\ERP\NewShop\src\Billing.Infrastructure\Middleware\TenantContextMiddleware.cs:line 57
   at Billing.Infrastructure.Middleware.GlobalExceptionMiddleware.InvokeAsync(HttpContext context) in d:\Projects\ERP\NewShop\src\Billing.Infrastructure\Middleware\GlobalExceptionMiddleware.cs:line 31
2026-07-24 10:42:17.748 +05:30 [ERR] HTTP GET /api/dashboard responded 500 in 0.6244 ms
2026-07-24 10:42:18.763 +05:30 [ERR] Unhandled exception. Path: /api/dashboard. Message: The AuthorizationPolicy named: 'ReportsView' was not found.
System.InvalidOperationException: The AuthorizationPolicy named: 'ReportsView' was not found.
   at Microsoft.AspNetCore.Authorization.AuthorizationPolicy.CombineAsync(IAuthorizationPolicyProvider policyProvider, IEnumerable`1 authorizeData, IEnumerable`1 policies)
   at Microsoft.AspNetCore.Authorization.AuthorizationMiddleware.Invoke(HttpContext context)
   at Microsoft.AspNetCore.Authentication.AuthenticationMiddleware.Invoke(HttpContext context)
   at Billing.Infrastructure.Middleware.TenantContextMiddleware.InvokeAsync(HttpContext context, ITenantContext tenantContext) in d:\Projects\ERP\NewShop\src\Billing.Infrastructure\Middleware\TenantContextMiddleware.cs:line 57
   at Billing.Infrastructure.Middleware.GlobalExceptionMiddleware.InvokeAsync(HttpContext context) in d:\Projects\ERP\NewShop\src\Billing.Infrastructure\Middleware\GlobalExceptionMiddleware.cs:line 31
2026-07-24 10:42:18.763 +05:30 [ERR] HTTP GET /api/dashboard responded 500 in 0.7119 ms
2026-07-24 10:47:30.722 +05:30 [INF] Now listening on: http://localhost:5000
2026-07-24 10:47:30.819 +05:30 [INF] Application started. Press Ctrl+C to shut down.
2026-07-24 10:47:30.820 +05:30 [INF] Hosting environment: Production
2026-07-24 10:47:30.820 +05:30 [INF] Content root path: d:\Projects\ERP\NewShop\src\Billing.API
2026-07-24 10:48:09.459 +05:30 [INF] Now listening on: http://localhost:5000
2026-07-24 10:48:09.463 +05:30 [INF] Application started. Press Ctrl+C to shut down.
2026-07-24 10:48:09.464 +05:30 [INF] Hosting environment: Production
2026-07-24 10:48:09.464 +05:30 [INF] Content root path: d:\Projects\ERP\NewShop\src\Billing.API
2026-07-24 10:48:47.561 +05:30 [INF] HTTP GET /health responded 200 in 47.0190 ms
2026-07-24 10:48:48.284 +05:30 [INF] HTTP POST /api/auth/login responded 200 in 680.5047 ms
2026-07-24 10:48:48.436 +05:30 [INF] HTTP GET /api/dashboard responded 401 in 7.6368 ms
2026-07-24 10:48:48.459 +05:30 [INF] HTTP GET /api/products responded 401 in 2.2512 ms
2026-07-24 10:48:48.463 +05:30 [INF] HTTP GET /api/customers responded 401 in 1.4953 ms
2026-07-24 10:48:48.464 +05:30 [INF] HTTP GET /api/suppliers responded 401 in 0.1759 ms
2026-07-24 10:48:48.467 +05:30 [INF] HTTP GET /api/purchases responded 401 in 0.2498 ms
2026-07-24 10:48:48.468 +05:30 [INF] HTTP GET /api/sales responded 401 in 0.1917 ms
2026-07-24 10:48:48.470 +05:30 [INF] HTTP GET /api/reports/profit-loss responded 401 in 0.1861 ms
2026-07-24 10:48:48.473 +05:30 [INF] HTTP GET /api/reports/sales responded 401 in 0.2078 ms
2026-07-24 10:48:48.475 +05:30 [INF] HTTP GET /api/reports/payments responded 401 in 0.2962 ms
2026-07-24 10:48:48.477 +05:30 [INF] HTTP GET /api/reports/gst responded 401 in 0.1992 ms
2026-07-24 10:48:48.479 +05:30 [INF] HTTP GET /api/reports/inventory-valuation responded 401 in 0.1651 ms
2026-07-24 10:48:48.480 +05:30 [INF] HTTP GET /api/reports/top-products responded 401 in 0.1565 ms
2026-07-24 10:48:48.481 +05:30 [INF] HTTP GET /api/products/low-stock responded 401 in 0.1258 ms
2026-07-24 10:48:48.483 +05:30 [INF] HTTP GET /api/products/search responded 401 in 0.1542 ms
2026-07-24 10:49:10.350 +05:30 [INF] HTTP POST /api/auth/login responded 200 in 93.1060 ms
2026-07-24 10:49:30.009 +05:30 [INF] HTTP POST /api/auth/login responded 200 in 97.0155 ms
2026-07-24 10:49:30.195 +05:30 [INF] Handling GetDashboardQuery
2026-07-24 10:49:38.917 +05:30 [WRN] Redis connection failed; falling back to in-memory cache.
StackExchange.Redis.RedisConnectionException: It was not possible to connect to the redis server(s). Error connecting right now. To allow this multiplexer to continue retrying until it's able to connect, use abortConnect=false in your connection string or AbortOnConnectFail=false; in your code.
   at StackExchange.Redis.ConnectionMultiplexer.ConnectImplAsync(ConfigurationOptions configuration, TextWriter writer, Nullable`1 serverType) in /_/src/StackExchange.Redis/ConnectionMultiplexer.cs:line 620
   at Billing.Infrastructure.Caching.RedisCacheService.GetDatabaseAsync() in d:\Projects\ERP\NewShop\src\Billing.Infrastructure\Caching\RedisCacheService.cs:line 44
2026-07-24 10:49:39.041 +05:30 [ERR] Failed handling GetDashboardQuery after 8846ms
System.InvalidOperationException: A parameterless default constructor or one matching signature (System.Decimal TotalSales, System.Decimal TotalPurchases, System.Decimal TotalExpenses, System.Int32 TotalProfit, System.Int32 SalesCount, System.Int32 ProductCount, System.Int32 CustomerCount, System.Int32 LowStockCount) is required for Billing.Persistence.Repositories.DashboardSummary materialization
   at Dapper.SqlMapper.GenerateDeserializerFromMap(Type type, DbDataReader reader, Int32 startBound, Int32 length, Boolean returnNullIfFirstMissing, ILGenerator il) in /_/Dapper/SqlMapper.cs:line 3473
   at Dapper.SqlMapper.GetTypeDeserializerImpl(Type type, DbDataReader reader, Int32 startBound, Int32 length, Boolean returnNullIfFirstMissing) in /_/Dapper/SqlMapper.cs:line 3304
   at Dapper.SqlMapper.TypeDeserializerCache.GetReader(DbDataReader reader, Int32 startBound, Int32 length, Boolean returnNullIfFirstMissing) in /_/Dapper/SqlMapper.TypeDeserializerCache.cs:line 151
   at Dapper.SqlMapper.TypeDeserializerCache.GetReader(Type type, DbDataReader reader, Int32 startBound, Int32 length, Boolean returnNullIfFirstMissing) in /_/Dapper/SqlMapper.TypeDeserializerCache.cs:line 50
   at Dapper.SqlMapper.GetTypeDeserializer(Type type, DbDataReader reader, Int32 startBound, Int32 length, Boolean returnNullIfFirstMissing) in /_/Dapper/SqlMapper.cs:line 3258
   at Dapper.SqlMapper.GetDeserializer(Type type, DbDataReader reader, Int32 startBound, Int32 length, Boolean returnNullIfFirstMissing) in /_/Dapper/SqlMapper.cs:line 1945
   at Dapper.SqlMapper.QueryRowAsync[T](IDbConnection cnn, Row row, Type effectiveType, CommandDefinition command) in /_/Dapper/SqlMapper.Async.cs:line 496
   at Billing.Persistence.Repositories.ReportRepository.GetDashboardSummaryAsync(DateTime from, DateTime to, CancellationToken cancellationToken) in d:\Projects\ERP\NewShop\src\Billing.Persistence\Repositories\ReportRepository.cs:line 52
   at Billing.Application.Handlers.Dashboard.GetDashboardHandler.Handle(GetDashboardQuery request, CancellationToken cancellationToken) in d:\Projects\ERP\NewShop\src\Billing.Application\Handlers\Dashboard\DashboardQueryHandler.cs:line 36
   at Billing.Application.Behaviors.LoggingBehavior`2.Handle(TRequest request, RequestHandlerDelegate`1 next, CancellationToken cancellationToken) in d:\Projects\ERP\NewShop\src\Billing.Application\Behaviors\PipelineBehaviors.cs:line 53
   at Billing.Application.Behaviors.ValidationBehavior`2.Handle(TRequest request, RequestHandlerDelegate`1 next, CancellationToken cancellationToken) in d:\Projects\ERP\NewShop\src\Billing.Application\Behaviors\PipelineBehaviors.cs:line 20
   at Billing.API.Controllers.DashboardController.GetDashboard(Nullable`1 from, Nullable`1 to, CancellationToken cancellationToken) in d:\Projects\ERP\NewShop\src\Billing.API\Controllers\DashboardController.cs:line 28
   at System.Runtime.CompilerServices.TaskAwaiter`1.GetResult()
2026-07-24 10:49:39.047 +05:30 [ERR] Unhandled exception. Path: /api/dashboard. Message: A parameterless default constructor or one matching signature (System.Decimal TotalSales, System.Decimal TotalPurchases, System.Decimal TotalExpenses, System.Int32 TotalProfit, System.Int32 SalesCount, System.Int32 ProductCount, System.Int32 CustomerCount, System.Int32 LowStockCount) is required for Billing.Persistence.Repositories.DashboardSummary materialization
System.InvalidOperationException: A parameterless default constructor or one matching signature (System.Decimal TotalSales, System.Decimal TotalPurchases, System.Decimal TotalExpenses, System.Int32 TotalProfit, System.Int32 SalesCount, System.Int32 ProductCount, System.Int32 CustomerCount, System.Int32 LowStockCount) is required for Billing.Persistence.Repositories.DashboardSummary materialization
   at Dapper.SqlMapper.GenerateDeserializerFromMap(Type type, DbDataReader reader, Int32 startBound, Int32 length, Boolean returnNullIfFirstMissing, ILGenerator il) in /_/Dapper/SqlMapper.cs:line 3473
   at Dapper.SqlMapper.GetTypeDeserializerImpl(Type type, DbDataReader reader, Int32 startBound, Int32 length, Boolean returnNullIfFirstMissing) in /_/Dapper/SqlMapper.cs:line 3304
   at Dapper.SqlMapper.TypeDeserializerCache.GetReader(DbDataReader reader, Int32 startBound, Int32 length, Boolean returnNullIfFirstMissing) in /_/Dapper/SqlMapper.TypeDeserializerCache.cs:line 151
   at Dapper.SqlMapper.TypeDeserializerCache.GetReader(Type type, DbDataReader reader, Int32 startBound, Int32 length, Boolean returnNullIfFirstMissing) in /_/Dapper/SqlMapper.TypeDeserializerCache.cs:line 50
   at Dapper.SqlMapper.GetTypeDeserializer(Type type, DbDataReader reader, Int32 startBound, Int32 length, Boolean returnNullIfFirstMissing) in /_/Dapper/SqlMapper.cs:line 3258
   at Dapper.SqlMapper.GetDeserializer(Type type, DbDataReader reader, Int32 startBound, Int32 length, Boolean returnNullIfFirstMissing) in /_/Dapper/SqlMapper.cs:line 1945
   at Dapper.SqlMapper.QueryRowAsync[T](IDbConnection cnn, Row row, Type effectiveType, CommandDefinition command) in /_/Dapper/SqlMapper.Async.cs:line 496
   at Billing.Persistence.Repositories.ReportRepository.GetDashboardSummaryAsync(DateTime from, DateTime to, CancellationToken cancellationToken) in d:\Projects\ERP\NewShop\src\Billing.Persistence\Repositories\ReportRepository.cs:line 52
   at Billing.Application.Handlers.Dashboard.GetDashboardHandler.Handle(GetDashboardQuery request, CancellationToken cancellationToken) in d:\Projects\ERP\NewShop\src\Billing.Application\Handlers\Dashboard\DashboardQueryHandler.cs:line 36
   at Billing.Application.Behaviors.LoggingBehavior`2.Handle(TRequest request, RequestHandlerDelegate`1 next, CancellationToken cancellationToken) in d:\Projects\ERP\NewShop\src\Billing.Application\Behaviors\PipelineBehaviors.cs:line 53
   at Billing.Application.Behaviors.ValidationBehavior`2.Handle(TRequest request, RequestHandlerDelegate`1 next, CancellationToken cancellationToken) in d:\Projects\ERP\NewShop\src\Billing.Application\Behaviors\PipelineBehaviors.cs:line 20
   at Billing.API.Controllers.DashboardController.GetDashboard(Nullable`1 from, Nullable`1 to, CancellationToken cancellationToken) in d:\Projects\ERP\NewShop\src\Billing.API\Controllers\DashboardController.cs:line 28
   at Microsoft.AspNetCore.Mvc.Infrastructure.ActionMethodExecutor.TaskOfIActionResultExecutor.Execute(ActionContext actionContext, IActionResultTypeMapper mapper, ObjectMethodExecutor executor, Object controller, Object[] arguments)
   at Microsoft.AspNetCore.Mvc.Infrastructure.ControllerActionInvoker.<InvokeActionMethodAsync>g__Awaited|12_0(ControllerActionInvoker invoker, ValueTask`1 actionResultValueTask)
   at Microsoft.AspNetCore.Mvc.Infrastructure.ControllerActionInvoker.<InvokeNextActionFilterAsync>g__Awaited|10_0(ControllerActionInvoker invoker, Task lastTask, State next, Scope scope, Object state, Boolean isCompleted)
   at Microsoft.AspNetCore.Mvc.Infrastructure.ControllerActionInvoker.Rethrow(ActionExecutedContextSealed context)
   at Microsoft.AspNetCore.Mvc.Infrastructure.ControllerActionInvoker.Next(State& next, Scope& scope, Object& state, Boolean& isCompleted)
   at Microsoft.AspNetCore.Mvc.Infrastructure.ControllerActionInvoker.<InvokeInnerFilterAsync>g__Awaited|13_0(ControllerActionInvoker invoker, Task lastTask, State next, Scope scope, Object state, Boolean isCompleted)
   at Microsoft.AspNetCore.Mvc.Infrastructure.ResourceInvoker.<InvokeFilterPipelineAsync>g__Awaited|20_0(ResourceInvoker invoker, Task lastTask, State next, Scope scope, Object state, Boolean isCompleted)
   at Microsoft.AspNetCore.Mvc.Infrastructure.ResourceInvoker.<InvokeAsync>g__Awaited|17_0(ResourceInvoker invoker, Task task, IDisposable scope)
   at Microsoft.AspNetCore.Mvc.Infrastructure.ResourceInvoker.<InvokeAsync>g__Awaited|17_0(ResourceInvoker invoker, Task task, IDisposable scope)
   at Microsoft.AspNetCore.Authorization.AuthorizationMiddleware.Invoke(HttpContext context)
   at Billing.Infrastructure.Middleware.TenantContextMiddleware.InvokeAsync(HttpContext context, ITenantContext tenantContext) in d:\Projects\ERP\NewShop\src\Billing.Infrastructure\Middleware\TenantContextMiddleware.cs:line 49
   at Microsoft.AspNetCore.Authentication.AuthenticationMiddleware.Invoke(HttpContext context)
   at Billing.Infrastructure.Middleware.GlobalExceptionMiddleware.InvokeAsync(HttpContext context) in d:\Projects\ERP\NewShop\src\Billing.Infrastructure\Middleware\GlobalExceptionMiddleware.cs:line 31
2026-07-24 10:49:39.051 +05:30 [ERR] HTTP GET /api/dashboard responded 500 in 8982.3129 ms
2026-07-24 10:49:39.096 +05:30 [INF] Handling GetProductsQuery
2026-07-24 10:49:39.231 +05:30 [ERR] Failed handling GetProductsQuery after 134ms
System.ArgumentException: Billing.Application.DTOs.Products.ProductDto needs to have a constructor with 0 args or only optional args. Validate your configuration for details. (Parameter 'type')
   at lambda_method30(Closure, Object, ProductDto, ResolutionContext)
   at AutoMapper.Mapper.MapCore[TSource,TDestination](TSource source, TDestination destination, ResolutionContext context, Type sourceType, Type destinationType, MemberMap memberMap)
   at AutoMapper.Mapper.Map[TSource,TDestination](TSource source, TDestination destination)
   at AutoMapper.Mapper.Map[TDestination](Object source)
   at System.Linq.Enumerable.ListSelectIterator`2.Fill(ReadOnlySpan`1 source, Span`1 destination, Func`2 func)
   at System.Linq.Enumerable.ListSelectIterator`2.ToList()
   at Billing.Application.Handlers.Products.GetProductsHandler.Handle(GetProductsQuery request, CancellationToken cancellationToken) in d:\Projects\ERP\NewShop\src\Billing.Application\Handlers\Products\ProductQueryHandlers.cs:line 68
   at Billing.Application.Behaviors.LoggingBehavior`2.Handle(TRequest request, RequestHandlerDelegate`1 next, CancellationToken cancellationToken) in d:\Projects\ERP\NewShop\src\Billing.Application\Behaviors\PipelineBehaviors.cs:line 53
   at Billing.Application.Behaviors.ValidationBehavior`2.Handle(TRequest request, RequestHandlerDelegate`1 next, CancellationToken cancellationToken) in d:\Projects\ERP\NewShop\src\Billing.Application\Behaviors\PipelineBehaviors.cs:line 20
   at Billing.API.Controllers.ProductsController.GetProducts(Int32 page, Int32 pageSize, String search, String orderBy, Boolean ascending, CancellationToken cancellationToken) in d:\Projects\ERP\NewShop\src\Billing.API\Controllers\ProductsController.cs:line 30
   at Microsoft.AspNetCore.Mvc.Infrastructure.ActionMethodExecutor.TaskOfIActionResultExecutor.Execute(ActionContext actionContext, IActionResultTypeMapper mapper, ObjectMethodExecutor executor, Object controller, Object[] arguments)
   at Microsoft.AspNetCore.Mvc.Infrastructure.ControllerActionInvoker.<InvokeActionMethodAsync>g__Awaited|12_0(ControllerActionInvoker invoker, ValueTask`1 actionResultValueTask)
   at Microsoft.AspNetCore.Mvc.Infrastructure.ControllerActionInvoker.<InvokeNextActionFilterAsync>g__Awaited|10_0(ControllerActionInvoker invoker, Task lastTask, State next, Scope scope, Object state, Boolean isCompleted)
   at Microsoft.AspNetCore.Mvc.Infrastructure.ControllerActionInvoker.Rethrow(ActionExecutedContextSealed context)
   at Microsoft.AspNetCore.Mvc.Infrastructure.ControllerActionInvoker.Next(State& next, Scope& scope, Object& state, Boolean& isCompleted)
   at Microsoft.AspNetCore.Mvc.Infrastructure.ControllerActionInvoker.<InvokeInnerFilterAsync>g__Awaited|13_0(ControllerActionInvoker invoker, Task lastTask, State next, Scope scope, Object state, Boolean isCompleted)
   at Microsoft.AspNetCore.Mvc.Infrastructure.ResourceInvoker.<InvokeFilterPipelineAsync>g__Awaited|20_0(ResourceInvoker invoker, Task lastTask, State next, Scope scope, Object state, Boolean isCompleted)
   at Microsoft.AspNetCore.Mvc.Infrastructure.ResourceInvoker.<InvokeAsync>g__Awaited|17_0(ResourceInvoker invoker, Task task, IDisposable scope)
   at Microsoft.AspNetCore.Mvc.Infrastructure.ResourceInvoker.<InvokeAsync>g__Awaited|17_0(ResourceInvoker invoker, Task task, IDisposable scope)
   at Microsoft.AspNetCore.Authorization.AuthorizationMiddleware.Invoke(HttpContext context)
   at Billing.Infrastructure.Middleware.TenantContextMiddleware.InvokeAsync(HttpContext context, ITenantContext tenantContext) in d:\Projects\ERP\NewShop\src\Billing.Infrastructure\Middleware\TenantContextMiddleware.cs:line 49
   at Microsoft.AspNetCore.Authentication.AuthenticationMiddleware.Invoke(HttpContext context)
   at Billing.Infrastructure.Middleware.GlobalExceptionMiddleware.InvokeAsync(HttpContext context) in d:\Projects\ERP\NewShop\src\Billing.Infrastructure\Middleware\GlobalExceptionMiddleware.cs:line 31
2026-07-24 10:49:39.232 +05:30 [ERR] Unhandled exception. Path: /api/products. Message: Billing.Application.DTOs.Products.ProductDto needs to have a constructor with 0 args or only optional args. Validate your configuration for details. (Parameter 'type')
System.ArgumentException: Billing.Application.DTOs.Products.ProductDto needs to have a constructor with 0 args or only optional args. Validate your configuration for details. (Parameter 'type')
   at lambda_method30(Closure, Object, ProductDto, ResolutionContext)
   at AutoMapper.Mapper.MapCore[TSource,TDestination](TSource source, TDestination destination, ResolutionContext context, Type sourceType, Type destinationType, MemberMap memberMap)
   at AutoMapper.Mapper.Map[TSource,TDestination](TSource source, TDestination destination)
   at AutoMapper.Mapper.Map[TDestination](Object source)
   at System.Linq.Enumerable.ListSelectIterator`2.Fill(ReadOnlySpan`1 source, Span`1 destination, Func`2 func)
   at System.Linq.Enumerable.ListSelectIterator`2.ToList()
   at Billing.Application.Handlers.Products.GetProductsHandler.Handle(GetProductsQuery request, CancellationToken cancellationToken) in d:\Projects\ERP\NewShop\src\Billing.Application\Handlers\Products\ProductQueryHandlers.cs:line 68
   at Billing.Application.Behaviors.LoggingBehavior`2.Handle(TRequest request, RequestHandlerDelegate`1 next, CancellationToken cancellationToken) in d:\Projects\ERP\NewShop\src\Billing.Application\Behaviors\PipelineBehaviors.cs:line 53
   at Billing.Application.Behaviors.ValidationBehavior`2.Handle(TRequest request, RequestHandlerDelegate`1 next, CancellationToken cancellationToken) in d:\Projects\ERP\NewShop\src\Billing.Application\Behaviors\PipelineBehaviors.cs:line 20
   at Billing.API.Controllers.ProductsController.GetProducts(Int32 page, Int32 pageSize, String search, String orderBy, Boolean ascending, CancellationToken cancellationToken) in d:\Projects\ERP\NewShop\src\Billing.API\Controllers\ProductsController.cs:line 30
   at Microsoft.AspNetCore.Mvc.Infrastructure.ActionMethodExecutor.TaskOfIActionResultExecutor.Execute(ActionContext actionContext, IActionResultTypeMapper mapper, ObjectMethodExecutor executor, Object controller, Object[] arguments)
   at Microsoft.AspNetCore.Mvc.Infrastructure.ControllerActionInvoker.<InvokeActionMethodAsync>g__Awaited|12_0(ControllerActionInvoker invoker, ValueTask`1 actionResultValueTask)
   at Microsoft.AspNetCore.Mvc.Infrastructure.ControllerActionInvoker.<InvokeNextActionFilterAsync>g__Awaited|10_0(ControllerActionInvoker invoker, Task lastTask, State next, Scope scope, Object state, Boolean isCompleted)
   at Microsoft.AspNetCore.Mvc.Infrastructure.ControllerActionInvoker.Rethrow(ActionExecutedContextSealed context)
   at Microsoft.AspNetCore.Mvc.Infrastructure.ControllerActionInvoker.Next(State& next, Scope& scope, Object& state, Boolean& isCompleted)
   at Microsoft.AspNetCore.Mvc.Infrastructure.ControllerActionInvoker.<InvokeInnerFilterAsync>g__Awaited|13_0(ControllerActionInvoker invoker, Task lastTask, State next, Scope scope, Object state, Boolean isCompleted)
   at Microsoft.AspNetCore.Mvc.Infrastructure.ResourceInvoker.<InvokeFilterPipelineAsync>g__Awaited|20_0(ResourceInvoker invoker, Task lastTask, State next, Scope scope, Object state, Boolean isCompleted)
   at Microsoft.AspNetCore.Mvc.Infrastructure.ResourceInvoker.<InvokeAsync>g__Awaited|17_0(ResourceInvoker invoker, Task task, IDisposable scope)
   at Microsoft.AspNetCore.Mvc.Infrastructure.ResourceInvoker.<InvokeAsync>g__Awaited|17_0(ResourceInvoker invoker, Task task, IDisposable scope)
   at Microsoft.AspNetCore.Authorization.AuthorizationMiddleware.Invoke(HttpContext context)
   at Billing.Infrastructure.Middleware.TenantContextMiddleware.InvokeAsync(HttpContext context, ITenantContext tenantContext) in d:\Projects\ERP\NewShop\src\Billing.Infrastructure\Middleware\TenantContextMiddleware.cs:line 49
   at Microsoft.AspNetCore.Authentication.AuthenticationMiddleware.Invoke(HttpContext context)
   at Billing.Infrastructure.Middleware.GlobalExceptionMiddleware.InvokeAsync(HttpContext context) in d:\Projects\ERP\NewShop\src\Billing.Infrastructure\Middleware\GlobalExceptionMiddleware.cs:line 31
2026-07-24 10:49:39.232 +05:30 [ERR] HTTP GET /api/products responded 500 in 143.7671 ms
2026-07-24 10:49:39.240 +05:30 [INF] Handling GetCustomersQuery
2026-07-24 10:49:39.268 +05:30 [INF] Handled GetCustomersQuery in 28ms
2026-07-24 10:49:39.278 +05:30 [INF] HTTP GET /api/customers responded 200 in 43.6226 ms
2026-07-24 10:49:39.285 +05:30 [INF] Handling GetSuppliersQuery
2026-07-24 10:49:39.324 +05:30 [INF] Handled GetSuppliersQuery in 38ms
2026-07-24 10:49:39.328 +05:30 [INF] HTTP GET /api/suppliers responded 200 in 46.3594 ms
2026-07-24 10:49:39.335 +05:30 [INF] Handling GetPurchasesQuery
2026-07-24 10:49:39.353 +05:30 [INF] Handled GetPurchasesQuery in 18ms
2026-07-24 10:49:39.362 +05:30 [INF] HTTP GET /api/purchases responded 200 in 32.0318 ms
2026-07-24 10:49:39.369 +05:30 [INF] Handling GetSalesQuery
2026-07-24 10:49:39.369 +05:30 [ERR] Failed handling GetSalesQuery after 0ms
System.InvalidOperationException: No service for type 'MediatR.IRequestHandler`2[Billing.Application.Commands.Sales.GetSalesQuery,Billing.Shared.Results.Result`1[Billing.Application.Common.PagedResult`1[Billing.Application.DTOs.Sales.SaleDto]]]' has been registered.
   at Microsoft.Extensions.DependencyInjection.ServiceProviderServiceExtensions.GetRequiredService(IServiceProvider provider, Type serviceType)
   at Microsoft.Extensions.DependencyInjection.ServiceProviderServiceExtensions.GetRequiredService[T](IServiceProvider provider)
   at MediatR.Wrappers.RequestHandlerWrapperImpl`2.<>c__DisplayClass1_0.<Handle>g__Handler|0()
   at Billing.Application.Behaviors.LoggingBehavior`2.Handle(TRequest request, RequestHandlerDelegate`1 next, CancellationToken cancellationToken) in d:\Projects\ERP\NewShop\src\Billing.Application\Behaviors\PipelineBehaviors.cs:line 53
   at Billing.Application.Behaviors.ValidationBehavior`2.Handle(TRequest request, RequestHandlerDelegate`1 next, CancellationToken cancellationToken) in d:\Projects\ERP\NewShop\src\Billing.Application\Behaviors\PipelineBehaviors.cs:line 20
   at Billing.API.Controllers.SalesController.GetSales(Nullable`1 from, Nullable`1 to, Int32 page, Int32 pageSize, CancellationToken cancellationToken) in d:\Projects\ERP\NewShop\src\Billing.API\Controllers\SalesController.cs:line 30
   at Microsoft.AspNetCore.Mvc.Infrastructure.ActionMethodExecutor.TaskOfIActionResultExecutor.Execute(ActionContext actionContext, IActionResultTypeMapper mapper, ObjectMethodExecutor executor, Object controller, Object[] arguments)
   at Microsoft.AspNetCore.Mvc.Infrastructure.ControllerActionInvoker.<InvokeActionMethodAsync>g__Awaited|12_0(ControllerActionInvoker invoker, ValueTask`1 actionResultValueTask)
2026-07-24 10:49:39.370 +05:30 [ERR] Unhandled exception. Path: /api/sales. Message: No service for type 'MediatR.IRequestHandler`2[Billing.Application.Commands.Sales.GetSalesQuery,Billing.Shared.Results.Result`1[Billing.Application.Common.PagedResult`1[Billing.Application.DTOs.Sales.SaleDto]]]' has been registered.
System.InvalidOperationException: No service for type 'MediatR.IRequestHandler`2[Billing.Application.Commands.Sales.GetSalesQuery,Billing.Shared.Results.Result`1[Billing.Application.Common.PagedResult`1[Billing.Application.DTOs.Sales.SaleDto]]]' has been registered.
   at Microsoft.Extensions.DependencyInjection.ServiceProviderServiceExtensions.GetRequiredService(IServiceProvider provider, Type serviceType)
   at Microsoft.Extensions.DependencyInjection.ServiceProviderServiceExtensions.GetRequiredService[T](IServiceProvider provider)
   at MediatR.Wrappers.RequestHandlerWrapperImpl`2.<>c__DisplayClass1_0.<Handle>g__Handler|0()
   at Billing.Application.Behaviors.LoggingBehavior`2.Handle(TRequest request, RequestHandlerDelegate`1 next, CancellationToken cancellationToken) in d:\Projects\ERP\NewShop\src\Billing.Application\Behaviors\PipelineBehaviors.cs:line 53
   at Billing.Application.Behaviors.ValidationBehavior`2.Handle(TRequest request, RequestHandlerDelegate`1 next, CancellationToken cancellationToken) in d:\Projects\ERP\NewShop\src\Billing.Application\Behaviors\PipelineBehaviors.cs:line 20
   at Billing.API.Controllers.SalesController.GetSales(Nullable`1 from, Nullable`1 to, Int32 page, Int32 pageSize, CancellationToken cancellationToken) in d:\Projects\ERP\NewShop\src\Billing.API\Controllers\SalesController.cs:line 30
   at Microsoft.AspNetCore.Mvc.Infrastructure.ActionMethodExecutor.TaskOfIActionResultExecutor.Execute(ActionContext actionContext, IActionResultTypeMapper mapper, ObjectMethodExecutor executor, Object controller, Object[] arguments)
   at Microsoft.AspNetCore.Mvc.Infrastructure.ControllerActionInvoker.<InvokeActionMethodAsync>g__Awaited|12_0(ControllerActionInvoker invoker, ValueTask`1 actionResultValueTask)
   at Microsoft.AspNetCore.Mvc.Infrastructure.ControllerActionInvoker.<InvokeNextActionFilterAsync>g__Awaited|10_0(ControllerActionInvoker invoker, Task lastTask, State next, Scope scope, Object state, Boolean isCompleted)
   at Microsoft.AspNetCore.Mvc.Infrastructure.ControllerActionInvoker.Rethrow(ActionExecutedContextSealed context)
   at Microsoft.AspNetCore.Mvc.Infrastructure.ControllerActionInvoker.Next(State& next, Scope& scope, Object& state, Boolean& isCompleted)
   at Microsoft.AspNetCore.Mvc.Infrastructure.ControllerActionInvoker.InvokeInnerFilterAsync()
--- End of stack trace from previous location ---
   at Microsoft.AspNetCore.Mvc.Infrastructure.ResourceInvoker.<InvokeFilterPipelineAsync>g__Awaited|20_0(ResourceInvoker invoker, Task lastTask, State next, Scope scope, Object state, Boolean isCompleted)
   at Microsoft.AspNetCore.Mvc.Infrastructure.ResourceInvoker.<InvokeAsync>g__Awaited|17_0(ResourceInvoker invoker, Task task, IDisposable scope)
   at Microsoft.AspNetCore.Mvc.Infrastructure.ResourceInvoker.<InvokeAsync>g__Awaited|17_0(ResourceInvoker invoker, Task task, IDisposable scope)
   at Microsoft.AspNetCore.Authorization.AuthorizationMiddleware.Invoke(HttpContext context)
   at Billing.Infrastructure.Middleware.TenantContextMiddleware.InvokeAsync(HttpContext context, ITenantContext tenantContext) in d:\Projects\ERP\NewShop\src\Billing.Infrastructure\Middleware\TenantContextMiddleware.cs:line 49
   at Microsoft.AspNetCore.Authentication.AuthenticationMiddleware.Invoke(HttpContext context)
   at Billing.Infrastructure.Middleware.GlobalExceptionMiddleware.InvokeAsync(HttpContext context) in d:\Projects\ERP\NewShop\src\Billing.Infrastructure\Middleware\GlobalExceptionMiddleware.cs:line 31
2026-07-24 10:49:39.370 +05:30 [ERR] HTTP GET /api/sales responded 500 in 6.1876 ms
2026-07-24 10:49:39.376 +05:30 [INF] Handling GetProfitLossReportQuery
2026-07-24 10:49:39.410 +05:30 [ERR] Failed handling GetProfitLossReportQuery after 33ms
System.InvalidOperationException: A parameterless default constructor or one matching signature (System.Decimal Revenue, System.Decimal CostOfGoods, System.Decimal Expenses, System.Int32 GrossProfit, System.Int32 NetProfit) is required for Billing.Persistence.Repositories.ProfitLossRow materialization
   at Dapper.SqlMapper.GenerateDeserializerFromMap(Type type, DbDataReader reader, Int32 startBound, Int32 length, Boolean returnNullIfFirstMissing, ILGenerator il) in /_/Dapper/SqlMapper.cs:line 3473
   at Dapper.SqlMapper.GetTypeDeserializerImpl(Type type, DbDataReader reader, Int32 startBound, Int32 length, Boolean returnNullIfFirstMissing) in /_/Dapper/SqlMapper.cs:line 3304
   at Dapper.SqlMapper.TypeDeserializerCache.GetReader(DbDataReader reader, Int32 startBound, Int32 length, Boolean returnNullIfFirstMissing) in /_/Dapper/SqlMapper.TypeDeserializerCache.cs:line 151
   at Dapper.SqlMapper.TypeDeserializerCache.GetReader(Type type, DbDataReader reader, Int32 startBound, Int32 length, Boolean returnNullIfFirstMissing) in /_/Dapper/SqlMapper.TypeDeserializerCache.cs:line 50
   at Dapper.SqlMapper.GetTypeDeserializer(Type type, DbDataReader reader, Int32 startBound, Int32 length, Boolean returnNullIfFirstMissing) in /_/Dapper/SqlMapper.cs:line 3258
   at Dapper.SqlMapper.GetDeserializer(Type type, DbDataReader reader, Int32 startBound, Int32 length, Boolean returnNullIfFirstMissing) in /_/Dapper/SqlMapper.cs:line 1945
   at Dapper.SqlMapper.QueryRowAsync[T](IDbConnection cnn, Row row, Type effectiveType, CommandDefinition command) in /_/Dapper/SqlMapper.Async.cs:line 496
   at Billing.Persistence.Repositories.ReportRepository.GetProfitLossAsync(DateTime from, DateTime to, CancellationToken cancellationToken) in d:\Projects\ERP\NewShop\src\Billing.Persistence\Repositories\ReportRepository.cs:line 120
   at Billing.Application.Handlers.Reports.GetProfitLossReportHandler.Handle(GetProfitLossReportQuery request, CancellationToken cancellationToken) in d:\Projects\ERP\NewShop\src\Billing.Application\Handlers\Reports\ReportQueryHandlers.cs:line 34
   at Billing.Application.Behaviors.LoggingBehavior`2.Handle(TRequest request, RequestHandlerDelegate`1 next, CancellationToken cancellationToken) in d:\Projects\ERP\NewShop\src\Billing.Application\Behaviors\PipelineBehaviors.cs:line 53
   at Billing.Application.Behaviors.ValidationBehavior`2.Handle(TRequest request, RequestHandlerDelegate`1 next, CancellationToken cancellationToken) in d:\Projects\ERP\NewShop\src\Billing.Application\Behaviors\PipelineBehaviors.cs:line 20
2026-07-24 10:49:39.411 +05:30 [ERR] Unhandled exception. Path: /api/reports/profit-loss. Message: A parameterless default constructor or one matching signature (System.Decimal Revenue, System.Decimal CostOfGoods, System.Decimal Expenses, System.Int32 GrossProfit, System.Int32 NetProfit) is required for Billing.Persistence.Repositories.ProfitLossRow materialization
System.InvalidOperationException: A parameterless default constructor or one matching signature (System.Decimal Revenue, System.Decimal CostOfGoods, System.Decimal Expenses, System.Int32 GrossProfit, System.Int32 NetProfit) is required for Billing.Persistence.Repositories.ProfitLossRow materialization
   at Dapper.SqlMapper.GenerateDeserializerFromMap(Type type, DbDataReader reader, Int32 startBound, Int32 length, Boolean returnNullIfFirstMissing, ILGenerator il) in /_/Dapper/SqlMapper.cs:line 3473
   at Dapper.SqlMapper.GetTypeDeserializerImpl(Type type, DbDataReader reader, Int32 startBound, Int32 length, Boolean returnNullIfFirstMissing) in /_/Dapper/SqlMapper.cs:line 3304
   at Dapper.SqlMapper.TypeDeserializerCache.GetReader(DbDataReader reader, Int32 startBound, Int32 length, Boolean returnNullIfFirstMissing) in /_/Dapper/SqlMapper.TypeDeserializerCache.cs:line 151
   at Dapper.SqlMapper.TypeDeserializerCache.GetReader(Type type, DbDataReader reader, Int32 startBound, Int32 length, Boolean returnNullIfFirstMissing) in /_/Dapper/SqlMapper.TypeDeserializerCache.cs:line 50
   at Dapper.SqlMapper.GetTypeDeserializer(Type type, DbDataReader reader, Int32 startBound, Int32 length, Boolean returnNullIfFirstMissing) in /_/Dapper/SqlMapper.cs:line 3258
   at Dapper.SqlMapper.GetDeserializer(Type type, DbDataReader reader, Int32 startBound, Int32 length, Boolean returnNullIfFirstMissing) in /_/Dapper/SqlMapper.cs:line 1945
   at Dapper.SqlMapper.QueryRowAsync[T](IDbConnection cnn, Row row, Type effectiveType, CommandDefinition command) in /_/Dapper/SqlMapper.Async.cs:line 496
   at Billing.Persistence.Repositories.ReportRepository.GetProfitLossAsync(DateTime from, DateTime to, CancellationToken cancellationToken) in d:\Projects\ERP\NewShop\src\Billing.Persistence\Repositories\ReportRepository.cs:line 120
   at Billing.Application.Handlers.Reports.GetProfitLossReportHandler.Handle(GetProfitLossReportQuery request, CancellationToken cancellationToken) in d:\Projects\ERP\NewShop\src\Billing.Application\Handlers\Reports\ReportQueryHandlers.cs:line 34
   at Billing.Application.Behaviors.LoggingBehavior`2.Handle(TRequest request, RequestHandlerDelegate`1 next, CancellationToken cancellationToken) in d:\Projects\ERP\NewShop\src\Billing.Application\Behaviors\PipelineBehaviors.cs:line 53
   at Billing.Application.Behaviors.ValidationBehavior`2.Handle(TRequest request, RequestHandlerDelegate`1 next, CancellationToken cancellationToken) in d:\Projects\ERP\NewShop\src\Billing.Application\Behaviors\PipelineBehaviors.cs:line 20
   at Billing.API.Controllers.ReportsController.GetProfitLoss(Nullable`1 from, Nullable`1 to, CancellationToken cancellationToken) in d:\Projects\ERP\NewShop\src\Billing.API\Controllers\ReportsController.cs:line 29
   at Microsoft.AspNetCore.Mvc.Infrastructure.ActionMethodExecutor.TaskOfIActionResultExecutor.Execute(ActionContext actionContext, IActionResultTypeMapper mapper, ObjectMethodExecutor executor, Object controller, Object[] arguments)
   at Microsoft.AspNetCore.Mvc.Infrastructure.ControllerActionInvoker.<InvokeActionMethodAsync>g__Awaited|12_0(ControllerActionInvoker invoker, ValueTask`1 actionResultValueTask)
   at Microsoft.AspNetCore.Mvc.Infrastructure.ControllerActionInvoker.<InvokeNextActionFilterAsync>g__Awaited|10_0(ControllerActionInvoker invoker, Task lastTask, State next, Scope scope, Object state, Boolean isCompleted)
   at Microsoft.AspNetCore.Mvc.Infrastructure.ControllerActionInvoker.Rethrow(ActionExecutedContextSealed context)
   at Microsoft.AspNetCore.Mvc.Infrastructure.ControllerActionInvoker.Next(State& next, Scope& scope, Object& state, Boolean& isCompleted)
   at Microsoft.AspNetCore.Mvc.Infrastructure.ControllerActionInvoker.<InvokeInnerFilterAsync>g__Awaited|13_0(ControllerActionInvoker invoker, Task lastTask, State next, Scope scope, Object state, Boolean isCompleted)
   at Microsoft.AspNetCore.Mvc.Infrastructure.ResourceInvoker.<InvokeFilterPipelineAsync>g__Awaited|20_0(ResourceInvoker invoker, Task lastTask, State next, Scope scope, Object state, Boolean isCompleted)
   at Microsoft.AspNetCore.Mvc.Infrastructure.ResourceInvoker.<InvokeAsync>g__Awaited|17_0(ResourceInvoker invoker, Task task, IDisposable scope)
   at Microsoft.AspNetCore.Mvc.Infrastructure.ResourceInvoker.<InvokeAsync>g__Awaited|17_0(ResourceInvoker invoker, Task task, IDisposable scope)
   at Microsoft.AspNetCore.Authorization.AuthorizationMiddleware.Invoke(HttpContext context)
   at Billing.Infrastructure.Middleware.TenantContextMiddleware.InvokeAsync(HttpContext context, ITenantContext tenantContext) in d:\Projects\ERP\NewShop\src\Billing.Infrastructure\Middleware\TenantContextMiddleware.cs:line 49
   at Microsoft.AspNetCore.Authentication.AuthenticationMiddleware.Invoke(HttpContext context)
   at Billing.Infrastructure.Middleware.GlobalExceptionMiddleware.InvokeAsync(HttpContext context) in d:\Projects\ERP\NewShop\src\Billing.Infrastructure\Middleware\GlobalExceptionMiddleware.cs:line 31
2026-07-24 10:49:39.411 +05:30 [ERR] HTTP GET /api/reports/profit-loss responded 500 in 38.6509 ms
2026-07-24 10:49:39.419 +05:30 [INF] Handling GetSalesReportQuery
2026-07-24 10:49:39.443 +05:30 [INF] Handled GetSalesReportQuery in 24ms
2026-07-24 10:49:39.446 +05:30 [INF] HTTP GET /api/reports/sales responded 200 in 32.4569 ms
2026-07-24 10:49:39.452 +05:30 [INF] Handling GetPaymentSummaryReportQuery
2026-07-24 10:49:39.476 +05:30 [INF] Handled GetPaymentSummaryReportQuery in 24ms
2026-07-24 10:49:39.479 +05:30 [INF] HTTP GET /api/reports/payments responded 200 in 31.3991 ms
2026-07-24 10:49:39.485 +05:30 [INF] Handling GetGstReportQuery
2026-07-24 10:49:39.516 +05:30 [INF] Handled GetGstReportQuery in 31ms
2026-07-24 10:49:39.519 +05:30 [INF] HTTP GET /api/reports/gst responded 200 in 38.9232 ms
2026-07-24 10:49:39.524 +05:30 [INF] Handling GetInventoryValuationReportQuery
2026-07-24 10:49:39.538 +05:30 [INF] Handled GetInventoryValuationReportQuery in 14ms
2026-07-24 10:49:39.542 +05:30 [INF] HTTP GET /api/reports/inventory-valuation responded 200 in 21.0884 ms
2026-07-24 10:49:39.549 +05:30 [INF] Handling GetTopProductsReportQuery
2026-07-24 10:49:39.570 +05:30 [INF] Handled GetTopProductsReportQuery in 21ms
2026-07-24 10:49:39.572 +05:30 [INF] HTTP GET /api/reports/top-products responded 200 in 28.6648 ms
2026-07-24 10:49:39.578 +05:30 [INF] Handling GetLowStockProductsQuery
2026-07-24 10:49:39.594 +05:30 [INF] Handled GetLowStockProductsQuery in 15ms
2026-07-24 10:49:39.597 +05:30 [INF] HTTP GET /api/products/low-stock responded 200 in 23.5428 ms
2026-07-24 10:49:39.607 +05:30 [INF] Handling SearchProductsQuery
2026-07-24 10:49:39.647 +05:30 [INF] Handled SearchProductsQuery in 40ms
2026-07-24 10:49:39.648 +05:30 [INF] HTTP GET /api/products/search responded 200 in 49.2159 ms
2026-07-24 16:11:50.863 +05:30 [INF] Now listening on: http://localhost:5000
2026-07-24 16:11:50.867 +05:30 [INF] Application started. Press Ctrl+C to shut down.
2026-07-24 16:11:50.867 +05:30 [INF] Hosting environment: Production
2026-07-24 16:11:50.867 +05:30 [INF] Content root path: d:\Projects\ERP\NewShop\src\Billing.API
2026-07-24 16:12:12.732 +05:30 [INF] HTTP POST /api/auth/login responded 200 in 2006.6519 ms
2026-07-24 16:12:24.775 +05:30 [INF] HTTP GET /api/products responded 401 in 75.6585 ms
2026-07-24 16:12:25.053 +05:30 [INF] HTTP POST /api/auth/refresh responded 200 in 256.7028 ms
2026-07-24 16:12:25.094 +05:30 [INF] Handling GetProductsQuery
2026-07-24 16:12:28.457 +05:30 [INF] Handling GetProductsQuery
2026-07-24 16:12:33.515 +05:30 [WRN] Redis connection failed; falling back to in-memory cache.
StackExchange.Redis.RedisConnectionException: It was not possible to connect to the redis server(s). Error connecting right now. To allow this multiplexer to continue retrying until it's able to connect, use abortConnect=false in your connection string or AbortOnConnectFail=false; in your code.
   at StackExchange.Redis.ConnectionMultiplexer.ConnectImplAsync(ConfigurationOptions configuration, TextWriter writer, Nullable`1 serverType) in /_/src/StackExchange.Redis/ConnectionMultiplexer.cs:line 620
   at Billing.Infrastructure.Caching.RedisCacheService.GetDatabaseAsync() in d:\Projects\ERP\NewShop\src\Billing.Infrastructure\Caching\RedisCacheService.cs:line 44
2026-07-24 16:12:33.602 +05:30 [INF] Handled GetProductsQuery in 8508ms
2026-07-24 16:12:33.638 +05:30 [INF] HTTP GET /api/products responded 200 in 8577.7369 ms
2026-07-24 16:12:45.731 +05:30 [WRN] Redis connection failed; falling back to in-memory cache.
StackExchange.Redis.RedisConnectionException: It was not possible to connect to the redis server(s). Error connecting right now. To allow this multiplexer to continue retrying until it's able to connect, use abortConnect=false in your connection string or AbortOnConnectFail=false; in your code.
   at StackExchange.Redis.ConnectionMultiplexer.ConnectImplAsync(ConfigurationOptions configuration, TextWriter writer, Nullable`1 serverType) in /_/src/StackExchange.Redis/ConnectionMultiplexer.cs:line 620
   at Billing.Infrastructure.Caching.RedisCacheService.GetDatabaseAsync() in d:\Projects\ERP\NewShop\src\Billing.Infrastructure\Caching\RedisCacheService.cs:line 44
2026-07-24 16:12:45.732 +05:30 [INF] Handled GetProductsQuery in 17274ms
2026-07-24 16:12:45.733 +05:30 [INF] HTTP GET /api/products responded 200 in 17281.0653 ms
2026-07-24 16:13:00.422 +05:30 [INF] Handling GetCustomersQuery
2026-07-24 16:13:00.452 +05:30 [INF] Handled GetCustomersQuery in 29ms
2026-07-24 16:13:00.460 +05:30 [INF] HTTP GET /api/customers responded 200 in 50.9323 ms
2026-07-24 16:13:08.998 +05:30 [INF] Handling GetSalesQuery
2026-07-24 16:13:09.031 +05:30 [INF] Handled GetSalesQuery in 33ms
2026-07-24 16:13:09.071 +05:30 [INF] HTTP GET /api/sales responded 200 in 91.1991 ms
2026-07-24 16:13:10.531 +05:30 [INF] Handling GetSuppliersQuery
2026-07-24 16:13:10.578 +05:30 [INF] Handled GetSuppliersQuery in 47ms
2026-07-24 16:13:10.583 +05:30 [INF] HTTP GET /api/suppliers responded 200 in 70.8694 ms
2026-07-24 16:13:21.513 +05:30 [INF] Handling GetSuppliersQuery
2026-07-24 16:13:21.525 +05:30 [INF] Handling GetPurchasesQuery
2026-07-24 16:13:21.551 +05:30 [INF] Handled GetPurchasesQuery in 26ms
2026-07-24 16:13:21.557 +05:30 [INF] Handled GetSuppliersQuery in 44ms
2026-07-24 16:13:21.558 +05:30 [INF] HTTP GET /api/suppliers responded 200 in 48.2933 ms
2026-07-24 16:13:21.569 +05:30 [INF] HTTP GET /api/purchases responded 200 in 59.6635 ms
2026-07-24 16:13:23.407 +05:30 [INF] Handling GetProfitLossReportQuery
2026-07-24 16:13:23.491 +05:30 [INF] Handled GetProfitLossReportQuery in 84ms
2026-07-24 16:13:23.496 +05:30 [INF] HTTP GET /api/reports/profit-loss responded 200 in 108.7946 ms
2026-07-24 16:13:28.025 +05:30 [INF] Handling GetSalesReportQuery
2026-07-24 16:13:28.070 +05:30 [INF] Handled GetSalesReportQuery in 45ms
2026-07-24 16:13:28.080 +05:30 [INF] HTTP GET /api/reports/sales responded 200 in 69.3597 ms
2026-07-24 16:13:30.412 +05:30 [INF] Handling GetPaymentSummaryReportQuery
2026-07-24 16:13:30.445 +05:30 [INF] Handled GetPaymentSummaryReportQuery in 33ms
2026-07-24 16:13:30.449 +05:30 [INF] HTTP GET /api/reports/payments responded 200 in 52.0054 ms
2026-07-24 16:13:31.739 +05:30 [INF] Handling GetInventoryValuationReportQuery
2026-07-24 16:13:31.775 +05:30 [INF] Handled GetInventoryValuationReportQuery in 35ms
2026-07-24 16:13:31.782 +05:30 [INF] HTTP GET /api/reports/inventory-valuation responded 200 in 55.2535 ms
2026-07-24 16:13:46.547 +05:30 [INF] Handling GetTopProductsReportQuery
2026-07-24 16:13:46.576 +05:30 [INF] Handled GetTopProductsReportQuery in 29ms
2026-07-24 16:13:46.581 +05:30 [INF] HTTP GET /api/reports/top-products responded 200 in 47.8950 ms
2026-07-24 16:14:00.562 +05:30 [INF] Handling GetDashboardQuery
2026-07-24 16:14:00.639 +05:30 [INF] Handled GetDashboardQuery in 77ms
2026-07-24 16:14:00.643 +05:30 [INF] HTTP GET /api/dashboard responded 200 in 90.6109 ms
2026-07-24 16:14:16.713 +05:30 [INF] Handling GetCustomersQuery
2026-07-24 16:14:16.729 +05:30 [INF] Handled GetCustomersQuery in 16ms
2026-07-24 16:14:16.730 +05:30 [INF] HTTP GET /api/customers responded 200 in 19.7725 ms
2026-07-24 16:14:30.648 +05:30 [INF] HTTP GET /api/dashboard responded 401 in 1.9931 ms
2026-07-24 16:14:30.687 +05:30 [INF] HTTP GET /api/products responded 401 in 0.2507 ms
2026-07-24 16:14:30.715 +05:30 [INF] HTTP GET /api/sales responded 401 in 0.2997 ms
2026-07-24 16:14:30.745 +05:30 [INF] HTTP GET /api/reports/profit-loss responded 401 in 0.2771 ms
2026-07-24 16:14:50.142 +05:30 [INF] HTTP POST /api/auth/login responded 200 in 80.6291 ms
2026-07-24 16:15:05.817 +05:30 [INF] Handling GetCustomersQuery
2026-07-24 16:15:05.827 +05:30 [INF] Handled GetCustomersQuery in 10ms
2026-07-24 16:15:05.828 +05:30 [INF] HTTP GET /api/customers responded 200 in 14.8213 ms
2026-07-24 16:15:06.996 +05:30 [INF] Handling GetProductsQuery
2026-07-24 16:15:06.999 +05:30 [INF] Handled GetProductsQuery in 2ms
2026-07-24 16:15:07.000 +05:30 [INF] HTTP GET /api/products responded 200 in 11.2340 ms
2026-07-24 16:15:08.710 +05:30 [INF] Handling GetCustomersQuery
2026-07-24 16:15:08.737 +05:30 [INF] Handled GetCustomersQuery in 27ms
2026-07-24 16:15:08.738 +05:30 [INF] HTTP GET /api/customers responded 200 in 29.7217 ms
2026-07-24 16:15:23.892 +05:30 [INF] Handling GetProfitLossReportQuery
2026-07-24 16:15:23.910 +05:30 [INF] Handled GetProfitLossReportQuery in 18ms
2026-07-24 16:15:23.911 +05:30 [INF] HTTP GET /api/reports/profit-loss responded 200 in 20.2003 ms
2026-07-24 16:15:26.455 +05:30 [INF] Handling GetSalesReportQuery
2026-07-24 16:15:26.456 +05:30 [INF] Handled GetSalesReportQuery in 0ms
2026-07-24 16:15:26.457 +05:30 [INF] HTTP GET /api/reports/sales responded 200 in 4.0104 ms
2026-07-24 16:15:27.203 +05:30 [INF] Handling GetGstReportQuery
2026-07-24 16:15:27.243 +05:30 [INF] Handled GetGstReportQuery in 40ms
2026-07-24 16:15:27.250 +05:30 [INF] HTTP GET /api/reports/gst responded 200 in 64.6409 ms
2026-07-24 16:15:27.898 +05:30 [INF] Handling GetPaymentSummaryReportQuery
2026-07-24 16:15:27.899 +05:30 [INF] Handled GetPaymentSummaryReportQuery in 1ms
2026-07-24 16:15:27.900 +05:30 [INF] HTTP GET /api/reports/payments responded 200 in 4.5299 ms
2026-07-24 16:15:28.746 +05:30 [INF] Handling GetInventoryValuationReportQuery
2026-07-24 16:15:28.750 +05:30 [INF] Handled GetInventoryValuationReportQuery in 3ms
2026-07-24 16:15:28.750 +05:30 [INF] HTTP GET /api/reports/inventory-valuation responded 200 in 6.7212 ms
2026-07-24 16:15:31.108 +05:30 [INF] Handling GetTopProductsReportQuery
2026-07-24 16:15:31.108 +05:30 [INF] Handled GetTopProductsReportQuery in 0ms
2026-07-24 16:15:31.109 +05:30 [INF] HTTP GET /api/reports/top-products responded 200 in 3.4399 ms
2026-07-24 16:15:34.097 +05:30 [INF] Handling GetCustomersQuery
2026-07-24 16:15:34.111 +05:30 [INF] Handled GetCustomersQuery in 14ms
2026-07-24 16:15:34.112 +05:30 [INF] HTTP GET /api/customers responded 200 in 16.3040 ms
2026-07-24 16:15:50.016 +05:30 [INF] Handling GetDashboardQuery
2026-07-24 16:15:50.017 +05:30 [INF] Handled GetDashboardQuery in 0ms
2026-07-24 16:15:50.017 +05:30 [INF] HTTP GET /api/dashboard responded 200 in 1.9020 ms
2026-07-24 16:15:55.204 +05:30 [INF] HTTP POST /api/auth/logout responded 200 in 40.1169 ms
2026-07-24 16:16:36.298 +05:30 [INF] HTTP POST /api/auth/login responded 200 in 390.4756 ms
2026-07-24 16:16:36.393 +05:30 [INF] Handling GetDashboardQuery
2026-07-24 16:16:36.467 +05:30 [INF] Handled GetDashboardQuery in 74ms
2026-07-24 16:16:36.468 +05:30 [INF] HTTP GET /api/dashboard responded 200 in 78.8838 ms
2026-07-24 16:16:42.522 +05:30 [INF] Handling GetCustomersQuery
2026-07-24 16:16:42.540 +05:30 [INF] Handled GetCustomersQuery in 17ms
2026-07-24 16:16:42.541 +05:30 [INF] HTTP GET /api/customers responded 200 in 20.2810 ms
2026-07-24 16:17:18.191 +05:30 [INF] Handling GetDashboardQuery
2026-07-24 16:17:18.191 +05:30 [INF] Handled GetDashboardQuery in 0ms
2026-07-24 16:17:18.191 +05:30 [INF] HTTP GET /api/dashboard responded 200 in 0.8865 ms
2026-07-24 16:17:18.353 +05:30 [INF] Handling GetProductsQuery
2026-07-24 16:17:18.370 +05:30 [INF] Handled GetProductsQuery in 16ms
2026-07-24 16:17:18.370 +05:30 [INF] HTTP GET /api/products responded 200 in 17.3905 ms
2026-07-24 16:17:18.386 +05:30 [INF] Handling GetCustomersQuery
2026-07-24 16:17:18.399 +05:30 [INF] Handled GetCustomersQuery in 13ms
2026-07-24 16:17:18.400 +05:30 [INF] HTTP GET /api/customers responded 200 in 14.7477 ms
2026-07-24 16:17:18.414 +05:30 [INF] Handling GetSuppliersQuery
2026-07-24 16:17:18.429 +05:30 [INF] Handled GetSuppliersQuery in 15ms
2026-07-24 16:17:18.430 +05:30 [INF] HTTP GET /api/suppliers responded 200 in 23.2273 ms
2026-07-24 16:17:18.441 +05:30 [INF] Handling GetPurchasesQuery
2026-07-24 16:17:18.466 +05:30 [INF] Handled GetPurchasesQuery in 25ms
2026-07-24 16:17:18.467 +05:30 [INF] HTTP GET /api/purchases responded 200 in 27.2693 ms
2026-07-24 16:17:18.473 +05:30 [INF] Handling GetSalesQuery
2026-07-24 16:17:18.487 +05:30 [INF] Handled GetSalesQuery in 13ms
2026-07-24 16:17:18.487 +05:30 [INF] HTTP GET /api/sales responded 200 in 14.9996 ms
2026-07-24 16:17:18.494 +05:30 [INF] Handling GetSalesReportQuery
2026-07-24 16:17:18.509 +05:30 [INF] Handled GetSalesReportQuery in 15ms
2026-07-24 16:17:18.509 +05:30 [INF] HTTP GET /api/reports/sales responded 200 in 19.0608 ms
2026-07-24 16:17:18.521 +05:30 [INF] Handling GetPaymentSummaryReportQuery
2026-07-24 16:17:18.534 +05:30 [INF] Handled GetPaymentSummaryReportQuery in 12ms
2026-07-24 16:17:18.534 +05:30 [INF] HTTP GET /api/reports/payments responded 200 in 14.6182 ms
2026-07-24 16:17:18.538 +05:30 [INF] Handling GetGstReportQuery
2026-07-24 16:17:18.538 +05:30 [INF] Handled GetGstReportQuery in 0ms
2026-07-24 16:17:18.538 +05:30 [INF] HTTP GET /api/reports/gst responded 200 in 1.4709 ms
2026-07-24 16:17:18.544 +05:30 [INF] Handling GetInventoryValuationReportQuery
2026-07-24 16:17:18.544 +05:30 [INF] Handled GetInventoryValuationReportQuery in 0ms
2026-07-24 16:17:18.544 +05:30 [INF] HTTP GET /api/reports/inventory-valuation responded 200 in 2.7422 ms
2026-07-24 16:17:18.551 +05:30 [INF] Handling GetTopProductsReportQuery
2026-07-24 16:17:18.563 +05:30 [INF] Handled GetTopProductsReportQuery in 11ms
2026-07-24 16:17:18.563 +05:30 [INF] HTTP GET /api/reports/top-products responded 200 in 13.2830 ms
2026-07-24 16:17:18.568 +05:30 [INF] Handling GetProfitLossReportQuery
2026-07-24 16:17:18.589 +05:30 [INF] Handled GetProfitLossReportQuery in 21ms
2026-07-24 16:17:18.589 +05:30 [INF] HTTP GET /api/reports/profit-loss responded 200 in 23.1914 ms
2026-07-24 16:17:18.596 +05:30 [INF] Handling GetLowStockProductsQuery
2026-07-24 16:17:18.607 +05:30 [INF] Handled GetLowStockProductsQuery in 11ms
2026-07-24 16:17:18.609 +05:30 [INF] HTTP GET /api/products/low-stock responded 200 in 16.5150 ms
2026-07-24 16:17:18.628 +05:30 [INF] HTTP GET /api/products/search responded 400 in 15.4015 ms
2026-07-24 16:18:02.898 +05:30 [INF] HTTP GET /weatherforecast responded 404 in 1.2150 ms
2026-07-24 16:18:31.095 +05:30 [INF] Handling SearchProductsQuery
2026-07-24 16:18:31.128 +05:30 [INF] Handled SearchProductsQuery in 33ms
2026-07-24 16:18:31.128 +05:30 [INF] HTTP GET /api/products/search responded 200 in 35.7921 ms
2026-07-24 16:19:24.424 +05:30 [INF] Handling GetDashboardQuery
2026-07-24 16:19:24.494 +05:30 [INF] Handled GetDashboardQuery in 70ms
2026-07-24 16:19:24.494 +05:30 [INF] HTTP GET /api/dashboard responded 200 in 71.5447 ms
2026-07-24 16:19:28.722 +05:30 [INF] Handling GetProfitLossReportQuery
2026-07-24 16:19:28.744 +05:30 [INF] Handled GetProfitLossReportQuery in 22ms
2026-07-24 16:19:28.745 +05:30 [INF] HTTP GET /api/reports/profit-loss responded 200 in 25.0084 ms
2026-07-24 16:19:30.661 +05:30 [INF] Handling GetSuppliersQuery
2026-07-24 16:19:30.671 +05:30 [INF] Handled GetSuppliersQuery in 9ms
2026-07-24 16:19:30.672 +05:30 [INF] HTTP GET /api/suppliers responded 200 in 10.7836 ms
2026-07-24 16:19:41.839 +05:30 [INF] Handling GetCustomersQuery
2026-07-24 16:19:41.852 +05:30 [INF] Handled GetCustomersQuery in 12ms
2026-07-24 16:19:41.852 +05:30 [INF] HTTP GET /api/customers responded 200 in 13.7297 ms
2026-07-24 16:19:46.856 +05:30 [INF] Handling GetProductsQuery
2026-07-24 16:19:46.883 +05:30 [INF] Handled GetProductsQuery in 26ms
2026-07-24 16:19:46.884 +05:30 [INF] HTTP GET /api/products responded 200 in 29.0960 ms
2026-07-24 16:19:49.278 +05:30 [INF] Handling GetSalesQuery
2026-07-24 16:19:49.300 +05:30 [INF] Handled GetSalesQuery in 21ms
2026-07-24 16:19:49.300 +05:30 [INF] HTTP GET /api/sales responded 200 in 30.9496 ms
2026-07-24 16:20:02.304 +05:30 [INF] Handling SearchProductsQuery
2026-07-24 16:20:02.326 +05:30 [INF] Handled SearchProductsQuery in 21ms
2026-07-24 16:20:02.327 +05:30 [INF] HTTP GET /api/products/search responded 200 in 26.3440 ms
2026-07-24 16:20:21.097 +05:30 [INF] Handling SearchProductsQuery
2026-07-24 16:20:21.128 +05:30 [INF] Handled SearchProductsQuery in 30ms
2026-07-24 16:20:21.129 +05:30 [INF] HTTP GET /api/products/search responded 200 in 35.4351 ms
2026-07-24 16:20:22.410 +05:30 [INF] Handling SearchProductsQuery
2026-07-24 16:20:22.435 +05:30 [INF] Handled SearchProductsQuery in 25ms
2026-07-24 16:20:22.435 +05:30 [INF] HTTP GET /api/products/search responded 200 in 26.2910 ms
2026-07-24 16:20:22.903 +05:30 [INF] Handling SearchProductsQuery
2026-07-24 16:20:22.941 +05:30 [INF] Handled SearchProductsQuery in 37ms
2026-07-24 16:20:22.941 +05:30 [INF] HTTP GET /api/products/search responded 200 in 39.0908 ms
2026-07-24 16:20:23.118 +05:30 [INF] Handling SearchProductsQuery
2026-07-24 16:20:23.142 +05:30 [INF] Handled SearchProductsQuery in 23ms
2026-07-24 16:20:23.142 +05:30 [INF] HTTP GET /api/products/search responded 200 in 24.0752 ms
2026-07-24 16:20:23.365 +05:30 [INF] Handling SearchProductsQuery
2026-07-24 16:20:23.395 +05:30 [INF] Handled SearchProductsQuery in 29ms
2026-07-24 16:20:23.395 +05:30 [INF] HTTP GET /api/products/search responded 200 in 30.1604 ms
2026-07-24 16:20:23.563 +05:30 [INF] Handling SearchProductsQuery
2026-07-24 16:20:23.598 +05:30 [INF] Handled SearchProductsQuery in 34ms
2026-07-24 16:20:23.598 +05:30 [INF] HTTP GET /api/products/search responded 200 in 35.9330 ms
2026-07-24 16:20:23.742 +05:30 [INF] Handling SearchProductsQuery
2026-07-24 16:20:23.772 +05:30 [INF] Handled SearchProductsQuery in 29ms
2026-07-24 16:20:23.773 +05:30 [INF] HTTP GET /api/products/search responded 200 in 31.4185 ms
2026-07-24 16:20:26.426 +05:30 [INF] Handling SearchProductsQuery
2026-07-24 16:20:26.444 +05:30 [INF] Handled SearchProductsQuery in 17ms
2026-07-24 16:20:26.445 +05:30 [INF] HTTP GET /api/products/search responded 200 in 19.3153 ms
2026-07-24 16:21:34.613 +05:30 [INF] HTTP POST /api/sales responded 400 in 64.8900 ms
2026-07-24 16:21:50.673 +05:30 [INF] HTTP POST /api/sales responded 400 in 1.0328 ms
2026-07-24 16:21:55.871 +05:30 [INF] HTTP POST /api/sales responded 400 in 2.0485 ms
2026-07-24 16:22:08.847 +05:30 [INF] HTTP POST /api/auth/login responded 200 in 105.0695 ms
2026-07-24 16:23:00.038 +05:30 [INF] Handling GetProductsQuery
2026-07-24 16:23:00.059 +05:30 [INF] Handled GetProductsQuery in 20ms
2026-07-24 16:23:00.059 +05:30 [INF] HTTP GET /api/products responded 200 in 21.0706 ms
2026-07-24 16:23:00.197 +05:30 [INF] Handling GetCustomersQuery
2026-07-24 16:23:00.211 +05:30 [INF] Handled GetCustomersQuery in 13ms
2026-07-24 16:23:00.211 +05:30 [INF] HTTP GET /api/customers responded 200 in 14.0173 ms
2026-07-24 16:23:00.215 +05:30 [INF] Handling GetSuppliersQuery
2026-07-24 16:23:00.227 +05:30 [INF] Handled GetSuppliersQuery in 12ms
2026-07-24 16:23:00.228 +05:30 [INF] HTTP GET /api/suppliers responded 200 in 12.8681 ms
2026-07-24 16:23:00.309 +05:30 [INF] Handling CreateCustomerCommand
2026-07-24 16:23:00.405 +05:30 [INF] Handled CreateCustomerCommand in 96ms
2026-07-24 16:23:00.406 +05:30 [INF] HTTP POST /api/customers responded 200 in 115.1993 ms
2026-07-24 16:23:00.441 +05:30 [INF] Handling CreateCustomerCommand
2026-07-24 16:23:00.446 +05:30 [INF] Handled CreateCustomerCommand in 5ms
2026-07-24 16:23:00.446 +05:30 [INF] HTTP POST /api/customers responded 200 in 6.5280 ms
2026-07-24 16:23:00.452 +05:30 [INF] Handling CreateCustomerCommand
2026-07-24 16:23:00.472 +05:30 [INF] Handled CreateCustomerCommand in 19ms
2026-07-24 16:23:00.472 +05:30 [INF] HTTP POST /api/customers responded 200 in 22.3557 ms
2026-07-24 16:23:00.490 +05:30 [INF] Handling CreateSupplierCommand
2026-07-24 16:23:00.527 +05:30 [INF] Handled CreateSupplierCommand in 37ms
2026-07-24 16:23:00.528 +05:30 [INF] HTTP POST /api/suppliers responded 200 in 49.4607 ms
2026-07-24 16:23:00.531 +05:30 [INF] Handling CreateSupplierCommand
2026-07-24 16:23:00.535 +05:30 [INF] Handled CreateSupplierCommand in 3ms
2026-07-24 16:23:00.535 +05:30 [INF] HTTP POST /api/suppliers responded 200 in 4.7805 ms
2026-07-24 16:23:00.572 +05:30 [INF] Handling CreatePurchaseCommand
2026-07-24 16:23:01.127 +05:30 [INF] Handled CreatePurchaseCommand in 554ms
2026-07-24 16:23:01.130 +05:30 [INF] HTTP POST /api/purchases responded 200 in 567.9085 ms
2026-07-24 16:23:01.152 +05:30 [INF] Handling CreateSaleCommand
2026-07-24 16:23:01.369 +05:30 [INF] Handled CreateSaleCommand in 216ms
2026-07-24 16:23:01.375 +05:30 [INF] HTTP POST /api/sales responded 200 in 232.5535 ms
2026-07-24 16:23:01.382 +05:30 [INF] Handling CreateSaleCommand
2026-07-24 16:23:01.518 +05:30 [INF] Handled CreateSaleCommand in 135ms
2026-07-24 16:23:01.518 +05:30 [INF] HTTP POST /api/sales responded 200 in 136.2167 ms
2026-07-24 16:23:01.529 +05:30 [INF] Handling CreateSaleCommand
2026-07-24 16:23:01.642 +05:30 [INF] Handled CreateSaleCommand in 113ms
2026-07-24 16:23:01.643 +05:30 [INF] HTTP POST /api/sales responded 200 in 118.1869 ms
2026-07-24 16:23:29.962 +05:30 [INF] Handling GetSalesQuery
2026-07-24 16:23:29.980 +05:30 [INF] Handled GetSalesQuery in 18ms
2026-07-24 16:23:29.981 +05:30 [INF] HTTP GET /api/sales responded 200 in 19.5172 ms
2026-07-24 16:23:39.800 +05:30 [INF] Handling GetDashboardQuery
2026-07-24 16:23:39.926 +05:30 [INF] Handled GetDashboardQuery in 126ms
2026-07-24 16:23:39.927 +05:30 [INF] HTTP GET /api/dashboard responded 200 in 127.0335 ms
2026-07-24 16:23:42.921 +05:30 [INF] Handling GetCustomersQuery
2026-07-24 16:23:42.935 +05:30 [INF] Handled GetCustomersQuery in 13ms
2026-07-24 16:23:42.936 +05:30 [INF] HTTP GET /api/customers responded 200 in 15.0216 ms
2026-07-24 16:24:06.397 +05:30 [INF] Handling GetDashboardQuery
2026-07-24 16:24:06.398 +05:30 [INF] Handled GetDashboardQuery in 0ms
2026-07-24 16:24:06.398 +05:30 [INF] HTTP GET /api/dashboard responded 200 in 0.8589 ms
2026-07-24 16:24:24.332 +05:30 [INF] Handling GetSuppliersQuery
2026-07-24 16:24:24.350 +05:30 [INF] Handled GetSuppliersQuery in 17ms
2026-07-24 16:24:24.350 +05:30 [INF] HTTP GET /api/suppliers responded 200 in 18.8360 ms
2026-07-24 16:24:32.206 +05:30 [INF] Handling GetCustomersQuery
2026-07-24 16:24:32.219 +05:30 [INF] Handled GetCustomersQuery in 13ms
2026-07-24 16:24:32.220 +05:30 [INF] HTTP GET /api/customers responded 200 in 14.6010 ms
2026-07-24 16:24:33.418 +05:30 [INF] Handling GetProductsQuery
2026-07-24 16:24:33.446 +05:30 [INF] Handled GetProductsQuery in 27ms
2026-07-24 16:24:33.446 +05:30 [INF] HTTP GET /api/products responded 200 in 28.6002 ms
2026-07-24 16:24:41.101 +05:30 [INF] Handling SearchProductsQuery
2026-07-24 16:24:41.126 +05:30 [INF] Handled SearchProductsQuery in 24ms
2026-07-24 16:24:41.126 +05:30 [INF] HTTP GET /api/products/search responded 200 in 25.7836 ms
2026-07-24 16:24:56.715 +05:30 [INF] HTTP POST /api/sales responded 400 in 2.0047 ms
2026-07-24 16:25:09.900 +05:30 [INF] Handling GetDashboardQuery
2026-07-24 16:25:09.901 +05:30 [INF] Handled GetDashboardQuery in 0ms
2026-07-24 16:25:09.901 +05:30 [INF] HTTP GET /api/dashboard responded 200 in 0.3876 ms
2026-07-24 16:25:09.986 +05:30 [INF] Handling GetProductsQuery
2026-07-24 16:25:09.996 +05:30 [INF] Handled GetProductsQuery in 10ms
2026-07-24 16:25:09.996 +05:30 [INF] HTTP GET /api/products responded 200 in 10.9351 ms
2026-07-24 16:25:10.005 +05:30 [INF] Handling GetCustomersQuery
2026-07-24 16:25:10.011 +05:30 [INF] Handled GetCustomersQuery in 6ms
2026-07-24 16:25:10.011 +05:30 [INF] HTTP GET /api/customers responded 200 in 6.5247 ms
2026-07-24 16:25:10.021 +05:30 [INF] Handling GetSuppliersQuery
2026-07-24 16:25:10.030 +05:30 [INF] Handled GetSuppliersQuery in 8ms
2026-07-24 16:25:10.030 +05:30 [INF] HTTP GET /api/suppliers responded 200 in 8.9091 ms
2026-07-24 16:25:10.043 +05:30 [INF] Handling GetPurchasesQuery
2026-07-24 16:25:10.073 +05:30 [ERR] Failed handling GetPurchasesQuery after 29ms
System.ArgumentException: Billing.Application.DTOs.PurchaseDto needs to have a constructor with 0 args or only optional args. Validate your configuration for details. (Parameter 'type')
   at lambda_method220(Closure, Object, PurchaseDto, ResolutionContext)
   at AutoMapper.Mapper.MapCore[TSource,TDestination](TSource source, TDestination destination, ResolutionContext context, Type sourceType, Type destinationType, MemberMap memberMap)
   at AutoMapper.Mapper.Map[TDestination](Object source)
   at System.Linq.Enumerable.ListSelectIterator`2.ToList()
   at Billing.Application.Commands.Purchases.GetPurchasesHandler.Handle(GetPurchasesQuery request, CancellationToken cancellationToken) in d:\Projects\ERP\NewShop\src\Billing.Application\Handlers\Purchases\PurchaseHandlers.cs:line 216
   at Billing.Application.Behaviors.LoggingBehavior`2.Handle(TRequest request, RequestHandlerDelegate`1 next, CancellationToken cancellationToken) in d:\Projects\ERP\NewShop\src\Billing.Application\Behaviors\PipelineBehaviors.cs:line 53
   at Billing.Application.Behaviors.ValidationBehavior`2.Handle(TRequest request, RequestHandlerDelegate`1 next, CancellationToken cancellationToken) in d:\Projects\ERP\NewShop\src\Billing.Application\Behaviors\PipelineBehaviors.cs:line 20
   at Billing.API.Controllers.PurchasesController.GetPurchases(Int32 page, Int32 pageSize, CancellationToken cancellationToken) in d:\Projects\ERP\NewShop\src\Billing.API\Controllers\SuppliersController.cs:line 71
   at Microsoft.AspNetCore.Mvc.Infrastructure.ActionMethodExecutor.TaskOfIActionResultExecutor.Execute(ActionContext actionContext, IActionResultTypeMapper mapper, ObjectMethodExecutor executor, Object controller, Object[] arguments)
   at Microsoft.AspNetCore.Mvc.Infrastructure.ControllerActionInvoker.<InvokeActionMethodAsync>g__Awaited|12_0(ControllerActionInvoker invoker, ValueTask`1 actionResultValueTask)
   at Microsoft.AspNetCore.Mvc.Infrastructure.ControllerActionInvoker.<InvokeNextActionFilterAsync>g__Awaited|10_0(ControllerActionInvoker invoker, Task lastTask, State next, Scope scope, Object state, Boolean isCompleted)
   at Microsoft.AspNetCore.Mvc.Infrastructure.ControllerActionInvoker.Rethrow(ActionExecutedContextSealed context)
   at Microsoft.AspNetCore.Mvc.Infrastructure.ControllerActionInvoker.Next(State& next, Scope& scope, Object& state, Boolean& isCompleted)
   at Microsoft.AspNetCore.Mvc.Infrastructure.ControllerActionInvoker.<InvokeInnerFilterAsync>g__Awaited|13_0(ControllerActionInvoker invoker, Task lastTask, State next, Scope scope, Object state, Boolean isCompleted)
   at Microsoft.AspNetCore.Mvc.Infrastructure.ResourceInvoker.<InvokeFilterPipelineAsync>g__Awaited|20_0(ResourceInvoker invoker, Task lastTask, State next, Scope scope, Object state, Boolean isCompleted)
   at Microsoft.AspNetCore.Mvc.Infrastructure.ResourceInvoker.<InvokeAsync>g__Awaited|17_0(ResourceInvoker invoker, Task task, IDisposable scope)
   at Microsoft.AspNetCore.Mvc.Infrastructure.ResourceInvoker.<InvokeAsync>g__Awaited|17_0(ResourceInvoker invoker, Task task, IDisposable scope)
   at Microsoft.AspNetCore.Authorization.AuthorizationMiddleware.Invoke(HttpContext context)
   at Billing.Infrastructure.Middleware.TenantContextMiddleware.InvokeAsync(HttpContext context, ITenantContext tenantContext) in d:\Projects\ERP\NewShop\src\Billing.Infrastructure\Middleware\TenantContextMiddleware.cs:line 49
   at Microsoft.AspNetCore.Authentication.AuthenticationMiddleware.Invoke(HttpContext context)
   at Billing.Infrastructure.Middleware.GlobalExceptionMiddleware.InvokeAsync(HttpContext context) in d:\Projects\ERP\NewShop\src\Billing.Infrastructure\Middleware\GlobalExceptionMiddleware.cs:line 31
2026-07-24 16:25:10.080 +05:30 [ERR] Unhandled exception. Path: /api/purchases. Message: Billing.Application.DTOs.PurchaseDto needs to have a constructor with 0 args or only optional args. Validate your configuration for details. (Parameter 'type')
System.ArgumentException: Billing.Application.DTOs.PurchaseDto needs to have a constructor with 0 args or only optional args. Validate your configuration for details. (Parameter 'type')
   at lambda_method220(Closure, Object, PurchaseDto, ResolutionContext)
   at AutoMapper.Mapper.MapCore[TSource,TDestination](TSource source, TDestination destination, ResolutionContext context, Type sourceType, Type destinationType, MemberMap memberMap)
   at AutoMapper.Mapper.Map[TDestination](Object source)
   at System.Linq.Enumerable.ListSelectIterator`2.ToList()
   at Billing.Application.Commands.Purchases.GetPurchasesHandler.Handle(GetPurchasesQuery request, CancellationToken cancellationToken) in d:\Projects\ERP\NewShop\src\Billing.Application\Handlers\Purchases\PurchaseHandlers.cs:line 216
   at Billing.Application.Behaviors.LoggingBehavior`2.Handle(TRequest request, RequestHandlerDelegate`1 next, CancellationToken cancellationToken) in d:\Projects\ERP\NewShop\src\Billing.Application\Behaviors\PipelineBehaviors.cs:line 53
   at Billing.Application.Behaviors.ValidationBehavior`2.Handle(TRequest request, RequestHandlerDelegate`1 next, CancellationToken cancellationToken) in d:\Projects\ERP\NewShop\src\Billing.Application\Behaviors\PipelineBehaviors.cs:line 20
   at Billing.API.Controllers.PurchasesController.GetPurchases(Int32 page, Int32 pageSize, CancellationToken cancellationToken) in d:\Projects\ERP\NewShop\src\Billing.API\Controllers\SuppliersController.cs:line 71
   at Microsoft.AspNetCore.Mvc.Infrastructure.ActionMethodExecutor.TaskOfIActionResultExecutor.Execute(ActionContext actionContext, IActionResultTypeMapper mapper, ObjectMethodExecutor executor, Object controller, Object[] arguments)
   at Microsoft.AspNetCore.Mvc.Infrastructure.ControllerActionInvoker.<InvokeActionMethodAsync>g__Awaited|12_0(ControllerActionInvoker invoker, ValueTask`1 actionResultValueTask)
   at Microsoft.AspNetCore.Mvc.Infrastructure.ControllerActionInvoker.<InvokeNextActionFilterAsync>g__Awaited|10_0(ControllerActionInvoker invoker, Task lastTask, State next, Scope scope, Object state, Boolean isCompleted)
   at Microsoft.AspNetCore.Mvc.Infrastructure.ControllerActionInvoker.Rethrow(ActionExecutedContextSealed context)
   at Microsoft.AspNetCore.Mvc.Infrastructure.ControllerActionInvoker.Next(State& next, Scope& scope, Object& state, Boolean& isCompleted)
   at Microsoft.AspNetCore.Mvc.Infrastructure.ControllerActionInvoker.<InvokeInnerFilterAsync>g__Awaited|13_0(ControllerActionInvoker invoker, Task lastTask, State next, Scope scope, Object state, Boolean isCompleted)
   at Microsoft.AspNetCore.Mvc.Infrastructure.ResourceInvoker.<InvokeFilterPipelineAsync>g__Awaited|20_0(ResourceInvoker invoker, Task lastTask, State next, Scope scope, Object state, Boolean isCompleted)
   at Microsoft.AspNetCore.Mvc.Infrastructure.ResourceInvoker.<InvokeAsync>g__Awaited|17_0(ResourceInvoker invoker, Task task, IDisposable scope)
   at Microsoft.AspNetCore.Mvc.Infrastructure.ResourceInvoker.<InvokeAsync>g__Awaited|17_0(ResourceInvoker invoker, Task task, IDisposable scope)
   at Microsoft.AspNetCore.Authorization.AuthorizationMiddleware.Invoke(HttpContext context)
   at Billing.Infrastructure.Middleware.TenantContextMiddleware.InvokeAsync(HttpContext context, ITenantContext tenantContext) in d:\Projects\ERP\NewShop\src\Billing.Infrastructure\Middleware\TenantContextMiddleware.cs:line 49
   at Microsoft.AspNetCore.Authentication.AuthenticationMiddleware.Invoke(HttpContext context)
   at Billing.Infrastructure.Middleware.GlobalExceptionMiddleware.InvokeAsync(HttpContext context) in d:\Projects\ERP\NewShop\src\Billing.Infrastructure\Middleware\GlobalExceptionMiddleware.cs:line 31
2026-07-24 16:25:10.084 +05:30 [ERR] HTTP GET /api/purchases responded 500 in 44.0439 ms
2026-07-24 16:25:10.135 +05:30 [INF] Handling GetSalesQuery
2026-07-24 16:25:10.141 +05:30 [INF] Handled GetSalesQuery in 6ms
2026-07-24 16:25:10.141 +05:30 [INF] HTTP GET /api/sales responded 200 in 6.4652 ms
2026-07-24 16:25:10.144 +05:30 [INF] Handling GetSalesReportQuery
2026-07-24 16:25:10.160 +05:30 [INF] Handled GetSalesReportQuery in 16ms
2026-07-24 16:25:10.162 +05:30 [INF] HTTP GET /api/reports/sales responded 200 in 18.9156 ms
2026-07-24 16:25:10.170 +05:30 [INF] Handling GetPaymentSummaryReportQuery
2026-07-24 16:25:10.193 +05:30 [INF] Handled GetPaymentSummaryReportQuery in 22ms
2026-07-24 16:25:10.194 +05:30 [INF] HTTP GET /api/reports/payments responded 200 in 23.7964 ms
2026-07-24 16:25:10.197 +05:30 [INF] Handling GetGstReportQuery
2026-07-24 16:25:10.226 +05:30 [INF] Handled GetGstReportQuery in 28ms
2026-07-24 16:25:10.227 +05:30 [INF] HTTP GET /api/reports/gst responded 200 in 31.0518 ms
2026-07-24 16:25:10.229 +05:30 [INF] Handling GetInventoryValuationReportQuery
2026-07-24 16:25:10.238 +05:30 [INF] Handled GetInventoryValuationReportQuery in 8ms
2026-07-24 16:25:10.238 +05:30 [INF] HTTP GET /api/reports/inventory-valuation responded 200 in 8.6958 ms
2026-07-24 16:25:10.244 +05:30 [INF] Handling GetTopProductsReportQuery
2026-07-24 16:25:10.259 +05:30 [INF] Handled GetTopProductsReportQuery in 15ms
2026-07-24 16:25:10.260 +05:30 [INF] HTTP GET /api/reports/top-products responded 200 in 16.4346 ms
2026-07-24 16:25:10.270 +05:30 [INF] Handling GetProfitLossReportQuery
2026-07-24 16:25:10.295 +05:30 [INF] Handled GetProfitLossReportQuery in 24ms
2026-07-24 16:25:10.295 +05:30 [INF] HTTP GET /api/reports/profit-loss responded 200 in 25.1523 ms
2026-07-24 16:25:10.300 +05:30 [INF] Handling GetLowStockProductsQuery
2026-07-24 16:25:10.310 +05:30 [INF] Handled GetLowStockProductsQuery in 10ms
2026-07-24 16:25:10.310 +05:30 [INF] HTTP GET /api/products/low-stock responded 200 in 11.9188 ms
2026-07-24 16:25:10.313 +05:30 [INF] HTTP GET /api/products/search responded 400 in 0.4301 ms
2026-07-24 16:37:35.239 +05:30 [INF] HTTP POST /api/sales responded 401 in 51.3792 ms
2026-07-24 16:37:35.779 +05:30 [INF] HTTP POST /api/auth/refresh responded 200 in 524.1153 ms
2026-07-24 16:37:35.801 +05:30 [INF] HTTP POST /api/sales responded 400 in 7.4405 ms
2026-07-24 16:38:49.172 +05:30 [INF] Now listening on: http://localhost:5000
2026-07-24 16:38:49.190 +05:30 [INF] Application started. Press Ctrl+C to shut down.
2026-07-24 16:38:49.190 +05:30 [INF] Hosting environment: Production
2026-07-24 16:38:49.190 +05:30 [INF] Content root path: d:\Projects\ERP\NewShop\src\Billing.API
2026-07-24 16:38:52.539 +05:30 [INF] Handling GetCustomersQuery
2026-07-24 16:38:53.527 +05:30 [INF] Handled GetCustomersQuery in 988ms
2026-07-24 16:38:53.705 +05:30 [INF] HTTP GET /api/customers responded 200 in 1465.6087 ms
2026-07-24 16:38:54.602 +05:30 [INF] Handling GetProductsQuery
2026-07-24 16:39:02.872 +05:30 [WRN] Redis connection failed; falling back to in-memory cache.
StackExchange.Redis.RedisConnectionException: It was not possible to connect to the redis server(s). Error connecting right now. To allow this multiplexer to continue retrying until it's able to connect, use abortConnect=false in your connection string or AbortOnConnectFail=false; in your code.
   at StackExchange.Redis.ConnectionMultiplexer.ConnectImplAsync(ConfigurationOptions configuration, TextWriter writer, Nullable`1 serverType) in /_/src/StackExchange.Redis/ConnectionMultiplexer.cs:line 620
   at Billing.Infrastructure.Caching.RedisCacheService.GetDatabaseAsync() in d:\Projects\ERP\NewShop\src\Billing.Infrastructure\Caching\RedisCacheService.cs:line 44
2026-07-24 16:39:02.993 +05:30 [INF] Handled GetProductsQuery in 8391ms
2026-07-24 16:39:03.023 +05:30 [INF] HTTP GET /api/products responded 200 in 8441.1483 ms
2026-07-24 16:39:12.709 +05:30 [INF] Handling GetCustomersQuery
2026-07-24 16:39:12.728 +05:30 [INF] Handled GetCustomersQuery in 18ms
2026-07-24 16:39:12.729 +05:30 [INF] HTTP GET /api/customers responded 200 in 27.9790 ms
2026-07-24 16:39:17.171 +05:30 [INF] Handling GetDashboardQuery
2026-07-24 16:39:17.379 +05:30 [INF] Handled GetDashboardQuery in 207ms
2026-07-24 16:39:17.396 +05:30 [INF] HTTP GET /api/dashboard responded 200 in 241.7298 ms
2026-07-24 16:39:19.420 +05:30 [INF] Handling GetSuppliersQuery
2026-07-24 16:39:19.461 +05:30 [INF] Handled GetSuppliersQuery in 40ms
2026-07-24 16:39:19.475 +05:30 [INF] HTTP GET /api/suppliers responded 200 in 68.5857 ms
2026-07-24 16:39:20.985 +05:30 [INF] Handling GetCustomersQuery
2026-07-24 16:39:21.011 +05:30 [INF] Handled GetCustomersQuery in 25ms
2026-07-24 16:39:21.012 +05:30 [INF] HTTP GET /api/customers responded 200 in 32.6432 ms
2026-07-24 16:39:33.642 +05:30 [INF] HTTP POST /api/auth/login responded 200 in 365.6641 ms
2026-07-24 16:39:48.921 +05:30 [INF] Handling GetDashboardQuery
2026-07-24 16:39:48.921 +05:30 [INF] Handled GetDashboardQuery in 0ms
2026-07-24 16:39:48.922 +05:30 [INF] HTTP GET /api/dashboard responded 200 in 3.1643 ms
2026-07-24 16:39:49.161 +05:30 [INF] Handling GetProductsQuery
2026-07-24 16:39:49.175 +05:30 [INF] Handled GetProductsQuery in 14ms
2026-07-24 16:39:49.176 +05:30 [INF] HTTP GET /api/products responded 200 in 15.5260 ms
2026-07-24 16:39:49.195 +05:30 [INF] Handling GetCustomersQuery
2026-07-24 16:39:49.235 +05:30 [INF] Handled GetCustomersQuery in 40ms
2026-07-24 16:39:49.236 +05:30 [INF] HTTP GET /api/customers responded 200 in 42.3333 ms
2026-07-24 16:39:49.243 +05:30 [INF] Handling GetSuppliersQuery
2026-07-24 16:39:49.278 +05:30 [INF] Handled GetSuppliersQuery in 35ms
2026-07-24 16:39:49.279 +05:30 [INF] HTTP GET /api/suppliers responded 200 in 37.9844 ms
2026-07-24 16:39:49.296 +05:30 [INF] Handling GetPurchasesQuery
2026-07-24 16:39:49.331 +05:30 [INF] Handled GetPurchasesQuery in 35ms
2026-07-24 16:39:49.359 +05:30 [INF] HTTP GET /api/purchases responded 200 in 74.7490 ms
2026-07-24 16:39:49.373 +05:30 [INF] Handling GetSalesQuery
2026-07-24 16:39:49.412 +05:30 [INF] Handled GetSalesQuery in 39ms
2026-07-24 16:39:49.453 +05:30 [INF] HTTP GET /api/sales responded 200 in 90.3551 ms
2026-07-24 16:39:49.468 +05:30 [INF] Handling GetSalesReportQuery
2026-07-24 16:39:49.536 +05:30 [INF] Handled GetSalesReportQuery in 67ms
2026-07-24 16:39:49.540 +05:30 [INF] HTTP GET /api/reports/sales responded 200 in 83.0541 ms
2026-07-24 16:39:49.564 +05:30 [INF] Handling GetPaymentSummaryReportQuery
2026-07-24 16:39:49.608 +05:30 [INF] Handled GetPaymentSummaryReportQuery in 43ms
2026-07-24 16:39:49.614 +05:30 [INF] HTTP GET /api/reports/payments responded 200 in 58.6779 ms
2026-07-24 16:39:49.626 +05:30 [INF] Handling GetGstReportQuery
2026-07-24 16:39:49.683 +05:30 [INF] Handled GetGstReportQuery in 57ms
2026-07-24 16:39:49.689 +05:30 [INF] HTTP GET /api/reports/gst responded 200 in 70.0617 ms
2026-07-24 16:39:49.701 +05:30 [INF] Handling GetInventoryValuationReportQuery
2026-07-24 16:39:49.720 +05:30 [INF] Handled GetInventoryValuationReportQuery in 19ms
2026-07-24 16:39:49.726 +05:30 [INF] HTTP GET /api/reports/inventory-valuation responded 200 in 33.2646 ms
2026-07-24 16:39:49.750 +05:30 [INF] Handling GetTopProductsReportQuery
2026-07-24 16:39:49.775 +05:30 [INF] Handled GetTopProductsReportQuery in 24ms
2026-07-24 16:39:49.777 +05:30 [INF] HTTP GET /api/reports/top-products responded 200 in 41.3282 ms
2026-07-24 16:39:49.801 +05:30 [INF] Handling GetProfitLossReportQuery
2026-07-24 16:39:49.847 +05:30 [INF] Handled GetProfitLossReportQuery in 45ms
2026-07-24 16:39:49.850 +05:30 [INF] HTTP GET /api/reports/profit-loss responded 200 in 56.8818 ms
2026-07-24 16:39:49.861 +05:30 [INF] Handling GetLowStockProductsQuery
2026-07-24 16:39:49.885 +05:30 [INF] Handled GetLowStockProductsQuery in 24ms
2026-07-24 16:39:49.887 +05:30 [INF] HTTP GET /api/products/low-stock responded 200 in 33.6318 ms
2026-07-24 16:39:49.924 +05:30 [INF] HTTP GET /api/products/search responded 400 in 32.8735 ms
2026-07-24 16:40:22.953 +05:30 [INF] Handling SearchProductsQuery
2026-07-24 16:40:22.978 +05:30 [INF] Handled SearchProductsQuery in 25ms
2026-07-24 16:40:22.979 +05:30 [INF] HTTP GET /api/products/search responded 200 in 27.7611 ms
2026-07-24 16:42:20.777 +05:30 [INF] Handling GetDashboardQuery
2026-07-24 16:42:20.890 +05:30 [INF] Handled GetDashboardQuery in 113ms
2026-07-24 16:42:20.891 +05:30 [INF] HTTP GET /api/dashboard responded 200 in 120.9132 ms
2026-07-24 16:42:25.664 +05:30 [INF] Handling GetCustomersQuery
2026-07-24 16:42:25.687 +05:30 [INF] Handled GetCustomersQuery in 23ms
2026-07-24 16:42:25.688 +05:30 [INF] HTTP GET /api/customers responded 200 in 24.9339 ms
2026-07-24 16:42:27.528 +05:30 [INF] Handling GetSalesQuery
2026-07-24 16:42:27.557 +05:30 [INF] Handled GetSalesQuery in 29ms
2026-07-24 16:42:27.558 +05:30 [INF] HTTP GET /api/sales responded 200 in 31.4635 ms
2026-07-24 16:42:43.197 +05:30 [INF] Handling GetCustomersQuery
2026-07-24 16:42:43.216 +05:30 [INF] Handled GetCustomersQuery in 19ms
2026-07-24 16:42:43.217 +05:30 [INF] HTTP GET /api/customers responded 200 in 20.7656 ms
2026-07-24 16:42:47.100 +05:30 [INF] Handling SearchProductsQuery
2026-07-24 16:42:47.117 +05:30 [INF] Handled SearchProductsQuery in 16ms
2026-07-24 16:42:47.118 +05:30 [INF] HTTP GET /api/products/search responded 200 in 18.6287 ms
2026-07-24 16:42:51.159 +05:30 [INF] HTTP POST /api/sales responded 400 in 59.2262 ms
2026-07-24 16:42:55.060 +05:30 [INF] Handling GetSuppliersQuery
2026-07-24 16:42:55.083 +05:30 [INF] Handled GetSuppliersQuery in 23ms
2026-07-24 16:42:55.084 +05:30 [INF] HTTP GET /api/suppliers responded 200 in 27.9618 ms
2026-07-24 16:42:57.591 +05:30 [INF] Handling GetSuppliersQuery
2026-07-24 16:42:57.591 +05:30 [INF] Handling GetPurchasesQuery
2026-07-24 16:42:57.613 +05:30 [INF] Handled GetSuppliersQuery in 21ms
2026-07-24 16:42:57.613 +05:30 [INF] HTTP GET /api/suppliers responded 200 in 24.4102 ms
2026-07-24 16:42:57.622 +05:30 [INF] Handled GetPurchasesQuery in 30ms
2026-07-24 16:42:57.622 +05:30 [INF] HTTP GET /api/purchases responded 200 in 34.2573 ms
2026-07-24 16:49:15.912 +05:30 [INF] Handling GetCustomersQuery
2026-07-24 16:49:15.989 +05:30 [INF] Handled GetCustomersQuery in 76ms
2026-07-24 16:49:16.014 +05:30 [INF] HTTP GET /api/customers responded 200 in 168.4906 ms
2026-07-24 16:49:18.113 +05:30 [INF] Handling GetSalesQuery
2026-07-24 16:49:18.174 +05:30 [INF] Handled GetSalesQuery in 60ms
2026-07-24 16:49:18.180 +05:30 [INF] HTTP GET /api/sales responded 200 in 74.6686 ms
2026-07-24 16:49:20.480 +05:30 [INF] Handling GetSalesQuery
2026-07-24 16:49:20.526 +05:30 [INF] Handled GetSalesQuery in 45ms
2026-07-24 16:49:20.527 +05:30 [INF] HTTP GET /api/sales responded 200 in 47.6737 ms
2026-07-24 16:49:21.440 +05:30 [INF] Handling GetSalesQuery
2026-07-24 16:49:21.463 +05:30 [INF] Handled GetSalesQuery in 23ms
2026-07-24 16:49:21.464 +05:30 [INF] HTTP GET /api/sales responded 200 in 25.4066 ms
2026-07-24 16:49:22.233 +05:30 [INF] Handling GetSalesQuery
2026-07-24 16:49:22.253 +05:30 [INF] Handled GetSalesQuery in 19ms
2026-07-24 16:49:22.253 +05:30 [INF] HTTP GET /api/sales responded 200 in 21.0747 ms
2026-07-24 16:49:28.102 +05:30 [INF] Handling GetDashboardQuery
2026-07-24 16:49:28.219 +05:30 [INF] Handled GetDashboardQuery in 117ms
2026-07-24 16:49:28.221 +05:30 [INF] HTTP GET /api/dashboard responded 200 in 121.6100 ms
2026-07-24 16:49:36.040 +05:30 [INF] Handling GetCustomersQuery
2026-07-24 16:49:36.055 +05:30 [INF] Handled GetCustomersQuery in 14ms
2026-07-24 16:49:36.055 +05:30 [INF] HTTP GET /api/customers responded 200 in 15.9540 ms
2026-07-24 16:49:45.700 +05:30 [INF] Handling GetDashboardQuery
2026-07-24 16:49:45.700 +05:30 [INF] Handled GetDashboardQuery in 0ms
2026-07-24 16:49:45.701 +05:30 [INF] HTTP GET /api/dashboard responded 200 in 0.7634 ms
2026-07-24 16:49:50.885 +05:30 [INF] Handling GetProfitLossReportQuery
2026-07-24 16:49:50.933 +05:30 [INF] Handled GetProfitLossReportQuery in 48ms
2026-07-24 16:49:50.934 +05:30 [INF] HTTP GET /api/reports/profit-loss responded 200 in 52.1520 ms
2026-07-24 16:49:54.134 +05:30 [INF] Handling GetSuppliersQuery
2026-07-24 16:49:54.138 +05:30 [INF] Handling GetPurchasesQuery
2026-07-24 16:49:54.153 +05:30 [INF] Handled GetSuppliersQuery in 18ms
2026-07-24 16:49:54.154 +05:30 [INF] HTTP GET /api/suppliers responded 200 in 20.8538 ms
2026-07-24 16:49:54.182 +05:30 [INF] Handled GetPurchasesQuery in 43ms
2026-07-24 16:49:54.184 +05:30 [INF] HTTP GET /api/purchases responded 200 in 50.9418 ms
2026-07-24 16:50:03.325 +05:30 [INF] Handling GetDashboardQuery
2026-07-24 16:50:03.325 +05:30 [INF] Handled GetDashboardQuery in 0ms
2026-07-24 16:50:03.326 +05:30 [INF] HTTP GET /api/dashboard responded 200 in 1.2641 ms
2026-07-24 16:50:12.655 +05:30 [INF] HTTP POST /api/auth/login responded 200 in 179.0628 ms
2026-07-24 16:50:12.698 +05:30 [INF] Handling GetDashboardQuery
2026-07-24 16:50:12.698 +05:30 [INF] Handled GetDashboardQuery in 0ms
2026-07-24 16:50:12.698 +05:30 [INF] HTTP GET /api/dashboard responded 200 in 0.8022 ms
2026-07-24 16:50:14.318 +05:30 [INF] Handling GetDashboardQuery
2026-07-24 16:50:14.318 +05:30 [INF] Handled GetDashboardQuery in 0ms
2026-07-24 16:50:14.318 +05:30 [INF] HTTP GET /api/dashboard responded 200 in 0.6009 ms
2026-07-24 16:50:16.208 +05:30 [INF] Handling GetProductsQuery
2026-07-24 16:50:16.225 +05:30 [INF] Handled GetProductsQuery in 17ms
2026-07-24 16:50:16.226 +05:30 [INF] HTTP GET /api/products responded 200 in 20.9193 ms
2026-07-24 16:50:19.890 +05:30 [INF] Handling GetCustomersQuery
2026-07-24 16:50:19.911 +05:30 [INF] Handled GetCustomersQuery in 20ms
2026-07-24 16:50:19.911 +05:30 [INF] HTTP GET /api/customers responded 200 in 21.5387 ms
2026-07-24 16:50:21.746 +05:30 [INF] Handling GetSalesQuery
2026-07-24 16:50:21.756 +05:30 [INF] Handled GetSalesQuery in 10ms
2026-07-24 16:50:21.757 +05:30 [INF] HTTP GET /api/sales responded 200 in 10.9071 ms
2026-07-24 16:50:23.583 +05:30 [INF] Handling GetCustomersQuery
2026-07-24 16:50:23.598 +05:30 [INF] Handled GetCustomersQuery in 15ms
2026-07-24 16:50:23.599 +05:30 [INF] HTTP GET /api/customers responded 200 in 16.5030 ms
2026-07-24 16:50:25.466 +05:30 [INF] Handling GetSuppliersQuery
2026-07-24 16:50:25.486 +05:30 [INF] Handled GetSuppliersQuery in 19ms
2026-07-24 16:50:25.486 +05:30 [INF] HTTP GET /api/suppliers responded 200 in 19.8276 ms
2026-07-24 16:50:27.356 +05:30 [INF] Handling GetPurchasesQuery
2026-07-24 16:50:27.357 +05:30 [INF] Handling GetSuppliersQuery
2026-07-24 16:50:27.371 +05:30 [INF] Handled GetPurchasesQuery in 14ms
2026-07-24 16:50:27.371 +05:30 [INF] HTTP GET /api/purchases responded 200 in 15.3617 ms
2026-07-24 16:50:27.376 +05:30 [INF] Handled GetSuppliersQuery in 18ms
2026-07-24 16:50:27.376 +05:30 [INF] HTTP GET /api/suppliers responded 200 in 20.2390 ms
2026-07-24 16:50:29.276 +05:30 [INF] Handling GetProfitLossReportQuery
2026-07-24 16:50:29.276 +05:30 [INF] Handled GetProfitLossReportQuery in 0ms
2026-07-24 16:50:29.277 +05:30 [INF] HTTP GET /api/reports/profit-loss responded 200 in 2.5988 ms
2026-07-24 16:50:32.922 +05:30 [INF] Handling GetSalesQuery
2026-07-24 16:50:32.945 +05:30 [INF] Handled GetSalesQuery in 23ms
2026-07-24 16:50:32.946 +05:30 [INF] HTTP GET /api/sales responded 200 in 23.9841 ms
2026-07-24 16:52:56.893 +05:30 [INF] Handling GetProfitLossReportQuery
2026-07-24 16:52:56.961 +05:30 [INF] Handled GetProfitLossReportQuery in 67ms
2026-07-24 16:52:56.961 +05:30 [INF] HTTP GET /api/reports/profit-loss responded 200 in 68.6134 ms
2026-07-24 16:52:59.595 +05:30 [INF] Handling GetCustomersQuery
2026-07-24 16:52:59.626 +05:30 [INF] Handled GetCustomersQuery in 31ms
2026-07-24 16:52:59.626 +05:30 [INF] HTTP GET /api/customers responded 200 in 32.4911 ms
2026-07-24 16:53:03.844 +05:30 [INF] Handling GetDashboardQuery
2026-07-24 16:53:03.932 +05:30 [INF] Handled GetDashboardQuery in 88ms
2026-07-24 16:53:03.933 +05:30 [INF] HTTP GET /api/dashboard responded 200 in 89.4057 ms
2026-07-24 16:53:55.247 +05:30 [INF] HTTP POST /api/auth/logout responded 401 in 42.5795 ms
2026-07-24 16:53:55.557 +05:30 [INF] HTTP POST /api/auth/refresh responded 200 in 293.6356 ms
2026-07-24 16:53:55.589 +05:30 [INF] HTTP POST /api/auth/logout responded 200 in 21.9377 ms
2026-07-24 16:54:25.879 +05:30 [INF] HTTP POST /api/auth/forgot-password responded 200 in 37.9695 ms
2026-07-24 16:57:09.285 +05:30 [ERR] Unhandled exception. Path: /api/auth/register. Message: The INSERT statement conflicted with the FOREIGN KEY constraint "FK_UserRoles_Users". The conflict occurred in database "BillingSystem", table "dbo.Users", column 'Id'.
The statement has been terminated.
Microsoft.Data.SqlClient.SqlException (0x80131904): The INSERT statement conflicted with the FOREIGN KEY constraint "FK_UserRoles_Users". The conflict occurred in database "BillingSystem", table "dbo.Users", column 'Id'.
The statement has been terminated.
   at Microsoft.Data.SqlClient.SqlConnection.OnError(SqlException exception, Boolean breakConnection, Action`1 wrapCloseInAction)
   at Microsoft.Data.SqlClient.SqlInternalConnection.OnError(SqlException exception, Boolean breakConnection, Action`1 wrapCloseInAction)
   at Microsoft.Data.SqlClient.TdsParser.ThrowExceptionAndWarning(TdsParserStateObject stateObj, SqlCommand command, Boolean callerHasConnectionLock, Boolean asyncClose)
   at Microsoft.Data.SqlClient.TdsParser.TryRun(RunBehavior runBehavior, SqlCommand cmdHandler, SqlDataReader dataStream, BulkCopySimpleResultSet bulkCopyHandler, TdsParserStateObject stateObj, Boolean& dataReady)
   at Microsoft.Data.SqlClient.SqlCommand.FinishExecuteReader(SqlDataReader ds, RunBehavior runBehavior, String resetOptionsString, Boolean isInternal, Boolean forDescribeParameterEncryption, Boolean shouldCacheForAlwaysEncrypted)
   at Microsoft.Data.SqlClient.SqlCommand.CompleteAsyncExecuteReader(Boolean isInternal, Boolean forDescribeParameterEncryption)
   at Microsoft.Data.SqlClient.SqlCommand.InternalEndExecuteNonQuery(IAsyncResult asyncResult, Boolean isInternal, String endMethod)
   at Microsoft.Data.SqlClient.SqlCommand.EndExecuteNonQueryInternal(IAsyncResult asyncResult)
   at Microsoft.Data.SqlClient.SqlCommand.EndExecuteNonQueryAsync(IAsyncResult asyncResult)
   at Microsoft.Data.SqlClient.SqlCommand.<>c.<InternalExecuteNonQueryAsync>b__193_1(IAsyncResult asyncResult)
   at System.Threading.Tasks.TaskFactory`1.FromAsyncCoreLogic(IAsyncResult iar, Func`2 endFunction, Action`1 endAction, Task`1 promise, Boolean requiresSynchronization)
--- End of stack trace from previous location ---
   at Dapper.SqlMapper.ExecuteImplAsync(IDbConnection cnn, CommandDefinition command, Object param) in /_/Dapper/SqlMapper.Async.cs:line 662
   at Billing.Persistence.Repositories.UserRepository.AssignRoleAsync(Guid userId, Guid roleId, IDbTransaction transaction, CancellationToken cancellationToken) in d:\Projects\ERP\NewShop\src\Billing.Persistence\Repositories\UserRefreshTokenAuditRepository.cs:line 70
   at Billing.Identity.Services.AuthService.RegisterAsync(RegisterRequest request, String ipAddress, String deviceInfo, CancellationToken cancellationToken) in d:\Projects\ERP\NewShop\src\Billing.Identity\Services\AuthService.cs:line 294
   at Billing.Identity.Services.AuthService.RegisterAsync(RegisterRequest request, String ipAddress, String deviceInfo, CancellationToken cancellationToken) in d:\Projects\ERP\NewShop\src\Billing.Identity\Services\AuthService.cs:line 329
   at Billing.API.Controllers.AuthController.Register(RegisterRequest request, CancellationToken cancellationToken) in d:\Projects\ERP\NewShop\src\Billing.API\Controllers\AuthController.cs:line 41
   at Microsoft.AspNetCore.Mvc.Infrastructure.ActionMethodExecutor.TaskOfIActionResultExecutor.Execute(ActionContext actionContext, IActionResultTypeMapper mapper, ObjectMethodExecutor executor, Object controller, Object[] arguments)
   at Microsoft.AspNetCore.Mvc.Infrastructure.ControllerActionInvoker.<InvokeActionMethodAsync>g__Awaited|12_0(ControllerActionInvoker invoker, ValueTask`1 actionResultValueTask)
   at Microsoft.AspNetCore.Mvc.Infrastructure.ControllerActionInvoker.<InvokeNextActionFilterAsync>g__Awaited|10_0(ControllerActionInvoker invoker, Task lastTask, State next, Scope scope, Object state, Boolean isCompleted)
   at Microsoft.AspNetCore.Mvc.Infrastructure.ControllerActionInvoker.Rethrow(ActionExecutedContextSealed context)
   at Microsoft.AspNetCore.Mvc.Infrastructure.ControllerActionInvoker.Next(State& next, Scope& scope, Object& state, Boolean& isCompleted)
   at Microsoft.AspNetCore.Mvc.Infrastructure.ControllerActionInvoker.<InvokeInnerFilterAsync>g__Awaited|13_0(ControllerActionInvoker invoker, Task lastTask, State next, Scope scope, Object state, Boolean isCompleted)
   at Microsoft.AspNetCore.Mvc.Infrastructure.ResourceInvoker.<InvokeFilterPipelineAsync>g__Awaited|20_0(ResourceInvoker invoker, Task lastTask, State next, Scope scope, Object state, Boolean isCompleted)
   at Microsoft.AspNetCore.Mvc.Infrastructure.ResourceInvoker.<InvokeAsync>g__Awaited|17_0(ResourceInvoker invoker, Task task, IDisposable scope)
   at Microsoft.AspNetCore.Mvc.Infrastructure.ResourceInvoker.<InvokeAsync>g__Awaited|17_0(ResourceInvoker invoker, Task task, IDisposable scope)
   at Microsoft.AspNetCore.Authorization.AuthorizationMiddleware.Invoke(HttpContext context)
   at Billing.Infrastructure.Middleware.TenantContextMiddleware.InvokeAsync(HttpContext context, ITenantContext tenantContext) in d:\Projects\ERP\NewShop\src\Billing.Infrastructure\Middleware\TenantContextMiddleware.cs:line 57
   at Microsoft.AspNetCore.Authentication.AuthenticationMiddleware.Invoke(HttpContext context)
   at Billing.Infrastructure.Middleware.GlobalExceptionMiddleware.InvokeAsync(HttpContext context) in d:\Projects\ERP\NewShop\src\Billing.Infrastructure\Middleware\GlobalExceptionMiddleware.cs:line 31
ClientConnectionId:b99374dc-6776-4fad-b860-8a50b9873946
Error Number:547,State:0,Class:16
2026-07-24 16:57:09.296 +05:30 [ERR] HTTP POST /api/auth/register responded 500 in 486.8210 ms
2026-07-24 16:58:30.564 +05:30 [INF] HTTP POST /api/auth/login responded 200 in 187.5086 ms
2026-07-24 16:58:30.646 +05:30 [INF] Handling GetDashboardQuery
2026-07-24 16:58:30.760 +05:30 [INF] Handled GetDashboardQuery in 113ms
2026-07-24 16:58:30.761 +05:30 [INF] HTTP GET /api/dashboard responded 200 in 118.8589 ms
2026-07-24 16:58:34.899 +05:30 [INF] Handling GetSuppliersQuery
2026-07-24 16:58:34.901 +05:30 [INF] Handling GetPurchasesQuery
2026-07-24 16:58:34.914 +05:30 [INF] Handled GetPurchasesQuery in 13ms
2026-07-24 16:58:34.916 +05:30 [INF] Handled GetSuppliersQuery in 16ms
2026-07-24 16:58:34.916 +05:30 [INF] HTTP GET /api/purchases responded 200 in 16.8309 ms
2026-07-24 16:58:34.917 +05:30 [INF] HTTP GET /api/suppliers responded 200 in 18.9409 ms
2026-07-24 16:58:44.090 +05:30 [INF] Handling GetPurchaseByIdQuery
2026-07-24 16:58:44.148 +05:30 [INF] Handled GetPurchaseByIdQuery in 58ms
2026-07-24 16:58:44.155 +05:30 [INF] HTTP GET /api/purchases/d6176733-a53a-474d-b578-75682fa0d09b responded 200 in 90.3812 ms
2026-07-24 16:59:02.748 +05:30 [INF] Handling GetProductsQuery
2026-07-24 16:59:02.763 +05:30 [INF] Handled GetProductsQuery in 15ms
2026-07-24 16:59:02.763 +05:30 [INF] HTTP GET /api/products responded 200 in 15.7298 ms
2026-07-24 16:59:04.451 +05:30 [INF] Handling GetCustomersQuery
2026-07-24 16:59:04.492 +05:30 [INF] Handled GetCustomersQuery in 41ms
2026-07-24 16:59:04.492 +05:30 [INF] HTTP GET /api/customers responded 200 in 41.9804 ms
2026-07-24 16:59:06.104 +05:30 [INF] Handling GetSalesQuery
2026-07-24 16:59:06.128 +05:30 [INF] Handled GetSalesQuery in 24ms
2026-07-24 16:59:06.128 +05:30 [INF] HTTP GET /api/sales responded 200 in 25.5822 ms
2026-07-24 16:59:15.885 +05:30 [INF] Handling GetSaleByIdQuery
2026-07-24 16:59:15.934 +05:30 [INF] Handled GetSaleByIdQuery in 48ms
2026-07-24 16:59:15.945 +05:30 [INF] HTTP GET /api/sales/dbceaac6-2d56-407c-837a-e6d74d38f46b responded 200 in 72.6356 ms
2026-07-24 17:04:56.522 +05:30 [INF] Handling GetCustomersQuery
2026-07-24 17:04:56.554 +05:30 [INF] Handled GetCustomersQuery in 31ms
2026-07-24 17:04:56.554 +05:30 [INF] HTTP GET /api/customers responded 200 in 31.9641 ms
2026-07-24 17:04:57.589 +05:30 [INF] Handling GetDashboardQuery
2026-07-24 17:04:57.698 +05:30 [INF] Handled GetDashboardQuery in 109ms
2026-07-24 17:04:57.699 +05:30 [INF] HTTP GET /api/dashboard responded 200 in 110.1202 ms
2026-07-24 17:05:04.859 +05:30 [INF] HTTP POST /api/auth/login responded 200 in 97.5816 ms
2026-07-24 17:05:04.917 +05:30 [INF] Handling GetDashboardQuery
2026-07-24 17:05:04.917 +05:30 [INF] Handled GetDashboardQuery in 0ms
2026-07-24 17:05:04.917 +05:30 [INF] HTTP GET /api/dashboard responded 200 in 0.5300 ms
2026-07-24 17:05:06.531 +05:30 [INF] Handling GetDashboardQuery
2026-07-24 17:05:06.531 +05:30 [INF] Handled GetDashboardQuery in 0ms
2026-07-24 17:05:06.532 +05:30 [INF] HTTP GET /api/dashboard responded 200 in 0.6947 ms
2026-07-24 17:05:08.434 +05:30 [INF] Handling GetProductsQuery
2026-07-24 17:05:08.454 +05:30 [INF] Handled GetProductsQuery in 20ms
2026-07-24 17:05:08.455 +05:30 [INF] HTTP GET /api/products responded 200 in 21.2260 ms
2026-07-24 17:05:12.118 +05:30 [INF] Handling GetCustomersQuery
2026-07-24 17:05:12.131 +05:30 [INF] Handled GetCustomersQuery in 12ms
2026-07-24 17:05:12.131 +05:30 [INF] HTTP GET /api/customers responded 200 in 12.9574 ms
2026-07-24 17:05:13.993 +05:30 [INF] Handling GetSalesQuery
2026-07-24 17:05:14.003 +05:30 [INF] Handled GetSalesQuery in 10ms
2026-07-24 17:05:14.003 +05:30 [INF] HTTP GET /api/sales responded 200 in 10.6517 ms
2026-07-24 17:05:15.882 +05:30 [INF] Handling GetCustomersQuery
2026-07-24 17:05:15.891 +05:30 [INF] Handled GetCustomersQuery in 9ms
2026-07-24 17:05:15.891 +05:30 [INF] HTTP GET /api/customers responded 200 in 9.4172 ms
2026-07-24 17:05:17.748 +05:30 [INF] Handling GetSuppliersQuery
2026-07-24 17:05:17.759 +05:30 [INF] Handled GetSuppliersQuery in 11ms
2026-07-24 17:05:17.760 +05:30 [INF] HTTP GET /api/suppliers responded 200 in 12.0549 ms
2026-07-24 17:05:19.602 +05:30 [INF] Handling GetSuppliersQuery
2026-07-24 17:05:19.602 +05:30 [INF] Handling GetPurchasesQuery
2026-07-24 17:05:19.612 +05:30 [INF] Handled GetSuppliersQuery in 10ms
2026-07-24 17:05:19.612 +05:30 [INF] HTTP GET /api/suppliers responded 200 in 10.8334 ms
2026-07-24 17:05:19.618 +05:30 [INF] Handled GetPurchasesQuery in 16ms
2026-07-24 17:05:19.618 +05:30 [INF] HTTP GET /api/purchases responded 200 in 16.9352 ms
2026-07-24 17:05:21.479 +05:30 [INF] Handling GetProfitLossReportQuery
2026-07-24 17:05:21.523 +05:30 [INF] Handled GetProfitLossReportQuery in 44ms
2026-07-24 17:05:21.523 +05:30 [INF] HTTP GET /api/reports/profit-loss responded 200 in 45.4489 ms
2026-07-24 17:05:25.192 +05:30 [INF] Handling GetSalesQuery
2026-07-24 17:05:25.199 +05:30 [INF] Handled GetSalesQuery in 6ms
2026-07-24 17:05:25.199 +05:30 [INF] HTTP GET /api/sales responded 200 in 7.3446 ms
2026-07-24 17:06:15.570 +05:30 [INF] HTTP POST /api/auth/login responded 200 in 124.3417 ms
2026-07-24 17:06:15.620 +05:30 [INF] Handling GetDashboardQuery
2026-07-24 17:06:15.620 +05:30 [INF] Handled GetDashboardQuery in 0ms
2026-07-24 17:06:15.620 +05:30 [INF] HTTP GET /api/dashboard responded 200 in 0.3755 ms
2026-07-24 17:06:17.214 +05:30 [INF] Handling GetDashboardQuery
2026-07-24 17:06:17.214 +05:30 [INF] Handled GetDashboardQuery in 0ms
2026-07-24 17:06:17.214 +05:30 [INF] HTTP GET /api/dashboard responded 200 in 0.3234 ms
2026-07-24 17:06:19.117 +05:30 [INF] Handling GetProductsQuery
2026-07-24 17:06:19.117 +05:30 [INF] Handled GetProductsQuery in 0ms
2026-07-24 17:06:19.117 +05:30 [INF] HTTP GET /api/products responded 200 in 0.5432 ms
2026-07-24 17:06:22.786 +05:30 [INF] Handling GetCustomersQuery
2026-07-24 17:06:22.799 +05:30 [INF] Handled GetCustomersQuery in 12ms
2026-07-24 17:06:22.799 +05:30 [INF] HTTP GET /api/customers responded 200 in 13.0199 ms
2026-07-24 17:06:24.678 +05:30 [INF] Handling GetSalesQuery
2026-07-24 17:06:24.687 +05:30 [INF] Handled GetSalesQuery in 8ms
2026-07-24 17:06:24.687 +05:30 [INF] HTTP GET /api/sales responded 200 in 9.3069 ms
2026-07-24 17:06:26.567 +05:30 [INF] Handling GetCustomersQuery
2026-07-24 17:06:26.600 +05:30 [INF] Handled GetCustomersQuery in 32ms
2026-07-24 17:06:26.601 +05:30 [INF] HTTP GET /api/customers responded 200 in 33.4831 ms
2026-07-24 17:06:28.467 +05:30 [INF] Handling GetSuppliersQuery
2026-07-24 17:06:28.480 +05:30 [INF] Handled GetSuppliersQuery in 12ms
2026-07-24 17:06:28.480 +05:30 [INF] HTTP GET /api/suppliers responded 200 in 12.7058 ms
2026-07-24 17:06:30.307 +05:30 [INF] Handling GetPurchasesQuery
2026-07-24 17:06:30.307 +05:30 [INF] Handling GetSuppliersQuery
2026-07-24 17:06:30.333 +05:30 [INF] Handled GetSuppliersQuery in 25ms
2026-07-24 17:06:30.333 +05:30 [INF] HTTP GET /api/suppliers responded 200 in 26.2844 ms
2026-07-24 17:06:30.334 +05:30 [INF] Handled GetPurchasesQuery in 27ms
2026-07-24 17:06:30.335 +05:30 [INF] HTTP GET /api/purchases responded 200 in 27.8528 ms
2026-07-24 17:06:32.214 +05:30 [INF] Handling GetProfitLossReportQuery
2026-07-24 17:06:32.214 +05:30 [INF] Handled GetProfitLossReportQuery in 0ms
2026-07-24 17:06:32.214 +05:30 [INF] HTTP GET /api/reports/profit-loss responded 200 in 0.4302 ms
2026-07-24 17:06:35.893 +05:30 [INF] Handling GetSalesQuery
2026-07-24 17:06:35.909 +05:30 [INF] Handled GetSalesQuery in 15ms
2026-07-24 17:06:35.909 +05:30 [INF] HTTP GET /api/sales responded 200 in 16.2751 ms
2026-07-24 17:06:37.721 +05:30 [INF] Handling GetSaleByIdQuery
2026-07-24 17:06:37.761 +05:30 [INF] Handled GetSaleByIdQuery in 39ms
2026-07-24 17:06:37.762 +05:30 [INF] HTTP GET /api/sales/dbceaac6-2d56-407c-837a-e6d74d38f46b responded 200 in 41.4168 ms
2026-07-24 17:07:40.591 +05:30 [INF] Handling GetDashboardQuery
2026-07-24 17:07:40.752 +05:30 [INF] Handled GetDashboardQuery in 160ms
2026-07-24 17:07:40.752 +05:30 [INF] HTTP GET /api/dashboard responded 200 in 161.6274 ms
2026-07-24 17:07:44.029 +05:30 [INF] Handling GetCustomersQuery
2026-07-24 17:07:44.042 +05:30 [INF] Handled GetCustomersQuery in 13ms
2026-07-24 17:07:44.042 +05:30 [INF] HTTP GET /api/customers responded 200 in 13.7365 ms
2026-07-24 17:08:04.015 +05:30 [INF] Handling GetCustomersQuery
2026-07-24 17:08:04.035 +05:30 [INF] Handled GetCustomersQuery in 19ms
2026-07-24 17:08:04.035 +05:30 [INF] HTTP GET /api/customers responded 200 in 20.5933 ms
2026-07-24 17:08:05.328 +05:30 [INF] Handling GetProductsQuery
2026-07-24 17:08:05.328 +05:30 [INF] Handled GetProductsQuery in 0ms
2026-07-24 17:08:05.329 +05:30 [INF] HTTP GET /api/products responded 200 in 0.5690 ms
2026-07-24 17:09:43.403 +05:30 [INF] Handling GetProfitLossReportQuery
2026-07-24 17:09:43.432 +05:30 [INF] Handled GetProfitLossReportQuery in 28ms
2026-07-24 17:09:43.432 +05:30 [INF] HTTP GET /api/reports/profit-loss responded 200 in 29.0618 ms
2026-07-24 17:09:45.552 +05:30 [INF] Handling GetPurchasesQuery
2026-07-24 17:09:45.552 +05:30 [INF] Handling GetSuppliersQuery
2026-07-24 17:09:45.565 +05:30 [INF] Handled GetPurchasesQuery in 13ms
2026-07-24 17:09:45.566 +05:30 [INF] HTTP GET /api/purchases responded 200 in 14.2959 ms
2026-07-24 17:09:45.566 +05:30 [INF] Handled GetSuppliersQuery in 14ms
2026-07-24 17:09:45.567 +05:30 [INF] HTTP GET /api/suppliers responded 200 in 15.0308 ms
2026-07-24 17:09:46.164 +05:30 [INF] Handling GetSuppliersQuery
2026-07-24 17:09:46.167 +05:30 [INF] Handled GetSuppliersQuery in 2ms
2026-07-24 17:09:46.167 +05:30 [INF] HTTP GET /api/suppliers responded 200 in 3.5146 ms
2026-07-24 17:09:47.463 +05:30 [INF] Handling GetSalesQuery
2026-07-24 17:09:47.470 +05:30 [INF] Handled GetSalesQuery in 6ms
2026-07-24 17:09:47.471 +05:30 [INF] HTTP GET /api/sales responded 200 in 8.0216 ms
2026-07-24 17:09:59.848 +05:30 [INF] Handling SearchProductsQuery
2026-07-24 17:09:59.882 +05:30 [INF] Handled SearchProductsQuery in 34ms
2026-07-24 17:09:59.883 +05:30 [INF] HTTP GET /api/products/search responded 200 in 40.2554 ms
2026-07-24 17:10:01.816 +05:30 [INF] Handling SearchProductsQuery
2026-07-24 17:10:01.818 +05:30 [INF] Handled SearchProductsQuery in 1ms
2026-07-24 17:10:01.818 +05:30 [INF] HTTP GET /api/products/search responded 200 in 2.5514 ms
2026-07-24 17:10:14.041 +05:30 [INF] HTTP POST /api/sales responded 400 in 15.3903 ms
2026-07-24 17:12:59.139 +05:30 [INF] HTTP POST /api/sales responded 400 in 5.6342 ms
2026-07-24 17:13:18.899 +05:30 [INF] HTTP POST /api/sales responded 400 in 3.3645 ms
2026-07-24 17:13:33.570 +05:30 [INF] Handling GetCustomersQuery
2026-07-24 17:13:33.599 +05:30 [INF] Handled GetCustomersQuery in 29ms
2026-07-24 17:13:33.600 +05:30 [INF] HTTP GET /api/customers responded 200 in 30.4003 ms
2026-07-24 17:13:41.826 +05:30 [INF] Handling GetSalesQuery
2026-07-24 17:13:41.849 +05:30 [INF] Handled GetSalesQuery in 23ms
2026-07-24 17:13:41.850 +05:30 [INF] HTTP GET /api/sales responded 200 in 24.4536 ms
2026-07-24 17:13:53.709 +05:30 [INF] Handling GetSaleByIdQuery
2026-07-24 17:13:53.743 +05:30 [INF] Handled GetSaleByIdQuery in 33ms
2026-07-24 17:13:53.743 +05:30 [INF] HTTP GET /api/sales/dbceaac6-2d56-407c-837a-e6d74d38f46b responded 200 in 39.3291 ms
2026-07-24 17:14:40.139 +05:30 [INF] HTTP GET /api/products responded 401 in 21.2639 ms
2026-07-24 17:14:40.314 +05:30 [INF] HTTP POST /api/auth/refresh responded 200 in 152.1445 ms
2026-07-24 17:14:40.325 +05:30 [INF] Handling GetProductsQuery
2026-07-24 17:14:40.355 +05:30 [INF] Handled GetProductsQuery in 30ms
2026-07-24 17:14:40.356 +05:30 [INF] HTTP GET /api/products responded 200 in 31.6929 ms
2026-07-24 17:14:56.797 +05:30 [INF] Handling GetDashboardQuery
2026-07-24 17:14:56.924 +05:30 [INF] Handled GetDashboardQuery in 126ms
2026-07-24 17:14:56.925 +05:30 [INF] HTTP GET /api/dashboard responded 200 in 128.4212 ms
2026-07-24 17:15:06.063 +05:30 [INF] Handling GetSalesQuery
2026-07-24 17:15:06.068 +05:30 [INF] Handled GetSalesQuery in 4ms
2026-07-24 17:15:06.068 +05:30 [INF] HTTP GET /api/sales responded 200 in 5.2977 ms
2026-07-24 17:15:10.929 +05:30 [INF] Handling GetSaleByIdQuery
2026-07-24 17:15:11.009 +05:30 [INF] Handled GetSaleByIdQuery in 79ms
2026-07-24 17:15:11.009 +05:30 [INF] HTTP GET /api/sales/ebf0c24e-50b0-4b2f-92e0-976da4c059ea responded 200 in 80.5742 ms
2026-07-24 17:15:45.760 +05:30 [INF] Handling GetPurchasesQuery
2026-07-24 17:15:45.763 +05:30 [INF] Handling GetSuppliersQuery
2026-07-24 17:15:45.791 +05:30 [INF] Handled GetPurchasesQuery in 30ms
2026-07-24 17:15:45.791 +05:30 [INF] HTTP GET /api/purchases responded 200 in 31.5639 ms
2026-07-24 17:15:45.799 +05:30 [INF] Handled GetSuppliersQuery in 36ms
2026-07-24 17:15:45.800 +05:30 [INF] HTTP GET /api/suppliers responded 200 in 37.5320 ms
2026-07-24 17:15:54.204 +05:30 [INF] HTTP POST /api/auth/logout responded 200 in 33.1202 ms
2026-07-24 17:22:01.787 +05:30 [INF] HTTP POST /api/auth/login responded 200 in 324.5874 ms
2026-07-24 17:28:04.523 +05:30 [INF] Handling GetProductsQuery
2026-07-24 17:28:04.587 +05:30 [INF] Handled GetProductsQuery in 65ms
2026-07-24 17:28:04.593 +05:30 [INF] HTTP GET /api/products responded 200 in 96.2057 ms
2026-07-24 17:28:48.401 +05:30 [INF] HTTP POST /api/auth/login responded 200 in 639.0419 ms
2026-07-24 17:28:48.711 +05:30 [INF] Handling GetDashboardQuery
2026-07-24 17:28:48.818 +05:30 [INF] Handled GetDashboardQuery in 107ms
2026-07-24 17:28:48.824 +05:30 [INF] HTTP GET /api/dashboard responded 200 in 119.4492 ms
2026-07-24 17:28:54.205 +05:30 [INF] Handling GetSuppliersQuery
2026-07-24 17:28:54.206 +05:30 [INF] Handling GetPurchasesQuery
2026-07-24 17:28:54.223 +05:30 [INF] Handled GetSuppliersQuery in 17ms
2026-07-24 17:28:54.225 +05:30 [INF] HTTP GET /api/suppliers responded 200 in 21.1680 ms
2026-07-24 17:28:54.233 +05:30 [INF] Handled GetPurchasesQuery in 27ms
2026-07-24 17:28:54.236 +05:30 [INF] HTTP GET /api/purchases responded 200 in 33.3815 ms
2026-07-24 17:28:58.045 +05:30 [INF] Handling GetCustomersQuery
2026-07-24 17:28:58.061 +05:30 [INF] Handled GetCustomersQuery in 16ms
2026-07-24 17:28:58.064 +05:30 [INF] HTTP GET /api/customers responded 200 in 23.0719 ms
2026-07-24 17:29:01.758 +05:30 [INF] Handling SearchProductsQuery
2026-07-24 17:29:01.810 +05:30 [INF] Handled SearchProductsQuery in 51ms
2026-07-24 17:29:01.810 +05:30 [INF] HTTP GET /api/products/search responded 200 in 59.7590 ms
2026-07-24 17:29:11.190 +05:30 [INF] Handling CreateSaleCommand
2026-07-24 17:29:11.913 +05:30 [INF] Handled CreateSaleCommand in 723ms
2026-07-24 17:29:11.917 +05:30 [INF] HTTP POST /api/sales responded 200 in 1153.4919 ms
2026-07-24 17:29:11.980 +05:30 [INF] Handling GetSaleByIdQuery
2026-07-24 17:29:12.022 +05:30 [INF] Handled GetSaleByIdQuery in 41ms
2026-07-24 17:29:12.024 +05:30 [INF] HTTP GET /api/sales/63678f19-2b09-4dc6-b1c2-fb906435afd8 responded 422 in 46.4179 ms
2026-07-24 17:29:13.042 +05:30 [INF] Handling GetSaleByIdQuery
2026-07-24 17:29:13.069 +05:30 [INF] Handled GetSaleByIdQuery in 27ms
2026-07-24 17:29:13.069 +05:30 [INF] HTTP GET /api/sales/63678f19-2b09-4dc6-b1c2-fb906435afd8 responded 422 in 28.8415 ms
2026-07-24 17:29:21.145 +05:30 [INF] Handling GetSalesQuery
2026-07-24 17:29:21.169 +05:30 [INF] Handled GetSalesQuery in 23ms
2026-07-24 17:29:21.169 +05:30 [INF] HTTP GET /api/sales responded 200 in 36.6083 ms
2026-07-24 17:29:28.006 +05:30 [INF] Handling GetSaleByIdQuery
2026-07-24 17:29:28.019 +05:30 [INF] Handled GetSaleByIdQuery in 13ms
2026-07-24 17:29:28.020 +05:30 [INF] HTTP GET /api/sales/ef6e9bed-57a5-4a5a-ac45-3b8669202025 responded 200 in 14.9458 ms
2026-07-24 17:29:31.333 +05:30 [INF] Handling GetDashboardQuery
2026-07-24 17:29:31.430 +05:30 [INF] Handled GetDashboardQuery in 96ms
2026-07-24 17:29:31.430 +05:30 [INF] HTTP GET /api/dashboard responded 200 in 97.3628 ms
2026-07-24 17:29:34.691 +05:30 [INF] Handling GetSuppliersQuery
2026-07-24 17:29:34.705 +05:30 [INF] Handled GetSuppliersQuery in 14ms
2026-07-24 17:29:34.706 +05:30 [INF] HTTP GET /api/suppliers responded 200 in 16.4052 ms
2026-07-24 17:29:53.218 +05:30 [INF] Handling SearchProductsQuery
2026-07-24 17:29:53.247 +05:30 [INF] Handled SearchProductsQuery in 28ms
2026-07-24 17:29:53.247 +05:30 [INF] HTTP GET /api/products/search responded 200 in 29.6438 ms
2026-07-24 17:30:11.736 +05:30 [INF] Handling CreateSaleCommand
2026-07-24 17:30:12.304 +05:30 [INF] Handled CreateSaleCommand in 568ms
2026-07-24 17:30:12.304 +05:30 [INF] HTTP POST /api/sales responded 200 in 574.3637 ms
2026-07-24 17:30:12.336 +05:30 [INF] Handling GetSaleByIdQuery
2026-07-24 17:30:12.340 +05:30 [INF] Handled GetSaleByIdQuery in 3ms
2026-07-24 17:30:12.340 +05:30 [INF] HTTP GET /api/sales/daece4d4-3d4b-4414-a0e4-24af52924e35 responded 422 in 4.2918 ms
2026-07-24 17:30:13.363 +05:30 [INF] Handling GetSaleByIdQuery
2026-07-24 17:30:13.373 +05:30 [INF] Handled GetSaleByIdQuery in 10ms
2026-07-24 17:30:13.373 +05:30 [INF] HTTP GET /api/sales/daece4d4-3d4b-4414-a0e4-24af52924e35 responded 422 in 10.9263 ms
2026-07-24 17:30:27.480 +05:30 [INF] Handling CreateSaleCommand
2026-07-24 17:30:27.638 +05:30 [INF] Handled CreateSaleCommand in 158ms
2026-07-24 17:30:27.638 +05:30 [INF] HTTP POST /api/sales responded 200 in 162.2153 ms
2026-07-24 17:31:57.613 +05:30 [INF] Handling GetDashboardQuery
2026-07-24 17:31:57.702 +05:30 [INF] Handled GetDashboardQuery in 89ms
2026-07-24 17:31:57.703 +05:30 [INF] HTTP GET /api/dashboard responded 200 in 90.5465 ms
2026-07-24 17:32:00.715 +05:30 [INF] Handling GetProfitLossReportQuery
2026-07-24 17:32:00.776 +05:30 [INF] Handled GetProfitLossReportQuery in 61ms
2026-07-24 17:32:00.777 +05:30 [INF] HTTP GET /api/reports/profit-loss responded 200 in 62.6899 ms
2026-07-24 17:35:38.858 +05:30 [INF] Handling GetCustomersQuery
2026-07-24 17:35:38.935 +05:30 [INF] Handled GetCustomersQuery in 77ms
2026-07-24 17:35:38.939 +05:30 [INF] HTTP GET /api/customers responded 200 in 92.1358 ms
2026-07-24 17:35:40.253 +05:30 [INF] Handling GetPurchasesQuery
2026-07-24 17:35:40.255 +05:30 [INF] Handling GetSuppliersQuery
2026-07-24 17:35:40.270 +05:30 [INF] Handled GetPurchasesQuery in 16ms
2026-07-24 17:35:40.272 +05:30 [INF] HTTP GET /api/purchases responded 200 in 21.5362 ms
2026-07-24 17:35:40.275 +05:30 [INF] Handled GetSuppliersQuery in 19ms
2026-07-24 17:35:40.275 +05:30 [INF] HTTP GET /api/suppliers responded 200 in 21.4407 ms
2026-07-24 17:35:42.182 +05:30 [INF] Handling GetProductsQuery
2026-07-24 17:35:42.202 +05:30 [INF] Handled GetProductsQuery in 19ms
2026-07-24 17:35:42.204 +05:30 [INF] HTTP GET /api/products responded 200 in 24.2187 ms
2026-07-24 17:35:47.634 +05:30 [INF] Handling GetSalesQuery
2026-07-24 17:35:47.692 +05:30 [INF] Handled GetSalesQuery in 58ms
2026-07-24 17:35:47.696 +05:30 [INF] HTTP GET /api/sales responded 200 in 62.5943 ms
2026-07-24 17:35:51.329 +05:30 [INF] Handling GetProductsQuery
2026-07-24 17:35:51.367 +05:30 [INF] Handled GetProductsQuery in 38ms
2026-07-24 17:35:51.368 +05:30 [INF] HTTP GET /api/products responded 200 in 42.4575 ms
2026-07-24 17:35:53.523 +05:30 [INF] Handling GetCustomersQuery
2026-07-24 17:35:53.527 +05:30 [INF] Handled GetCustomersQuery in 3ms
2026-07-24 17:35:53.527 +05:30 [INF] HTTP GET /api/customers responded 200 in 4.5028 ms
2026-07-24 17:35:55.143 +05:30 [INF] Handling SearchProductsQuery
2026-07-24 17:35:55.162 +05:30 [INF] Handled SearchProductsQuery in 19ms
2026-07-24 17:35:55.163 +05:30 [INF] HTTP GET /api/products/search responded 200 in 22.4479 ms
2026-07-24 17:36:09.431 +05:30 [INF] Handling CreateSaleCommand
2026-07-24 17:36:09.590 +05:30 [INF] Handled CreateSaleCommand in 159ms
2026-07-24 17:36:09.594 +05:30 [INF] HTTP POST /api/sales responded 200 in 178.3875 ms
2026-07-24 17:36:09.671 +05:30 [INF] Handling GetSaleByIdQuery
2026-07-24 17:36:09.673 +05:30 [INF] Handled GetSaleByIdQuery in 2ms
2026-07-24 17:36:09.675 +05:30 [INF] HTTP GET /api/sales/8f53aae4-b298-4db6-ac1e-ced749249ea2 responded 422 in 5.4789 ms
2026-07-24 17:36:10.699 +05:30 [INF] Handling GetSaleByIdQuery
2026-07-24 17:36:10.714 +05:30 [INF] Handled GetSaleByIdQuery in 14ms
2026-07-24 17:36:10.714 +05:30 [INF] HTTP GET /api/sales/8f53aae4-b298-4db6-ac1e-ced749249ea2 responded 422 in 16.1201 ms
2026-07-24 21:13:38.752 +05:30 [INF] HTTP GET /api/sales/8f53aae4-b298-4db6-ac1e-ced749249ea2 responded 401 in 196.4852 ms
2026-07-24 21:13:39.537 +05:30 [INF] HTTP POST /api/auth/refresh responded 200 in 761.9759 ms
2026-07-24 21:13:39.560 +05:30 [INF] Handling GetSaleByIdQuery
2026-07-24 21:13:39.622 +05:30 [INF] Handled GetSaleByIdQuery in 62ms
2026-07-24 21:13:39.624 +05:30 [INF] HTTP GET /api/sales/8f53aae4-b298-4db6-ac1e-ced749249ea2 responded 422 in 70.8254 ms
2026-07-24 21:13:43.386 +05:30 [INF] Handling GetDashboardQuery
2026-07-24 21:13:43.567 +05:30 [INF] Handled GetDashboardQuery in 181ms
2026-07-24 21:13:43.569 +05:30 [INF] HTTP GET /api/dashboard responded 200 in 187.0806 ms
2026-07-24 21:13:46.145 +05:30 [INF] Handling GetSuppliersQuery
2026-07-24 21:13:46.172 +05:30 [INF] Handled GetSuppliersQuery in 26ms
2026-07-24 21:13:46.173 +05:30 [INF] HTTP GET /api/suppliers responded 200 in 33.8668 ms
2026-07-24 21:13:47.288 +05:30 [INF] Handling GetCustomersQuery
2026-07-24 21:13:47.320 +05:30 [INF] Handled GetCustomersQuery in 32ms
2026-07-24 21:13:47.322 +05:30 [INF] HTTP GET /api/customers responded 200 in 35.1983 ms
2026-07-24 21:13:48.239 +05:30 [INF] Handling GetSalesQuery
2026-07-24 21:13:48.267 +05:30 [INF] Handled GetSalesQuery in 27ms
2026-07-24 21:13:48.269 +05:30 [INF] HTTP GET /api/sales responded 200 in 30.7516 ms
2026-07-24 21:13:49.271 +05:30 [INF] Handling GetCustomersQuery
2026-07-24 21:13:49.304 +05:30 [INF] Handled GetCustomersQuery in 32ms
2026-07-24 21:13:49.304 +05:30 [INF] HTTP GET /api/customers responded 200 in 33.6942 ms
2026-07-24 21:14:00.920 +05:30 [INF] Handling SearchProductsQuery
2026-07-24 21:14:00.967 +05:30 [INF] Handled SearchProductsQuery in 47ms
2026-07-24 21:14:00.968 +05:30 [INF] HTTP GET /api/products/search responded 200 in 48.5343 ms
2026-07-24 21:14:45.579 +05:30 [INF] Handling CreateSaleCommand
2026-07-24 21:14:45.931 +05:30 [INF] Handled CreateSaleCommand in 352ms
2026-07-24 21:14:45.932 +05:30 [INF] HTTP POST /api/sales responded 200 in 384.4983 ms
2026-07-24 21:14:46.004 +05:30 [INF] Handling GetSaleByIdQuery
2026-07-24 21:14:46.010 +05:30 [INF] Handled GetSaleByIdQuery in 5ms
2026-07-24 21:14:46.010 +05:30 [INF] HTTP GET /api/sales/4b072b12-9230-48fc-ba04-e26ae7a42e71 responded 422 in 6.6715 ms
2026-07-24 21:14:47.027 +05:30 [INF] Handling GetSaleByIdQuery
2026-07-24 21:14:47.074 +05:30 [INF] Handled GetSaleByIdQuery in 46ms
2026-07-24 21:14:47.074 +05:30 [INF] HTTP GET /api/sales/4b072b12-9230-48fc-ba04-e26ae7a42e71 responded 422 in 47.1768 ms
2026-07-24 21:14:52.261 +05:30 [INF] Handling GetSalesQuery
2026-07-24 21:14:52.278 +05:30 [INF] Handled GetSalesQuery in 17ms
2026-07-24 21:14:52.280 +05:30 [INF] HTTP GET /api/sales responded 200 in 19.2240 ms
2026-07-24 21:15:02.079 +05:30 [INF] Handling GetSaleByIdQuery
2026-07-24 21:15:02.128 +05:30 [INF] Handled GetSaleByIdQuery in 49ms
2026-07-24 21:15:02.129 +05:30 [INF] HTTP GET /api/sales/8070c8f5-a81e-40d8-9e41-8e1c65d53461 responded 200 in 51.4180 ms
2026-07-24 21:16:24.037 +05:30 [INF] Handling CancelSaleCommand
2026-07-24 21:16:24.122 +05:30 [INF] Handled CancelSaleCommand in 86ms
2026-07-24 21:16:24.124 +05:30 [INF] HTTP POST /api/sales/8070c8f5-a81e-40d8-9e41-8e1c65d53461/cancel responded 200 in 269.6973 ms
2026-07-24 21:16:24.147 +05:30 [INF] Handling GetSaleByIdQuery
2026-07-24 21:16:24.167 +05:30 [INF] Handled GetSaleByIdQuery in 20ms
2026-07-24 21:16:24.167 +05:30 [INF] HTTP GET /api/sales/8070c8f5-a81e-40d8-9e41-8e1c65d53461 responded 200 in 21.2693 ms
2026-07-24 21:16:35.834 +05:30 [INF] Handling GetSalesQuery
2026-07-24 21:16:35.840 +05:30 [INF] Handled GetSalesQuery in 6ms
2026-07-24 21:16:35.840 +05:30 [INF] HTTP GET /api/sales responded 200 in 6.6930 ms
2026-07-24 21:16:58.526 +05:30 [INF] Handling GetSaleByIdQuery
2026-07-24 21:16:58.561 +05:30 [INF] Handled GetSaleByIdQuery in 35ms
2026-07-24 21:16:58.562 +05:30 [INF] HTTP GET /api/sales/ebf0c24e-50b0-4b2f-92e0-976da4c059ea responded 200 in 36.1216 ms
